"download_url","aid","novel_link","match","title","author","publisher","status","update","length","tags","cover_url","description"
"https://raw.githubusercontent.com/ixinzhi/lightnovel-2025/master/吉永家的石像怪 - 田口仙年堂 - 20251209.epub",129,"https://www.wenku8.net/book/129.htm","title+author","吉永家的石像怪","田口仙年堂","Fami通文库","已完结","2026-06-14","1294892","奇幻 欢乐向 人外","http://img.wenku8.com/image/0/129/129s.jpg","御色町是一个平凡又和平的小镇，这里住着一个特别的家族吉永家。有一天吉永家的长女吉永双叶抽中商店街的奖品。那个奖品就是一只会说话的狗石像。就在这一天，吉永家和御色町的居民的生活变得多采多姿。本作品叙述了会说话的狗石雕像加古鲁担任吉永家的护卫为中心，与御色町的居民与商店街的故事。"
"https://raw.githubusercontent.com/ixinzhi/lightnovel-2025/master/六百六十元的实情 - 入间人间 - 20251201.epub",1054,"https://www.wenku8.net/book/1054.htm","title+author","六百六十元的实情","入间人间","电击文库","已完结","2026-03-01","161094","青春 群像","http://img.wenku8.com/image/1/1054/1054s.jpg","世上所存在的引力，绝对是抱着好玩的心态在配置城市里人们的位置吧！
「你会做猪排盖饭吗？」
BBS上一则看似平淡的留言，牵引起五个不同的人生。
当这些人生相互交集，彼此间将擦撞出怎么样的火花？
同学、情人、父子、母女，在形形色色、各式各样的关系中，一碗猪摊盖饭，究竟能够引发多少事件？擅长以独特叙事风格描写青春群像剧的入间人间，此次尝试以日常生活为题材，描述一群因BBS上的一句话而相亘连结的人，彼此间的故事。跨越年龄的青春群像剧，就由一碗猪排盖饭展开——"
"https://raw.githubusercontent.com/ixinzhi/lightnovel-2025/master/七姬物语 - 高野和 - 20251005.epub",82,"https://www.wenku8.net/book/82.htm","title+author","七姬物语","高野和","电击文库","已完结","2025-10-05","760039","战争 百合 女性视角","http://img.wenku8.com/image/0/82/82s.jpg","第9届电击电玩小说大赏〈金赏〉。
大陆一角的七座主要都市，为了取得统一全国的大义名分，先后拥立据说是先王后裔的七名公主。其中一名公主就是被选出来装扮成七宫贺川公主的九岁孤儿空澄──支持她的人则是武将特恩．凤以及和军师杜艾尔．道。
虽然这两个人都是来历不明的大骗子，但是空澄觉得能够和高兴谈论「三个人一起取得天下！」的他们在一起是件幸福的事。但就在她十二岁的那一年，邻近的鼓城出兵攻打贺川……"
"https://raw.githubusercontent.com/ixinzhi/lightnovel-2025/master/小梅，好想诅咒 - 藤崎翔 - 20250823.epub",4025,"https://www.wenku8.net/book/4025.htm","title+author","小梅，好想诅咒","藤崎翔","其他文库","连载中","2025-08-23","119K","奇幻 欢乐向","http://img.wenku8.com/image/4/4025/4025s.jpg","在拆除古老民宅时发现的神秘日本人偶，竟然是曾经让战国大名灭亡的诅咒人偶小梅！
出…"
"https://raw.githubusercontent.com/ixinzhi/lightnovel-2025/master/魔女不受项圈束缚(项圈套不住魔女) - 梦见夕利 - 20250811.epub",3601,"https://www.wenku8.net/book/3601.htm","title+author","魔女不受项圈束缚(项圈套不住魔女)","梦见夕利","电击文库","连载中","2025-08-11","177K","奇幻 魔法 战斗 恋爱 职场","http://img.wenku8.com/image/3/3601/3601s.jpg","我只有一个期望，那就是「乐趣」。
随着原先由贵族阶级垄断的魔术逐渐普及大众，犯罪…"
"https://raw.githubusercontent.com/ixinzhi/lightnovel-2025/master/心上人的妹妹(我心爱之人的妹妹) - 犬甘あんず - 20250803.epub",3763,"https://www.wenku8.net/book/3763.htm","title+author","心上人的妹妹(我心爱之人的妹妹)","犬甘あんず","角川文库","已完结","2025-08-03","320K","校园 青春 恋爱 百合 女性视角","http://img.wenku8.com/image/3/3763/3763s.jpg","我，雨宫结叶向初恋对象花房渚告白……结果被拒绝了。无法割舍这份感情的我一直闷闷不…"
"https://raw.githubusercontent.com/ixinzhi/lightnovel-2025/master/学校的阶梯 - 棹末高彰 - 20250726.epub",44,"https://www.wenku8.net/book/44.htm","title+author","学校的阶梯","棹末高彰","Fami通文库","已完结","2026-03-25","1316K","校园 竞技 青春 恋爱","http://img.wenku8.com/image/0/44/44s.jpg","春季──为了要能够轻松渡过高中生活，神庭幸宏正忙着寻找容易摸鱼的社团加入。
某日…"
"https://raw.githubusercontent.com/ixinzhi/lightnovel-2025/master/魔法少女奈叶 - 都筑真纪 - 20250615.epub",94,"https://www.wenku8.net/book/94.htm","title+author","魔法少女奈叶","都筑真纪","其他文库","已完结/ 已动画化","2025-06-15","67K","奇幻 魔法 冒险 战斗","http://img.wenku8.com/image/0/94/94s.jpg","平凡的小学三年生高町奈叶，发现从异世界米得基鲁达来的尤诺·斯克莱亚受伤而倒下。他…"
"https://raw.githubusercontent.com/ixinzhi/lightnovel-2025/master/Angel Beats! -Track Zero- - 麻枝准 - 20250525.epub",874,"https://www.wenku8.net/book/874.htm","title+author","Angel Beats! -Track Zero-","麻枝准","电击文库","已完结/ 已动画化","2025-05-25","82K","奇幻 青春 战斗 恋爱 末日","http://img.wenku8.com/image/0/874/874s.jpg","Angel Beats!前传小说《Angel Beats!-Track ZERO-》，收录了第1话《两人的火箭》、第2…"
"https://raw.githubusercontent.com/ixinzhi/lightnovel-2025/master/污秽的圣地巡礼(关于污秽之地的圣地巡礼) - 背筋 - 20250506.epub",3939,"https://www.wenku8.net/book/3939.htm","title+author","污秽的圣地巡礼(关于污秽之地的圣地巡礼)","背筋","角川文库","已完结","2025-05-06","118K","奇幻 悬疑 惊悚","http://img.wenku8.com/image/3/3939/3939s.jpg","变态小屋【栃木】、天国医院【埼玉】，和网络爆红话题「气球男」……
「胆大直播主」…"
"https://raw.githubusercontent.com/ixinzhi/lightnovel-2025/master/断章格林童话 - 甲田学人 - 20250505.epub",802,"https://www.wenku8.net/book/802.htm","title+author","断章格林童话","甲田学人","电击文库","已完结","2025-05-05","1406K","奇幻 黑暗 猎奇","http://img.wenku8.com/image/0/802/802s.jpg","有言道：存在于这个世界上的怪奇现象都是“神之噩梦”的碎片。当噩梦的泡沫浮现在人类…"
"https://raw.githubusercontent.com/ixinzhi/lightnovel-2025/master/碧阳学园学生会议事录(学生会的一己之见) - 葵关南 - 20250430.epub",7,"https://www.wenku8.net/book/7.htm","title+author","碧阳学园学生会议事录(学生会的一己之见)","葵关南","富士见文库","已完结/ 已动画化","2025-04-30","2298K","校园 青春 欢乐向 后宫 青梅竹马","http://img.wenku8.com/image/0/7/7s.jpg","私立碧阳学园学生会办公室──那是天选之人才能进入的圣域，同时也是乐园。
学生会成…"
"https://raw.githubusercontent.com/ixinzhi/lightnovel-2025/master/Little Busters！小小破坏者 - 系井健一 - 20250420.epub",111,"https://www.wenku8.net/book/111.htm","title+author","Little Busters！小小破坏者","系井健一","其他文库","已完结/ 已动画化","2025-04-20","243K","校园 青春 欢乐向 后宫 青梅竹马","http://img.wenku8.com/image/0/111/111s.jpg","直枝理树自幼父母双亡。而将他从绝望的黑暗中拯救出来的则是名为Little Busters的少年…"
"https://raw.githubusercontent.com/ixinzhi/lightnovel-2025/master/29与JK - 裕时悠示 - 20250310.epub",2112,"https://www.wenku8.net/book/2112.htm","title+author","29与JK","裕时悠示","GA文库","连载中","2025-03-10","856K","欢乐向 恋爱 后宫 青梅竹马 JK","http://img.wenku8.com/image/2/2112/2112s.jpg","枪羽锐二是个眼神虽然令人退避三舍，不过在公司则受到另眼看待的29岁社畜。
他喜欢电…"
"https://raw.githubusercontent.com/ixinzhi/lightnovel-2025/master/0能者九条凑 - 叶山透 - 20250309.epub",1279,"https://www.wenku8.net/book/1279.htm","title+author","0能者九条凑","叶山透","电击文库","连载中","2025-03-09","1007K","奇幻 异能 恋爱","http://img.wenku8.com/image/1/1279/1279s.jpg","科学发展兴盛至极的时代。
然而在这样的时代，仍有许多异形悄悄潜伏于各处，知其存在…"
"https://raw.githubusercontent.com/ixinzhi/lightnovel-2025/master/月界金融末世录 - 支仓冻砂 - 20250128.epub",2125,"https://www.wenku8.net/book/2125.htm","title+author","月界金融末世录","支仓冻砂","电击文库","已完结","2025-01-28","933K","科幻 职场 青春 恋爱 战斗","http://img.wenku8.com/image/2/2125/2125s.jpg","这是位在人类边境，埋没整个月面都市的摩天大楼间，许多人们追寻渺远梦想的时代。而在…"
"https://raw.githubusercontent.com/ixinzhi/lightnovel-2025/master/刀剑神域外传 推理迷宫 迷宫馆杀人事件 - 绀野天龙 - 20250114.epub",3846,"https://www.wenku8.net/book/3846.htm","title+author","刀剑神域外传 推理迷宫 迷宫馆杀人事件","绀野天龙","电击文库","已完结","2025-01-14","126K","科幻 冒险 悬疑","http://img.wenku8.com/image/3/3846/3846s.jpg","以SAO为舞台而送上的另一掣死亡游戏」！
破关前不可能脱离，结束游戏意味着真正的「死…"
"https://raw.githubusercontent.com/ixinzhi/lightnovel-2024/master/东方香霖堂~curiosties of lotus asia~ - zun - 20241221.epub",935,"https://www.wenku8.net/book/935.htm","title+author","东方香霖堂~curiosties of lotus asia~","zun","电击文库","已完结","2024-12-21","162K","奇幻","http://img.wenku8.com/image/0/935/935s.jpg","银装素裹的冬季的幻想乡。这一天，巫女又来造访了名为“香霖堂”的道具屋的主人——森…"
"https://raw.githubusercontent.com/ixinzhi/lightnovel-2024/master/处刑少女的生存之道 - 佐藤真登 - 20241209.epub",2651,"https://www.wenku8.net/book/2651.htm","title+author","处刑少女的生存之道","佐藤真登","GA文库","连载中/ 已动画化","2024-12-09","819K","穿越 异能 冒险 战斗 百合 女性视角","http://img.wenku8.com/image/2/2651/2651s.jpg","这个世界，会出现来自异世界日本的「迷途人」。由于过去曾经有失控的迷途人引发世界性…"
"https://raw.githubusercontent.com/ixinzhi/lightnovel-2024/master/反派千金与反派少爷若是在相遇后坠入情网 - 榛名井 - 20241019.epub",3718,"https://www.wenku8.net/book/3718.htm","title_only","反派千金与反派少爷若是在相遇后坠入情网","榛名丼","GA文库","连载中","2026-05-18","368K","奇幻 魔法 校园 恋爱 大小姐 女性视角","http://img.wenku8.com/image/3/3718/3718s.jpg","千金布莉吉特虽是贵族出身，却因为与被称为「无名」的最弱精灵签约而成绩吊车尾，第三…"
"https://raw.githubusercontent.com/ixinzhi/lightnovel-2024/master/乘着风与鲁特琴的旋律 - 健速 - 20240808.epub",1688,"https://www.wenku8.net/book/1688.htm","title+author","乘着风与鲁特琴的旋律","健速","其他文库","连载中","2024-08-08","283K","奇幻 魔法 战斗 后宫 青梅竹马","http://img.wenku8.com/image/1/1688/1688s.jpg","魔王大战结束两百周年，弗雷斯兰王国正紧锣密鼓地准备纪念典礼。
第一公主赛蕾丝与她…"
"https://raw.githubusercontent.com/ixinzhi/lightnovel-2024/master/机动战士高达 UNICORN 0096 - 福井晴敏 - 20240721.epub",839,"https://www.wenku8.net/book/839.htm","title+author","机动战士高达 UNICORN 0096","福井晴敏","角川文库","已完结","2024-07-21","1307K","科幻 机战 战争","http://img.wenku8.com/image/0/839/839s.jpg","自从人类安排过度增长的人口移民至宇宙以来，已经过了一个世纪。
住在工业殖民卫星的…"
"https://raw.githubusercontent.com/ixinzhi/lightnovel-2024/master/罪恶王冠 - ゆうきりん - 20240712.epub",1206,"https://www.wenku8.net/book/1206.htm","title_only","罪恶王冠","ゆうきりん","其他文库","已完结/ 已动画化","2024-07-12","364K","科幻 异能 战斗 恋爱","http://img.wenku8.com/image/1/1206/1206s.jpg","2039年，日本处于无政府状态，并受GHQ统治。为将这样的日本从GHQ的统治中解放出来，拥…"
"https://raw.githubusercontent.com/ixinzhi/lightnovel-2024/master/侦探·花咲太郎 - 入间人间 - 20240611.epub",1050,"https://www.wenku8.net/book/1050.htm","title+author","侦探·花咲太郎","入间人间","电击文库","已完结","2024-06-11","228K","悬疑 恋爱","http://img.wenku8.com/image/1/1050/1050s.jpg","我的名字是花咲太郎。是个侦探。在外遇调查都算是大事件的事务所工作，每天都从早到晚…"
"https://raw.githubusercontent.com/ixinzhi/lightnovel-2024/master/全金属狂潮！Family - 贺东招二 - 20240326.epub",3628,"https://www.wenku8.net/book/3628.htm","title+author","惊爆危机 Family(全金属狂潮！Family)","贺东招二","富士见文库","连载中","2026-05-15","261K","科幻 战争 机战","http://img.wenku8.com/image/3/3628/3628s.jpg","「果然需要武器。衣柜里有，去拿过来。」
在那场赌上世界存亡的最终决战结束约二十年…"
"https://raw.githubusercontent.com/ixinzhi/lightnovel-2024/master/CODE GEASS 双貌的奥兹 - 森田繁 - 20240227.epub",1410,"https://www.wenku8.net/book/1410.htm","title+author","CODE GEASS 双貌的奥兹","森田繁","HJ文库","已完结","2024-02-27","202K","科幻 异能 机战 战争","http://img.wenku8.com/image/1/1410/1410s.jpg","皇历2017年。假面男「ZERO」所发动的大规模神圣布里塔尼亚反抗作战「黑色反叛」以失败…"
"https://raw.githubusercontent.com/ixinzhi/lightnovel-2024/master/伊里野的天空UFO的夏天 - 秋山瑞人 - 20240217.epub",37,"https://www.wenku8.net/book/37.htm","title+author","伊里野的天空UFO的夏天","秋山瑞人","电击文库","已完结/ 已动画化","2024-02-17","462K","校园 科幻 青春 恋爱","http://img.wenku8.com/image/0/37/37s.jpg","浅羽直之是园原中学校的二年级学生。隶属于非公认的游击新闻部的他，和部长水前寺邦博…"
"https://raw.githubusercontent.com/ixinzhi/lightnovel-2024/master/末日时在做什么？有没有空？可以来拯救吗？ - 枯野瑛 - 20240130.epub",2065,"https://www.wenku8.net/book/2065.htm","title+author","末日时在做什么？有没有空？可以来拯救吗？","枯野瑛","角川文库","已完结/ 已动画化","2024-01-30","600K","奇幻 战斗 黑暗 末日 恋爱 人外","http://img.wenku8.com/image/2/2065/2065s.jpg","★以人类灭亡后五百年的世界为舞台，妖精少女与人类青年共同经历的日子。
「人类」遭…"
"https://raw.githubusercontent.com/ixinzhi/lightnovel-2024/master/复制品的我也会谈恋爱(复制品也要谈恋爱) - 榛名井 - 20240127.epub",3469,"https://www.wenku8.net/book/3469.htm","title_only","复制品的我也会谈恋爱(复制品也要谈恋爱)","榛名丼","电击文库","连载中/ 已动画化","2026-08-09","460K","科幻 校园 青春 恋爱 女性视角","http://img.wenku8.com/image/3/3469/3469s.jpg","十六岁夏天，第一个青春。
身体不舒服的日子，有麻烦值日生工作的日子，要定期考试的…"
"https://raw.githubusercontent.com/ixinzhi/lightnovel-2024/master/说谎的男孩与坏掉的女孩 - 入间人间 - 20240123.epub",9,"https://www.wenku8.net/book/9.htm","title+author","说谎的男孩与坏掉的女孩","入间人间","电击文库","已完结","2024-01-23","1457K","校园 悬疑 黑暗 后宫 青梅竹马","http://img.wenku8.com/image/0/9/9s.jpg","御园麻由。
她是我的同学，既聪明又漂亮，是对我来说是很重要的人。她现在就坐在我旁…"
"https://raw.githubusercontent.com/ixinzhi/lightnovel-2023/master/双星的天剑使 - 七野りく - 20231218.epub",3380,"https://www.wenku8.net/book/3380.htm","title+author","双星的天剑士(双星的天剑使)","七野りく","富士见文库","连载中","2024-07-20","483K","穿越 战争 后宫 大小姐 妹妹 青梅竹马","http://img.wenku8.com/image/3/3380/3380s.jpg","年轻貌美的白玲是守护帝国北方边界的名家──张氏家族的千金，且不只精文通武、才貌双…"
"https://raw.githubusercontent.com/ixinzhi/lightnovel-2023/master/悲鸣传(传说系列) - 西尾维新 - 20231212.epub",1420,"https://www.wenku8.net/book/1420.htm","title+author","悲鸣传(传说系列)","西尾维新","讲谈社","连载中","2023-12-12","1567K","科幻 战斗 魔法","http://img.wenku8.com/image/1/1420/1420s.jpg","2012年10月25日，世界人口的1/3都在被称为“巨大悲鸣”的谜之灾害中死亡。半年后的201…"
"https://raw.githubusercontent.com/ixinzhi/lightnovel-2023/master/夏洛克+学园 - 纸城境介 - 20231130.epub",3553,"https://www.wenku8.net/book/3553.htm","title+author","夏洛克＋侦探学园(夏洛克+学园)","纸城境介","MF文库J","连载中","2026-08-15","702K","校园 悬疑 斗智 恋爱","http://img.wenku8.com/image/3/3553/3553s.jpg","时值侦探的全盛时期，同时也是犯罪的全盛时期。
为对抗与日俱增的凶恶犯罪，侦探一职…"
"https://raw.githubusercontent.com/ixinzhi/lightnovel-2023/master/复制品也要谈恋爱 - 榛名井 - 20231105.epub",3469,"https://www.wenku8.net/book/3469.htm","title_only","复制品的我也会谈恋爱(复制品也要谈恋爱)","榛名丼","电击文库","连载中/ 已动画化","2026-08-09","460K","科幻 校园 青春 恋爱 女性视角","http://img.wenku8.com/image/3/3469/3469s.jpg","十六岁夏天，第一个青春。
身体不舒服的日子，有麻烦值日生工作的日子，要定期考试的…"
"https://raw.githubusercontent.com/ixinzhi/lightnovel-2023/master/与幼小的你一起，将声音传到远方 - ツカサ - 20231001.epub",3396,"https://www.wenku8.net/book/3396.htm","title_only","与幼小的你一起，将声音传到远方","司","讲谈社","连载中","2024-09-01","206K","青春 音乐 欢乐向","http://img.wenku8.com/image/3/3396/3396s.jpg","曾在超人气乐队“Eternal Red”里担任主唱，失去曾经的歌声，而停止了活动的少年——藤…"
"https://raw.githubusercontent.com/ixinzhi/lightnovel-2023/master/神的记事本 - 杉井光 - 20230820.epub",16,"https://www.wenku8.net/book/16.htm","title+author","神的记事本","杉井光","电击文库","已完结/ 已动画化","2023-08-20","1227K","悬疑 奇幻 冒险 青春","http://img.wenku8.com/image/0/16/16s.jpg","「我可不是普通的侦探，是尼特族侦探。专长是搜寻全世界，找出死者的话语。」统率聚集…"
"https://raw.githubusercontent.com/ixinzhi/lightnovel-2023/master/CHAOS；CHILD 某情弱的记录 - 藤井三打 - 20230820.epub",2073,"https://www.wenku8.net/book/2073.htm","title+author","CHAOS；CHILD 某情弱的记录","藤井三打","电击文库","已完结/ 已动画化","2023-08-20","111K","科幻 悬疑 猎奇 惊悚 青梅竹马","http://img.wenku8.com/image/2/2073/2073s.jpg","被称为『新世代的疯狂』的猎奇连续杀人事件过去六年后。又连续有人『重蹈覆辙』，在与…"
"https://raw.githubusercontent.com/ixinzhi/lightnovel-2023/master/君若星辰 - 凪良ゆう - 20230804.epub",3499,"https://www.wenku8.net/book/3499.htm","title_only","宛如星辰的你(君若星辰)","凪良汐","讲谈社","已完结","2024-02-18","318K","青春 恋爱 黑暗","http://img.wenku8.com/image/3/3499/3499s.jpg","风光明媚的濑户内海岛屿上，高中生晓海和棹相遇了。
晓海的父亲住进情人家里，留下晓…"
"https://raw.githubusercontent.com/ixinzhi/lightnovel-2023/master/战国ぼっち - 泷津孝 - 20230721.epub",1704,"https://www.wenku8.net/book/1704.htm","title+author","战国ぼっち","泷津孝","其他文库","连载中","2023-07-21","120K","穿越 战争 后宫","http://img.wenku8.com/image/1/1704/1704s.jpg","“穷途末路了！现在这里已经全部塌陷，不管怎么看都像是牢狱一样……”
说因格外喜爱…"
"https://raw.githubusercontent.com/ixinzhi/lightnovel-2023/master/吹响吧！上低音号 - 武田绫乃 - 20230628.epub",2332,"https://www.wenku8.net/book/2332.htm","title+author","吹响吧！上低音号","武田绫乃","其他文库","已完结/ 已动画化","2023-06-28","1234K","校园 音乐 竞技 青春 女性视角 青梅竹马","http://img.wenku8.com/image/2/2332/2332s.jpg","「为什么只拿到金牌就高兴成这样？我们的目标明明是进军全国啊９
管乐大赛结束，久美…"
"https://raw.githubusercontent.com/ixinzhi/lightnovel-2023/master/骸骨骑士大人异世界冒险中 - 秤猿鬼 - 20230623.epub",2066,"https://www.wenku8.net/book/2066.htm","title+author","骸骨骑士大人异世界冒险中","秤猿鬼","其他文库","连载中/ 已动画化","2023-06-23","1423K","穿越 魔法 冒险 恋爱 人外 龙傲天","http://img.wenku8.com/image/2/2066/2066s.jpg","「亚克」玩线上RPG玩到睡著，一醒来发现自己以游戏角色的样貌，出现在未知的异世界。而…"
"https://raw.githubusercontent.com/ixinzhi/lightnovel-2023/master/亚尔斯兰战记 - 田中芳树 - 20230620.epub",213,"https://www.wenku8.net/book/213.htm","title+author","亚尔斯兰战记","田中芳树","其他文库","已完结/ 已动画化","2023-06-20","1471K","奇幻 战争","http://img.wenku8.com/image/0/213/213s.jpg","强盛的帕尔斯王国，因为链接东西方的大陆公路贯穿王国，故其文化和经济都非常繁盛，王…"
"https://raw.githubusercontent.com/ixinzhi/lightnovel-2023/master/美里住在猫猫的眼中 - 四季大雅 - 20230613.epub",3471,"https://www.wenku8.net/book/3471.htm","title+author","美里活在猫的眼眸里(美里住在猫猫的眼中)","四季大雅","电击文库","已完结","2024-08-03","124K","科幻 校园 青春 恋爱 悬疑","http://img.wenku8.com/image/3/3471/3471s.jpg","第29回电击小说大赏《金赏》获奖作
我与你分别，你与我相遇，于是舞台（故事）揭开序…"
"https://raw.githubusercontent.com/ixinzhi/lightnovel-2023/master/幻兽调查员 - 绫里惠史 - 20230612.epub",2097,"https://www.wenku8.net/book/2097.htm","title+author","幻兽调查员","绫里惠史","Fami通文库","已完结","2023-06-12","224K","悬疑 奇幻 旅行 黑暗 人外","http://img.wenku8.com/image/2/2097/2097s.jpg","袭击村庄却不取人性命的飞龙用意为何？
老人莫名陷入的猫妖精的审判将如何收场？
回…"
"https://raw.githubusercontent.com/ixinzhi/lightnovel-2023/master/Only Sense Online 绝对神境 - アロハ座长 - 20230605.epub",1730,"https://www.wenku8.net/book/1730.htm","title+author","Only Sense Online 绝对神境","アロハ座长","富士见文库","连载中","2023-06-05","1737K","科幻 魔法 战斗 伪娘 妹妹 青梅竹马","http://img.wenku8.com/image/1/1730/1730s.jpg","「ONLY SENSE ONLINE」──这是一款需要玩家拼凑、组合名为【天赋】的能力，以「独一无…"
"https://raw.githubusercontent.com/ixinzhi/lightnovel-2023/master/少年检阅官 - 北山猛邦 - 20230530.epub",1135,"https://www.wenku8.net/book/1135.htm","title+author","少年检阅官","北山猛邦","其他文库","已完结","2023-05-30","345K","悬疑 冒险","http://img.wenku8.com/image/1/1135/1135s.jpg","那是一个所有书籍都被禁止的年代，人们把战争、谋杀……都归咎到书本上，只要发现藏书…"
"https://raw.githubusercontent.com/ixinzhi/lightnovel-2023/master/死相学侦探 - 三津田信三 - 20230529.epub",2336,"https://www.wenku8.net/book/2336.htm","title+author","死相学侦探","三津田信三","角川文库","已完结","2023-05-29","948K","悬疑 奇幻","http://img.wenku8.com/image/2/2336/2336s.jpg","融合本格推理与你内心的恐惧，开启侦探小说的全新可能性。
弦矢俊一郎自幼即能看见依…"
"https://raw.githubusercontent.com/ixinzhi/lightnovel-2023/master/通往夏天的隧道，再见的出口 - 八目迷 - 20230527.epub",3027,"https://www.wenku8.net/book/3027.htm","title+author","通往夏天的隧道，再见的出口","八目迷","小学馆","已完结/ 已动画化","2023-05-27","115K","科幻 校园 青春 恋爱","http://img.wenku8.com/image/3/3027/3027s.jpg","「你知道浦岛隧道吗？据说只要进入那条隧道，就能得到任何想要的事物；但相对地，也会…"
"https://raw.githubusercontent.com/ixinzhi/lightnovel-2023/master/以死亡游戏为生。 - 鹈饲有志 - 20230509.epub",3453,"https://www.wenku8.net/book/3453.htm","title+author","靠死亡游戏混饭吃。(以死亡游戏为生。)","鹈饲有志","MF文库J","连载中/ 已动画化","2026-09-03","620K","黑暗 斗智 游戏 大逃杀 女性视角","http://img.wenku8.com/image/3/3453/3453s.jpg","醒来以后，发现自己人在陌生的洋楼，身上穿着不知何时换上的女仆装，而有同样遭遇的少…"
"https://raw.githubusercontent.com/ixinzhi/lightnovel-2023/master/我的怪物眷族 - 日暮眠都 - 20230424.epub",1970,"https://www.wenku8.net/book/1970.htm","title+author","我的怪物眷族","日暮眠都","其他文库","连载中","2023-04-24","1674K","穿越 战斗 恋爱 后宫 人外","http://img.wenku8.com/image/1/1970/1970s.jpg","落入异世界并遭同学背叛的高中生真岛孝弘，死前偶然独特的自身异能驯服怪物，成为怪物…"
"https://raw.githubusercontent.com/ixinzhi/lightnovel-2023/master/戏言系列 - 西尾维新 - 20230417.epub",17,"https://www.wenku8.net/book/17.htm","title+author","戏言系列","西尾维新","讲谈社","已完结/ 已动画化","2023-04-17","1569K","奇幻 悬疑 冒险 黑暗 惊悚","http://img.wenku8.com/image/0/17/17s.jpg","隐居在沧海孤岛的财团千金邀请「科学、绘画、料理、占卜、工程」五名「天才」女性做客…"
"https://raw.githubusercontent.com/ixinzhi/lightnovel-2023/master/直到与约定永远做朋友的女性朋友不再是朋友 - 岩柄イズカ - 20230407.epub",3084,"https://www.wenku8.net/book/3084.htm","title+author","直到与约定永远做朋友的女性朋友不再是朋友","岩柄イズカ","GA文库","已完结","2023-04-07","218K","校园 青春 恋爱","http://img.wenku8.com/image/3/3084/3084s.jpg","原以为游戏上的朋友是个男生，结果却是一个生着白头发、自卑内向的女孩子！？
这是一…"
"https://raw.githubusercontent.com/ixinzhi/lightnovel-2023/master/我的宠物是圣女大人 - ムク文鸟 - 20230327.epub",2119,"https://www.wenku8.net/book/2119.htm","title+author","我的宠物是圣女大人","ムク文鸟","其他文库","连载中","2023-03-27","110K","穿越 魔法 战斗 恋爱 人外","http://img.wenku8.com/image/2/2119/2119s.jpg","在一场车祸中失去了家人的高中生的辰巳，因最爱的宠物鹦鹉琪可的衰老死亡陷入失意的深…"
"https://raw.githubusercontent.com/ixinzhi/lightnovel-2023/master/我和女友的妹妹接吻了 - 海空陆 - 20230326.epub",2969,"https://www.wenku8.net/book/2969.htm","title+author","我和女友的妹妹接吻了","海空陆","GA文库","已完结","2023-03-26","336K","校园 青春 恋爱 后宫 妹妹","http://img.wenku8.com/image/2/2969/2969s.jpg","我和人生第一个恋人&#8231;晴香交往了一个月，两人终于进展到牵手的那一天，因为父亲再…"
"https://raw.githubusercontent.com/ixinzhi/lightnovel-2023/master/恶魔高校DxD(High School DxD) - 石踏一荣 - 20230324.epub",1034,"https://www.wenku8.net/book/1034.htm","title+author","恶魔高校DxD(High School DxD)","石踏一荣","富士见文库","已完结/ 已动画化","2023-03-24","4056K","校园 奇幻 战斗 后宫 青梅竹马 人外","http://img.wenku8.com/image/1/1034/1034s.jpg","我，兵藤一诚是个年龄＝没女朋友经历的高二生。这样的我也交到女朋友了！抱歉了朋友，…"
"https://raw.githubusercontent.com/ixinzhi/lightnovel-2023/master/kanon 雪之少女官方小说 - 清水真理子 - 20230322.epub",114,"https://www.wenku8.net/book/114.htm","title+author","kanon 雪之少女官方小说","清水真理子","其他文库","已完结/ 已动画化","2023-03-22","411K","校园 青春 恋爱 后宫 青梅竹马","http://img.wenku8.com/image/0/114/114s.jpg","天上下着雪，纯白的雪花，从天空阴沉沉地飘落下来。北国的小镇，七年的离别，遗失的回…"
"https://raw.githubusercontent.com/ixinzhi/lightnovel-2023/master/边境的老骑士 - 支援BIS - 20230317.epub",2417,"https://www.wenku8.net/book/2417.htm","title+author","边境的老骑士","支援BIS","Fami通文库","已完结","2023-03-17","712K","旅行 冒险 美食","http://img.wenku8.com/image/2/2417/2417s.jpg","老骑士巴尔特察觉自己时日无多，为了享受珍奇景色与大啖美食，他向侍奉多年的领主之家…"
"https://raw.githubusercontent.com/ixinzhi/lightnovel-2023/master/火界王剑的神灭者 - 津川友贵 - 20230304.epub",1417,"https://www.wenku8.net/book/1417.htm","title+author","火界王剑的神灭者","津川友贵","HJ文库","已完结","2023-03-04","552K","校园 奇幻 战斗 后宫 青梅竹马 人外","http://img.wenku8.com/image/1/1417/1417s.jpg","自从五年前发生「大魔灾」后，日本列岛变成人类魔术士与魔族共存的土地——也就是魔界…"
"https://raw.githubusercontent.com/ixinzhi/lightnovel-2023/master/直到你哭出来为止都会一直践踏你! - 御影瑛路 - 20230228.epub",1444,"https://www.wenku8.net/book/1444.htm","title+author","直到你哭出来为止都会一直践踏你!","御影瑛路","电击文库","连载中","2023-02-28","134K","校园 欢乐向 后宫 大小姐","http://img.wenku8.com/image/1/1444/1444s.jpg","“能请你别对本小姐感到性奋么?”
来报告下现状吧.
我在自己的房间里,四肢着地,成为…"
"https://raw.githubusercontent.com/ixinzhi/lightnovel-2023/master/忘却侦探系列(掟上今日子的备忘录) - 西尾维新 - 20230227.epub",2045,"https://www.wenku8.net/book/2045.htm","title+author","忘却侦探系列(掟上今日子的备忘录)","西尾维新","讲谈社","连载中","2023-02-27","912K","悬疑 恋爱","http://img.wenku8.com/image/2/2045/2045s.jpg","掟上今日子——又名，忘却侦探。
在一天后就忘掉一切的她，（几乎）所有的事件都会在…"
"https://raw.githubusercontent.com/ixinzhi/lightnovel-2023/master/伤物语(物语系列二) - 西尾维新 - 20230223.epub",397,"https://www.wenku8.net/book/397.htm","title+author","伤物语(物语系列二)","西尾维新","讲谈社","已完结/ 已动画化","2023-02-23","375K","校园 奇幻 青春 恋爱 后宫 人外","http://img.wenku8.com/image/0/397/397s.jpg","高中生阿良良木历，某天遇见了一位美艳惊人的金发吸血鬼……!?
如果没有遇见她，阿良…"
"https://raw.githubusercontent.com/ixinzhi/lightnovel-2023/master/神猫小咪与猫用品召唤师的异世界奋斗记 - にゃんたろう - 20230221.epub",3085,"https://www.wenku8.net/book/3085.htm","title_only","神猫小咪与猫用品召唤师的异世界奋斗记","にゃんたろう","富士见文库","连载中","2023-02-21","256K","穿越 奇幻 冒险 旅行","http://img.wenku8.com/image/3/3085/3085s.jpg","一人一猫的异世界毛茸茸慢活时光！
青年尼洛救了神明的眷属小咪，进而转生到异世界。…"
"https://raw.githubusercontent.com/ixinzhi/lightnovel-2023/master/IDOLISING偶像擂台！ - 広沢サカキ - 20230221.epub",1729,"https://www.wenku8.net/book/1729.htm","title+author","IDOLISING偶像擂台！","広沢サカキ","电击文库","连载中","2023-02-21","225K","职场 青春 欢乐向 百合 女性视角","http://img.wenku8.com/image/1/1729/1729s.jpg","偶像擂台。那是偶像们赌上自身梦想与希望来对战的新时代超级娱乐节目！
穿上集合了各…"
"https://raw.githubusercontent.com/ixinzhi/lightnovel-2023/master/战斗员派遣中(派遣战斗员) - 晓夏目 - 20230217.epub",2419,"https://www.wenku8.net/book/2419.htm","title+author","战斗员派遣中(派遣战斗员)","晓夏目","角川文库","连载中/ 已动画化","2023-02-17","668K","科幻 欢乐向 战斗 人外","http://img.wenku8.com/image/2/2419/2419s.jpg","眼见征服世界的目标即将实现，为了扩大版图，
「秘密结社如月」将战斗员六号作为先遣…"
"https://raw.githubusercontent.com/ixinzhi/lightnovel-2023/master/转生魔王茱丽叶 - 久慈マサムネ - 20230216.epub",3043,"https://www.wenku8.net/book/3043.htm","title+author","转生魔王茱丽叶","久慈マサムネ","富士见文库","连载中","2023-02-16","158K","校园 奇幻 魔法 战斗 恋爱 后宫","http://img.wenku8.com/image/3/3043/3043s.jpg","为了对抗北方魔族（Tempest），人类于中立地带设立了古拉玛基亚魔法魔术学院。我叫做哈…"
"https://raw.githubusercontent.com/ixinzhi/lightnovel-2023/master/底层战士，转职成外挂魔导师！ - kimimaro - 20230212.epub",2926,"https://www.wenku8.net/book/2926.htm","title+author","底层战士，转职成外挂魔导师！","kimimaro","GA文库","连载中","2023-02-12","155K","奇幻 魔法 冒险 龙傲天 后宫","http://img.wenku8.com/image/2/2926/2926s.jpg","「这是很惊人的魔力值啊９
拉思以战士之职成为冒险者，结果却沦为小队的打杂，长期受…"
"https://raw.githubusercontent.com/ixinzhi/lightnovel-2023/master/骑士＆魔法 - 天酒之瓢 - 20230130.epub",1695,"https://www.wenku8.net/book/1695.htm","title+author","骑士＆魔法","天酒之瓢","其他文库","连载中/ 已动画化","2023-01-30","1485K","穿越 魔法 机战 战争 后宫","http://img.wenku8.com/image/1/1695/1695s.jpg","一名日本青年因车祸事故与世长辞。他的灵魂在异世界获得重生，成了名为「艾尔涅斯帝·…"
"https://raw.githubusercontent.com/ixinzhi/lightnovel-2023/master/点满农民相关技能后，不知为何就变强了。 - しょぼんぬ - 20230108.epub",2625,"https://www.wenku8.net/book/2625.htm","title_only","点满农民相关技能后，不知为何就变强了。","しょぼんぬ","其他文库","连载中/ 已动画化","2023-01-08","226K","奇幻 战斗 冒险 龙傲天 后宫","http://img.wenku8.com/image/2/2625/2625s.jpg","为了成为顶尖一流的农民，青年阿尔&#8231;韦恩不断苦心钻研农民相关技能，终于把最后一…"
"https://raw.githubusercontent.com/ixinzhi/lightnovel-2023/master/我要成为双马尾 - 水泽梦 - 20230101.epub",1482,"https://www.wenku8.net/book/1482.htm","title+author","我要成为双马尾","水泽梦","小学馆","已完结/ 已动画化","2023-01-01","2573K","校园 异能 战斗 后宫 青梅竹马 性转","http://img.wenku8.com/image/1/1482/1482s.jpg","观束总二是钟爱双马尾的普通高中生。某一天，来自异世界的美少女·图艾尔出现在他面前…"
"https://raw.githubusercontent.com/ixinzhi/lightnovel-2022/master/B.A.D事件簿(BAD事件簿) - 绫里惠史 - 20221230.epub",1142,"https://www.wenku8.net/book/1142.htm","title+author","B.A.D事件簿(BAD事件簿)","绫里惠史","Fami通文库","已完结","2022-12-30","1874K","奇幻 异能 猎奇 惊悚 黑暗","http://img.wenku8.com/image/1/1142/1142s.jpg","「如果不到那种能任意杀人的程度，怎么算得上是疯狂呢？」
单手拿着巧克力的她这么说…"
"https://raw.githubusercontent.com/ixinzhi/lightnovel-2022/master/姬骑士大人的情夫 - 白金透 - 20221228.epub",3230,"https://www.wenku8.net/book/3230.htm","title+author","公主骑士的小白脸(姬骑士大人的情夫)","白金透","电击文库","连载中","2025-02-24","744K","奇幻 冒险 恋爱 黑暗","http://img.wenku8.com/image/3/3230/3230s.jpg","「马修，你是我重要的保命绳。」
这里是灰与混沌的迷宫都市。
盯上无数财宝的害虫聚…"
"https://raw.githubusercontent.com/ixinzhi/lightnovel-2022/master/镰仓点心铺的死神 - 谷崎泉 - 20221216.epub",2221,"https://www.wenku8.net/book/2221.htm","title+author","镰仓点心铺的死神","谷崎泉","少女文库","已完结","2022-12-16","305K","奇幻 妹妹","http://img.wenku8.com/image/2/2221/2221s.jpg","凑柚琉是一名作品乏人问津的小说家，近乎无业游民的他，在妹妹开设的点心铺帮忙。 
这…"
"https://raw.githubusercontent.com/ixinzhi/lightnovel-2022/master/青春歌舞伎 - 榎田ユウリ - 20221216.epub",2234,"https://www.wenku8.net/book/2234.htm","title+author","青春歌舞伎","榎田ユウリ","角川文库","已完结/ 已动画化","2022-12-16","615K","校园 青春 音乐 耽美","http://img.wenku8.com/image/2/2234/2234s.jpg","高一的来栖黑悟（小黑）受祖父影响热爱歌舞伎，一心想在校内演出，学校却没有歌舞伎社…"
"https://raw.githubusercontent.com/ixinzhi/lightnovel-2022/master/从本能寺开始与信长统一天下 - 常陆之介宽浩 - 20221212.epub",2829,"https://www.wenku8.net/book/2829.htm","title+author","从本能寺开始与信长统一天下","常陆之介宽浩","其他文库","连载中","2022-12-12","286K","穿越 战争 经营 后宫","http://img.wenku8.com/image/2/2829/2829s.jpg","我——黑坂真琴因参加高中毕业旅行而来到京都，却阴差阳错地穿越时空，回到了正在熊熊…"
"https://raw.githubusercontent.com/ixinzhi/lightnovel-2022/master/Memories Off～Anniversary～ - 日暮茶坊 - 20221206.epub",3368,"https://www.wenku8.net/book/3368.htm","title+author","Memories Off～Anniversary～(秋之回忆)","日暮茶坊","Fami通文库","已完结","2022-12-06","62K","校园 青春 恋爱 女性视角","http://img.wenku8.com/image/3/3368/3368s.jpg","今坂唯笑从桧月彩花那里听说她住院的亲戚女孩伊吹美奈裳的事，和她一起去探望。然后，…"
"https://raw.githubusercontent.com/ixinzhi/lightnovel-2022/master/青春恶魔 - 池田明季哉 - 20221119.epub",3350,"https://www.wenku8.net/book/3350.htm","title+author","青春与恶魔(青春恶魔)","池田明季哉","电击文库","已完结","2024-09-27","308K","校园 奇幻 青春 恋爱","http://img.wenku8.com/image/3/3350/3350s.jpg","那天晚上，我的青春伴随「火焰」传出初啼──
为了取回忘记带回家的手机，在原有叶潜…"
"https://raw.githubusercontent.com/ixinzhi/lightnovel-2022/master/黑暗恋爱喜剧 - 铃木大辅 - 20221118.epub",3176,"https://www.wenku8.net/book/3176.htm","title+author","黑暗中的恋爱喜剧(黑暗恋爱喜剧)","铃木大辅","MF文库J","连载中","2024-07-03","153K","奇幻 异能 战斗 校园 后宫 青梅竹马","http://img.wenku8.com/image/3/3176/3176s.jpg","──这是一部，以我将她「杀死」为结局落幕的恋爱喜剧。
现实根本是垃圾──对人生抱…"
"https://raw.githubusercontent.com/ixinzhi/lightnovel-2022/master/人间系列 - 西尾维新 - 20221108.epub",276,"https://www.wenku8.net/book/276.htm","title+author","人间系列","西尾维新","讲谈社","已完结","2022-11-08","792K","奇幻 悬疑 冒险 战斗","http://img.wenku8.com/image/0/276/276s.jpg","戏言系列番外，讲述零崎一贼的故事。
“轻松的开始零崎吧。”
“零崎一贼”——“杀…"
"https://raw.githubusercontent.com/ixinzhi/lightnovel-2022/master/文豪Stray Dogs(文豪野犬) - 朝雾卡夫卡 - 20221012.epub",2987,"https://www.wenku8.net/book/2987.htm","title+author","文豪Stray Dogs(文豪野犬)","朝雾卡夫卡","角川文库","连载中/ 已动画化","2022-10-12","892K","奇幻 异能 战斗 悬疑 犯罪 群像","http://img.wenku8.com/image/2/2987/2987s.jpg","个性耿直、理想主义者的国木田独步，是专门处理不能交付军方或警察之危险委托的「武装…"
"https://raw.githubusercontent.com/ixinzhi/lightnovel-2022/master/我会呼唤你的名字 - 乙野四方字 - 20221002.epub",3296,"https://www.wenku8.net/book/3296.htm","title+author","当我呼唤你的名字(我会呼唤你的名字)","乙野四方字","其他文库","已完结","2023-09-12","69K","科幻 青春 恋爱 女性视角","http://img.wenku8.com/image/3/3296/3296s.jpg","在不知道的未来，和你相爱的人还会是原来的我吗？
热门动画电影原著《致我深爱的每个…"
"https://raw.githubusercontent.com/ixinzhi/lightnovel-2022/master/玻璃之塔杀人事件 - 知念实希人 - 20220929.epub",3290,"https://www.wenku8.net/book/3290.htm","title+author","玻璃塔杀人事件(玻璃之塔杀人事件)","知念实希人","其他文库","已完结","2025-06-15","236K","悬疑 犯罪 惊悚 妹妹","http://img.wenku8.com/image/3/3290/3290s.jpg","密室、神翻转、血字密码、暴风雪山庄……满足你对推理小说的所有想像！
在大雪覆盖的…"
"https://raw.githubusercontent.com/ixinzhi/lightnovel-2022/master/贝琪小姐系列 - 北村薰 - 20220927.epub",1726,"https://www.wenku8.net/book/1726.htm","title+author","贝琪小姐系列","北村薰","其他文库","已完结","2022-09-27","312K","悬疑 恋爱 大小姐 女性视角","http://img.wenku8.com/image/1/1726/1726s.jpg","黑暗，沉痛地几乎要撕裂人的胸口，却又莫名甜美。一时半刻，我还想继续沉浸于其中，同…"
"https://raw.githubusercontent.com/ixinzhi/lightnovel-2022/master/侦探已死(侦探已经死了) - 二语十 - 20220921.epub",2700,"https://www.wenku8.net/book/2700.htm","title+author","侦探已经，死了(侦探已经死了)","二语十","MF文库J","连载中/ 已动画化","2026-09-28","1603K","悬疑 科幻 异能 冒险 恋爱 后宫","http://img.wenku8.com/image/2/2700/2700s.jpg","高中三年级的我——君冢君彦，过去曾是名侦探的助手。
「你啊，就当我的助手好了。」…"
"https://raw.githubusercontent.com/ixinzhi/lightnovel-2022/master/真幌站前系列 - 三浦紫苑 - 20220917.epub",1895,"https://www.wenku8.net/book/1895.htm","title+author","真幌站前系列","三浦紫苑","其他文库","已完结","2022-09-17","386K","青春 治愈 悬疑","http://img.wenku8.com/image/1/1895/1895s.jpg","故事舞台在虚构的「真幌市」，是东京都西南部与神奈川县之间的一个市。
「真幌站」前…"
"https://raw.githubusercontent.com/ixinzhi/lightnovel-2022/master/Beruf系列 - 米泽穗信 - 20220913.epub",2447,"https://www.wenku8.net/book/2447.htm","title+author","Beruf系列","米泽穗信","其他文库","已完结","2022-09-13","268K","悬疑 冒险 职场 女性视角","http://img.wenku8.com/image/2/2447/2447s.jpg","新闻，是追求真相的报导还是拚点击的娱乐？
直到最后仍充满震撼！每一页都是冲击！
…"
"https://raw.githubusercontent.com/ixinzhi/lightnovel-2022/master/Memories Off After Rain - 日暮茶坊 - 20220906.epub",3264,"https://www.wenku8.net/book/3264.htm","title+author","Memories Off After Rain(秋之回忆2)","日暮茶坊","Fami通文库","已完结","2023-05-24","167K","校园 青春 恋爱","http://img.wenku8.com/image/3/3264/3264s.jpg","成为高三学生的三上智也他们澄空学园一行人修学旅行的目的地是：京都。而且，那也是他…"
"https://raw.githubusercontent.com/ixinzhi/lightnovel-2022/master/匠千晓系列 - 西泽保彦 - 20220904.epub",921,"https://www.wenku8.net/book/921.htm","title+author","匠千晓系列","西泽保彦","其他文库","连载中","2022-09-04","1390K","悬疑 青春 冒险 恋爱","http://img.wenku8.com/image/0/921/921s.jpg","杀人者，必须解体？！
凶手都是大笨蛋？！
杀人之后不赶快逃走，还留在现掣不辞辛苦…"
"https://raw.githubusercontent.com/ixinzhi/lightnovel-2022/master/再见，妖精 - 米泽穗信 - 20220903.epub",3260,"https://www.wenku8.net/book/3260.htm","title+author","再见，妖精","米泽穗信","其他文库","已完结","2022-09-03","119K","校园 青春 悬疑","http://img.wenku8.com/image/3/3260/3260s.jpg","当男孩遇见女孩，
为充满不解之谜的日子开启了一扇门……
为什么有人在雨天跑出门，…"
"https://raw.githubusercontent.com/ixinzhi/lightnovel-2022/master/圣母在上(玛莉亚的凝望) - 今野绪雪 - 20220825.epub",255,"https://www.wenku8.net/book/255.htm","title+author","圣母在上(玛莉亚的凝望)","今野绪雪","少女文库","已完结/ 已动画化","2022-08-25","2789K","校园 青春 恋爱 欢乐向 百合","http://img.wenku8.com/image/0/255/255s.jpg","在莉莉安女子学园高中部，有一个传统，被称为s&#339;ur（在法语中是“姊妹”的意思）制…"
"https://raw.githubusercontent.com/ixinzhi/lightnovel-2022/master/排球少年！！ - 星希代子 - 20220727.epub",1647,"https://www.wenku8.net/book/1647.htm","title+author","排球少年！！","星希代子","集英社","连载中/ 已动画化","2022-07-27","464K","校园 竞技 青春 欢乐向","http://img.wenku8.com/image/1/1647/1647s.jpg","练习·料理·打杂！？IH预选赛前，乌野高中排球社实施了黄金周强化集训！为了在激战中…"
"https://raw.githubusercontent.com/ixinzhi/lightnovel-2022/master/BACCANO！大骚动(永生之酒) - 成田良悟 - 20220723.epub",218,"https://www.wenku8.net/book/218.htm","title+author","BACCANO！大骚动(永生之酒)","成田良悟","电击文库","连载中/ 已动画化","2022-07-23","2267K","奇幻 犯罪 战斗 黑暗 群像","http://img.wenku8.com/image/0/218/218s.jpg","1711年在大西洋上，背井离乡的炼金术师们从恶魔手中得到了一样东西——那便是永生之酒…"
"https://raw.githubusercontent.com/ixinzhi/lightnovel-2022/master/东京喰种(东京食尸鬼) - 十和田シン - 20220722.epub",1740,"https://www.wenku8.net/book/1740.htm","title+author","东京喰种(东京食尸鬼)","十和田シン","集英社","已完结/ 已动画化","2022-07-22","308K","奇幻 校园 异能 战斗 冒险","http://img.wenku8.com/image/1/1740/1740s.jpg","「喰种」的聚集地咖啡厅「安定区」，今天也发生各式各样的纠葛与事件。芳村店长发现周…"
"https://raw.githubusercontent.com/ixinzhi/lightnovel-2022/master/脑浆炸裂girl - 吉田惠里香 - 20220710.epub",1868,"https://www.wenku8.net/book/1868.htm","title+author","脑浆炸裂girl","吉田惠里香","少女文库","已完结","2022-07-10","332K","音乐 游戏 大逃杀 黑暗 百合 女性视角","http://img.wenku8.com/image/1/1868/1868s.jpg","「欢迎光临地狱型人类动物园。」平凡的高中生市位羽奈，一觉醒来竟发现自己与同学们都…"
"https://raw.githubusercontent.com/ixinzhi/lightnovel-2022/master/无法施展魔力的魔术师 - 高梨ひかる - 20220705.epub",2050,"https://www.wenku8.net/book/2050.htm","title+author","无法施展魔力的魔术师","高梨ひかる","其他文库","连载中","2022-07-05","117K","穿越 奇幻 战斗 后宫","http://img.wenku8.com/image/2/2050/2050s.jpg","因意外而殒命的青年，转生到生前向往的奇幻世界。因为神有事委托他。神让他看见的世界…"
"https://raw.githubusercontent.com/ixinzhi/lightnovel-2022/master/相逢之日、鲜花绽放 - 青海野灰 - 20220703.epub",3172,"https://www.wenku8.net/book/3172.htm","title+author","相遇之时、盛开之花(相逢之日、鲜花绽放)","青海野灰","电击文库","已完结","2023-11-28","81K","科幻 青春 恋爱","http://img.wenku8.com/image/3/3172/3172s.jpg","我今天又做梦了──
梦里的那个她和我不一样，像一望无际的蓝天，轻柔扶过的微风，温…"
"https://raw.githubusercontent.com/ixinzhi/lightnovel-2022/master/将爱拒于门外(家里蹲的弟弟) - 苇舟ナツ - 20220702.epub",2289,"https://www.wenku8.net/book/2289.htm","title+author","将爱拒于门外(家里蹲的弟弟)","苇舟ナツ","电击文库","已完结","2022-07-02","124K","青春 恋爱","http://img.wenku8.com/image/2/2289/2289s.jpg","★第23届 电击小说大奖 评审委员鼓励奖！
★孤独的青年，突然出现的怪异女子，两人深…"
"https://raw.githubusercontent.com/ixinzhi/lightnovel-2022/master/杀戮的天使 - 木尔チレン - 20220702.epub",2305,"https://www.wenku8.net/book/2305.htm","title+author","杀戮的天使","木尔チレン","Fami通文库","已完结/ 已动画化","2022-07-02","308K","悬疑 冒险 黑暗 惊悚 猎奇 恋爱","http://img.wenku8.com/image/2/2305/2305s.jpg","13岁的少女瑞依在大楼的最底层醒过来。
她丧失了记忆，甚至不知道自己为何身在此处。…"
"https://raw.githubusercontent.com/ixinzhi/lightnovel-2022/master/通过扭蛋增加同伴 建立最强美少女军团 - ちんくるり - 20220625.epub",2448,"https://www.wenku8.net/book/2448.htm","title_only","通过扭蛋增加同伴 建立最强美少女军团","ちんくるり","其他文库","连载中","2022-06-25","1060K","穿越 战斗 冒险 后宫","http://img.wenku8.com/image/2/2448/2448s.jpg","不要小看…社交游戏废人啊!使用UR「到异世界的邀请书」时,大仓突然被转移到了异世界。…"
"https://raw.githubusercontent.com/ixinzhi/lightnovel-2022/master/七人的魔剑姬和零之骑士团 - 川田两悟 - 20220621.epub",2881,"https://www.wenku8.net/book/2881.htm","title+author","七人的魔剑姬和零之骑士团","川田两悟","MF文库J","连载中","2022-06-21","149K","校园 战斗 冒险 后宫","http://img.wenku8.com/image/2/2881/2881s.jpg","在七个魔剑姬支配的学园里打开风穴的男人——魔剑的学园幻想！
突然出现在七位魔剑姬…"
"https://raw.githubusercontent.com/ixinzhi/lightnovel-2022/master/其实，我乃最强？ - 澄守彩 - 20220620.epub",2913,"https://www.wenku8.net/book/2913.htm","title+author","其实，我乃最强？","澄守彩","讲谈社","连载中/ 已动画化","2022-06-20","234K","穿越 魔法 龙傲天 后宫 妹妹 人外","http://img.wenku8.com/image/2/2913/2913s.jpg","家里蹲某日突然转生成了异世界的王子——刚这么想，就被认定为最弱遭遇生命危机！
巨…"
"https://raw.githubusercontent.com/ixinzhi/lightnovel-2022/master/让所有恋人都幸福的故事 - 天乃圣树 - 20220616.epub",3072,"https://www.wenku8.net/book/3072.htm","title+author","让所有恋人都幸福的故事","天乃圣树","GA文库","连载中","2022-06-16","163K","校园 恋爱 后宫 青梅竹马 大小姐","http://img.wenku8.com/image/3/3072/3072s.jpg","女主角“全员恋人”!超诚实的多人交往爱情喜剧!
高中生逆水不动，被大小姐遥华和青梅…"
"https://raw.githubusercontent.com/ixinzhi/lightnovel-2022/master/GOSICK - 樱庭一树 - 20220610.epub",144,"https://www.wenku8.net/book/144.htm","title+author","GOSICK","樱庭一树","角川文库","已完结/ 已动画化","2022-06-10","1831K","奇幻 悬疑 冒险 恋爱","http://img.wenku8.com/image/0/144/144s.jpg","“圣玛格丽特学园”中的日本留学生久城一弥，与拥有天才头脑的同年级少女维多利加共同…"
"https://raw.githubusercontent.com/ixinzhi/lightnovel-2022/master/VillainsTail 有坂有哉与渴望被吃的白咲初姫 - 绫里惠史 - 20220609.epub",1892,"https://www.wenku8.net/book/1892.htm","title+author","VillainsTail 有坂有哉与渴望被吃的白咲初姫","绫里惠史","Fami通文库","已完结","2022-06-09","142K","校园 悬疑 青春 恋爱","http://img.wenku8.com/image/1/1892/1892s.jpg","「我，想要你吃掉我」破坏怪物安宁的，是志愿成为“食物”的少女――。绫里惠史备受期…"
"https://raw.githubusercontent.com/ixinzhi/lightnovel-2022/master/侦探AI - 早坂吝 - 20220607.epub",3063,"https://www.wenku8.net/book/3063.htm","title+author","侦探AI","早坂吝","其他文库","连载中","2022-06-07","273K","科幻 悬疑","http://img.wenku8.com/image/3/3063/3063s.jpg","人工智能领域的天才学者合尾创不幸被一场大火吞噬。他给儿子合尾辅留下了两个AI——侦…"
"https://raw.githubusercontent.com/ixinzhi/lightnovel-2022/master/枪之勇者重生录 - アネコユサギ - 20220607.epub",2567,"https://www.wenku8.net/book/2567.htm","title_only","枪之勇者重生录","アネコユサギ","MF文库J","连载中","2022-06-07","301K","穿越 战斗 冒险 后宫","http://img.wenku8.com/image/2/2567/2567s.jpg","以枪之勇者的身分被召唤到异世界的北村元康，是一个只爱菲洛鸟的缺憾男。
在战争当中…"
"https://raw.githubusercontent.com/ixinzhi/lightnovel-2022/master/碧蓝航线 Episode of Belfast - 助供珠树 - 20220605.epub",2818,"https://www.wenku8.net/book/2818.htm","title+author","碧蓝航线 Episode of Belfast","助供珠树","集英社","已完结/ 已动画化","2022-06-05","330K","科幻 战争 百合 女性视角","http://img.wenku8.com/image/2/2818/2818s.jpg","大受欢迎的游戏『碧蓝航线』衍生作品！！
海上出现异形敌人『塞壬』后，人类的立场有…"
"https://raw.githubusercontent.com/ixinzhi/lightnovel-2022/master/美少女通通是我的 - 天草白 - 20220523.epub",1548,"https://www.wenku8.net/book/1548.htm","title+author","美少女通通是我的","天草白","其他文库","已完结","2022-05-23","129K","校园 欢乐向 后宫 伪娘 青梅竹马 人外","http://img.wenku8.com/image/1/1548/1548s.jpg","只因为「很可爱」这理由便遭到幽灵胡桃附身的神乐，为了帮助胡桃而被迫转学进入女校！…"
"https://raw.githubusercontent.com/ixinzhi/lightnovel-2022/master/厄里斯的圣杯 - 常磐くじら - 20220522.epub",2921,"https://www.wenku8.net/book/2921.htm","title+author","厄里斯的圣杯","常磐くじら","GA文库","已完结/ 已动画化","2022-05-22","359K","悬疑 复仇 大小姐 女性视角","http://img.wenku8.com/image/2/2921/2921s.jpg","「听好了，康斯坦丝．葛莱尔。你就算花费一生时间，也必须让我的复仇成功９
只有诚实…"
"https://raw.githubusercontent.com/ixinzhi/lightnovel-2022/master/截稿日之前，百合的进度特别快 - 平坂读 - 20220517.epub",3056,"https://www.wenku8.net/book/3056.htm","title+author","截稿日之前，百合的进度特别快","平坂读","GA文库","连载中","2022-05-17","137K","青春 恋爱 欢乐向 职场 百合 女性视角","http://img.wenku8.com/image/3/3056/3056s.jpg","「为什么在逼近截稿日时玩游戏会这么好玩呢……」
离家出走的少女白川爱结透过堂姊白…"
"https://raw.githubusercontent.com/ixinzhi/lightnovel-2022/master/朔与茉莉 - 叶月文 - 20220515.epub",2910,"https://www.wenku8.net/book/2910.htm","title+author","朔与茉莉","叶月文","电击文库","连载中","2022-05-15","274K","职场 青春 恋爱 后宫 JK","http://img.wenku8.com/image/2/2910/2910s.jpg","出道6年，未曾获得再版机会的非畅销作家——空束朔陷入了低谷。费尽心思创作出的原稿被…"
"https://raw.githubusercontent.com/ixinzhi/lightnovel-2022/master/万事包办退魔士的还债计划 - SOW - 20220505.epub",1860,"https://www.wenku8.net/book/1860.htm","title+author","万事包办退魔士的还债计划","SOW","其他文库","已完结","2022-05-05","319K","奇幻 战斗 欢乐向 后宫 青梅竹马","http://img.wenku8.com/image/1/1860/1860s.jpg","「恭喜你！今后我将用一辈子的时间，好好地榨出你所有的利用价值。」
追傩狗朗被退魔…"
"https://raw.githubusercontent.com/ixinzhi/lightnovel-2022/master/勇者无犬子 - 和原聪司 - 20220429.epub",2432,"https://www.wenku8.net/book/2432.htm","title+author","勇者无犬子","和原聪司","电击文库","已完结","2022-04-29","428K","穿越 奇幻 战斗 后宫","http://img.wenku8.com/image/2/2432/2432s.jpg","这一天，位于所泽的一般家庭──剑崎家的客厅弥漫着一股紧张气氛。
一名谜样金发美少…"
"https://raw.githubusercontent.com/ixinzhi/lightnovel-2022/master/新世纪学园战区 - 来生直纪 - 20220425.epub",1805,"https://www.wenku8.net/book/1805.htm","title+author","新世纪学园战区","来生直纪","富士见文库","已完结","2022-04-25","180K","校园 异能 战斗 后宫 青梅竹马","http://img.wenku8.com/image/1/1805/1805s.jpg","「加入我这一组吧，玖式。」
玖式修的青梅竹马，同时也是被称为学园最强魔法师的璃理…"
"https://raw.githubusercontent.com/ixinzhi/lightnovel-2022/master/魔王筑城记！～最强迷宫是近代都市～ - 月夜泪 - 20220418.epub",2365,"https://www.wenku8.net/book/2365.htm","title+author","魔王筑城记！～最强迷宫是近代都市～","月夜泪","GA文库","连载中","2022-04-18","525K","奇幻 战斗 欢乐向 后宫 人外 女儿","http://img.wenku8.com/image/2/2365/2365s.jpg","『专属技能：【创造】已启用。你可将存在于记忆中的物品物质化。』
「恭喜你。我在此…"
"https://raw.githubusercontent.com/ixinzhi/lightnovel-2022/master/从转生精灵开始的异世界开挂建国记 - 月夜泪 - 20220416.epub",2819,"https://www.wenku8.net/book/2819.htm","title+author","从转生精灵开始的异世界开挂建国记","月夜泪","其他文库","连载中","2022-04-16","155K","穿越 战斗 龙傲天 青梅竹马 人外","http://img.wenku8.com/image/2/2819/2819s.jpg","天才魔术师创作了能够保留记忆的『轮回转生之术』。他经过数次转生，最终在第三十一周…"
"https://raw.githubusercontent.com/ixinzhi/lightnovel-2022/master/我的女友是老师 - 镜游 - 20220413.epub",2609,"https://www.wenku8.net/book/2609.htm","title+author","我的女友是老师","镜游","MF文库J","已完结","2022-04-13","789K","校园 欢乐向 青春 恋爱","http://img.wenku8.com/image/2/2609/2609s.jpg","我要把你从『普通的学生』培养成『爱上我的学生』……！
我&#8226;彩木慎过去受到心灵…"
"https://raw.githubusercontent.com/ixinzhi/lightnovel-2022/master/Another - 绫辻行人 - 20220412.epub",1168,"https://www.wenku8.net/book/1168.htm","title+author","Another","绫辻行人","角川文库","已完结/ 已动画化","2022-04-12","641K","校园 奇幻 悬疑 惊悚 猎奇","http://img.wenku8.com/image/1/1168/1168s.jpg","小心一点比较好喔！
可能，已经开始了也说不定……
据说，二十六年前的夜见山北中学…"
"https://raw.githubusercontent.com/ixinzhi/lightnovel-2022/master/贤勇者艾达飞基·齐莱夫的启博教览 - 有象利路 - 20220408.epub",2917,"https://www.wenku8.net/book/2917.htm","title+author","贤勇者艾达飞基·齐莱夫的启博教览","有象利路","电击文库","连载中","2022-04-08","229K","欢乐向 冒险 魔法","http://img.wenku8.com/image/2/2917/2917s.jpg","「话说，你真的要出版这玩意儿？」
面对总编的锐利目光还有质疑话语，责任编辑的性命…"
"https://raw.githubusercontent.com/ixinzhi/lightnovel-2022/master/弹丸论破 雾切 - 北山猛邦 - 20220309.epub",1946,"https://www.wenku8.net/book/1946.htm","title+author","弹丸论破 雾切","北山猛邦","其他文库","已完结","2022-03-09","649K","悬疑 犯罪 黑暗 女性视角","http://img.wenku8.com/image/1/1946/1946s.jpg","『欢迎来到绝望的天狼星天文台』
等待着接受了迷之委托而集结的五位侦探的，是由「犯…"
"https://raw.githubusercontent.com/ixinzhi/lightnovel-2022/master/文学少女 - 野村美月 - 20220227.epub",1,"https://www.wenku8.net/book/1.htm","title+author","文学少女","野村美月","Fami通文库","已完结/ 已动画化","2022-02-27","2015K","校园 悬疑 青春 恋爱","http://img.wenku8.com/image/0/1/1s.jpg","一所高中的文艺社只有两位成员──擅长写作的男主角社员井上心叶和爱吃书纸的怪物文学…"
"https://raw.githubusercontent.com/ixinzhi/lightnovel-2022/master/未踏召唤：／／鲜血印记 - 镰池和马 - 20220226.epub",1752,"https://www.wenku8.net/book/1752.htm","title+author","未踏召唤:／／鲜血印记","镰池和马","电击文库","已完结","2022-02-26","1374K","校园 战斗 后宫 人外 妹妹","http://img.wenku8.com/image/1/1752/1752s.jpg","「该死，没想到居然会在这种地方听见『那个』。」
连「比众神更高次元的存在」都能自…"
"https://raw.githubusercontent.com/ixinzhi/lightnovel-2022/master/镜之孤城 - 辻村深月 - 20220224.epub",3102,"https://www.wenku8.net/book/3102.htm","title+author","镜之孤城","辻村深月","其他文库","已完结/ 已动画化","2022-02-24","233K","奇幻 校园 青春 悬疑","http://img.wenku8.com/image/3/3102/3102s.jpg","剧场动画化决定、2022年冬上映!
安西心是雪科第五中学一年级的普通学生，她遭遇了校园…"
"https://raw.githubusercontent.com/ixinzhi/lightnovel-2022/master/再见宣言 - 三月みどり - 20220220.epub",3098,"https://www.wenku8.net/book/3098.htm","title+author","再见宣言(再见宣言系列一)","三月みどり","MF文库J","已完结","2022-02-20","89K","音乐 校园 青春 恋爱","http://img.wenku8.com/image/3/3098/3098s.jpg","超人气歌曲『再见宣言』原作·Chinozo监修下改编成青春故事!
只要不会被当就好了，不…"
"https://raw.githubusercontent.com/ixinzhi/lightnovel-2022/master/我女友与青梅竹马的惨烈修罗场 - 裕时悠示 - 20220214.epub",1073,"https://www.wenku8.net/book/1073.htm","title+author","我女友与青梅竹马的惨烈修罗场","裕时悠示","GA文库","连载中/ 已动画化","2022-02-14","1294K","校园 青春 欢乐向 后宫 青梅竹马 妹妹","http://img.wenku8.com/image/1/1073/1073s.jpg","情同妹妹的可爱青梅竹马──千和：「我绝不允许！不要不要！你凭什么和他交往９
一头…"
"https://raw.githubusercontent.com/ixinzhi/lightnovel-2022/master/铁达尼亚 - 田中芳树 - 20220207.epub",56,"https://www.wenku8.net/book/56.htm","title+author","铁达尼亚","田中芳树","其他文库","已完结/ 已动画化","2022-02-07","487K","科幻 战争","http://img.wenku8.com/image/0/56/56s.jpg","星历元年银河系成立了「星际都市联盟」，都市旗下各拥重兵、舰队，并设置商馆以维系市…"
"https://raw.githubusercontent.com/ixinzhi/lightnovel-2022/master/Legend 魔兽师传说 - 神无月红 - 20220204.epub",2158,"https://www.wenku8.net/book/2158.htm","title+author","Legend 魔兽师传说","神无月红","富士见文库","连载中","2022-02-04","1423K","穿越 魔法 冒险 后宫 人外","http://img.wenku8.com/image/2/2158/2158s.jpg","高中二年级的夏天，佐伯玲二因为事故而丧命。再次醒过来时，出现在他面前的是异世界的…"
"https://raw.githubusercontent.com/ixinzhi/lightnovel-2022/master/不知不觉我好像吸引了学校第一的美少女 - 午前の绿茶 - 20220130.epub",3093,"https://www.wenku8.net/book/3093.htm","title+author","不知不觉我好像吸引了学校第一的美少女","午前の绿茶","HJ文库","连载中","2022-01-30","82K","校园 职场 青春 恋爱 欢乐向","http://img.wenku8.com/image/3/3093/3093s.jpg","因为读书的兴趣而成为朋友，学校第一的美少女·斋藤玲奈和田中凑。本应该只是朋友的二…"
"https://raw.githubusercontent.com/ixinzhi/lightnovel-2022/master/海鸟东月的『荒唐事』 - 两生类かえる - 20220129.epub",3089,"https://www.wenku8.net/book/3089.htm","title+author","海鸟东月的『荒唐事』","两生类かえる","MF文库J","连载中","2022-01-29","102K","校园 青春 百合 女性视角","http://img.wenku8.com/image/3/3089/3089s.jpg","“钱包？手机？完全不对哦。我被偷的是——铅笔。”
海岛冬月突然受到来自同班好友奈…"
"https://raw.githubusercontent.com/ixinzhi/lightnovel-2022/master/今夜、听到你的声音～无法忘记的那个夏天～ - いぬじゅん - 20220129.epub",3088,"https://www.wenku8.net/book/3088.htm","title_only","今夜、听到你的声音～无法忘记的那个夏天～","戌淳","其他文库","已完结","2022-01-29","98K","科幻 校园 青春 恋爱 青梅竹马 女性视角","http://img.wenku8.com/image/3/3088/3088s.jpg","高中二年级的咲希，虽然对青梅竹马的奏太寄予了感情，但因为害怕关系破裂，一直没有告…"
"https://raw.githubusercontent.com/ixinzhi/lightnovel-2022/master/[影]AMRITA(［影片］甘露) - 野崎窗 - 20220129.epub",2980,"https://www.wenku8.net/book/2980.htm","title+author","[影]AMRITA(［影片］甘露)","野崎窗","电击文库","已完结","2022-01-29","78K","校园 青春 悬疑","http://img.wenku8.com/image/2/2980/2980s.jpg","第16届电击小说大奖『MediaWorks文库奖』获奖作，异色的青春悬疑剧。
艺大电影社团的…"
"https://raw.githubusercontent.com/ixinzhi/lightnovel-2022/master/娇宠隔壁的冰山美人，并把自家钥匙给了她 - 雪仁 - 20220129.epub",3090,"https://www.wenku8.net/book/3090.htm","title+author","娇宠隔壁的冰山美人，并把自家钥匙给了她","雪仁","电击文库","连载中","2022-01-29","101K","校园 青春 恋爱 欢乐向 大小姐","http://img.wenku8.com/image/3/3090/3090s.jpg","「我在想，为什么这里的便当都是半价的呢」
开始第二年的独居生活的高中生，片桐夏臣…"
"https://raw.githubusercontent.com/ixinzhi/lightnovel-2022/master/只是穿着制服而已 - 神田晓一郎 - 20220128.epub",2988,"https://www.wenku8.net/book/2988.htm","title+author","只是穿上了制服(只是穿着制服而已)","神田晓一郎","GA文库","已完结","2024-10-19","173K","青春 恋爱 JK 黑暗","http://img.wenku8.com/image/2/2988/2988s.jpg","第13届GA文库大赏「金赏」作品
冒牌女高中生与苦命上班族的温馨恋曲
同居对象年纪19…"
"https://raw.githubusercontent.com/ixinzhi/lightnovel-2022/master/前男友的遗书 - 新川帆立 - 20220118.epub",3083,"https://www.wenku8.net/book/3083.htm","title+author","前男友的遗书","新川帆立","其他文库","已完结","2022-01-18","105K","悬疑 女性视角","http://img.wenku8.com/image/3/3083/3083s.jpg","我要把所有的财产，赠与将我杀死的犯人。
一、将我所有财产让与杀了我的犯人。
二、…"
"https://raw.githubusercontent.com/ixinzhi/lightnovel-2022/master/前女友不幸转校归来，小暮理知的罠与恋 - 野村美月 - 20220115.epub",3082,"https://www.wenku8.net/book/3082.htm","title+author","前女友不幸转校归来，小暮理知的罠与恋","野村美月","小学馆","已完结","2022-01-15","65K","校园 青春 恋爱","http://img.wenku8.com/image/3/3082/3082s.jpg","转校生居然是前女友！初中的时候，理知与孤高的美少女涩谷奈琉谈了一场秘密恋爱。曾经…"
"https://raw.githubusercontent.com/ixinzhi/lightnovel-2022/master/魔王学校里只有我是勇者!？ - 夏绿 - 20220114.epub",1186,"https://www.wenku8.net/book/1186.htm","title+author","魔王学校里只有我是勇者!?","夏绿","HJ文库","已完结","2022-01-14","881K","校园 奇幻 欢乐向 后宫 人外","http://img.wenku8.com/image/1/1186/1186s.jpg","知名伟大勇者的后代——游佐英雄原是一名优等生，但却阴错阳差地进入了魔王专门学校「…"
"https://raw.githubusercontent.com/ixinzhi/lightnovel-2022/master/完全回避补师的异世界轨迹 - ぷにちゃん - 20220111.epub",2873,"https://www.wenku8.net/book/2873.htm","title_only","完全回避补师的异世界轨迹","ぷにちゃん","MF文库J","连载中","2022-01-11","217K","穿越 奇幻 战斗 冒险 龙傲天","http://img.wenku8.com/image/2/2873/2873s.jpg","樱井广希是个平凡的大学生，有一天他突然被召唤至异世界，成为讨伐魔王的勇者团队成员…"
"https://raw.githubusercontent.com/ixinzhi/lightnovel-2022/master/与精灵新娘携手展开异世界领主生活 - 鹫宫だいじん - 20220106.epub",2340,"https://www.wenku8.net/book/2340.htm","title+author","与精灵新娘携手展开异世界领主生活","鹫宫だいじん","电击文库","已完结","2022-01-06","465K","穿越 经营 后宫 人外","http://img.wenku8.com/image/2/2340/2340s.jpg","位于东京都南方的遥远海域上，我居住的离岛尽头，
出现了异世界的一部分——一整座半…"
"https://raw.githubusercontent.com/ixinzhi/lightnovel-2022/master/世界因你更加美丽 - 神田夏生 - 20220105.epub",3080,"https://www.wenku8.net/book/3080.htm","title+author","世界因你更加美丽","神田夏生","电击文库","已完结","2022-01-05","95K","校园 青春 恋爱","http://img.wenku8.com/image/3/3080/3080s.jpg","高中刚毕业后不久的春假期间，我此生的挚爱三日月绯花里因病故去，深陷悲痛中的我收到…"
"https://raw.githubusercontent.com/ixinzhi/lightnovel-2022/master/TRPG玩家在异世界打造最强角色 - Schuld - 20220101.epub",2929,"https://www.wenku8.net/book/2929.htm","title+author","TRPG玩家在异世界打造最强角色","Schuld","其他文库","连载中","2022-01-01","260K","穿越 冒险 龙傲天 妹妹 人外","http://img.wenku8.com/image/2/2929/2929s.jpg","「规则屁孩」──就是只要在规则上说得通，甚至会试著把神干掉的怪人。前世曾是「规则…"
"https://raw.githubusercontent.com/ixinzhi/lightnovel-2022/master/武士道系列 - 誉田哲也 - 20220101.epub",3078,"https://www.wenku8.net/book/3078.htm","title+author","武士道系列","誉田哲也","其他文库","已完结","2022-01-01","399K","校园 青春 竞技 百合 女性视角","http://img.wenku8.com/image/3/3078/3078s.jpg","新鲜清爽的青春娱乐杰作 改编为电影、漫画的人气小说
让人不禁想要深呼吸、为英姿飒爽…"
"https://raw.githubusercontent.com/ixinzhi/lightnovel-2021/master/沉默的魔女 - 依空まつり - 20211231.epub",2964,"https://www.wenku8.net/book/2964.htm","title+author","Silent Witch 沉默魔女的秘密(沉默的魔女)","依空まつり","角川文库","连载中/ 已动画化","2026-09-27","1856K","校园 魔法 战斗 悬疑 女性视角","http://img.wenku8.com/image/2/2964/2964s.jpg","★「这本轻小说真厉害！2026」单行本部门第1名！
★最强的事是秘密。
★默默讨伐黑龙…"
"https://raw.githubusercontent.com/ixinzhi/lightnovel-2021/master/校对女王 - 宫木あや子 - 20211230.epub",3077,"https://www.wenku8.net/book/3077.htm","title+author","校对女王","宫木あや子","角川文库","已完结","2021-12-30","241K","职场 青春 恋爱 女性视角","http://img.wenku8.com/image/3/3077/3077s.jpg","★石原聪美主演的日剧《校对女王》原著小说！
★对阅读有兴趣，从事出版相关行业的人…"
"https://raw.githubusercontent.com/ixinzhi/lightnovel-2021/master/迷幻魔域Ecstas Online - 久慈政宗 - 20211230.epub",2335,"https://www.wenku8.net/book/2335.htm","title+author","迷幻魔域Ecstas Online","久慈政宗","角川文库","已完结","2021-12-31","837K","穿越 奇幻 战斗 后宫","http://img.wenku8.com/image/2/2335/2335s.jpg","位居校园种姓制度底层的堂巡驱流，转生为君临VR游戏《EXODIA EXODUS》的最强魔王赫尔夏…"
"https://raw.githubusercontent.com/ixinzhi/lightnovel-2021/master/星界系列 - 森冈浩之 - 20211218.epub",220,"https://www.wenku8.net/book/220.htm","title+author","星界系列","森冈浩之","其他文库","连载中/ 已动画化","2021-12-18","1478K","科幻 冒险 战争","http://img.wenku8.com/image/0/220/220s.jpg","它是一只拥有八颈的异形之龙。这只传说中的神兽,曾经有很长的一段时间为人所遗忘。然而…"
"https://raw.githubusercontent.com/ixinzhi/lightnovel-2021/master/才女的近侍 - 坂石游作 - 20211217.epub",2967,"https://www.wenku8.net/book/2967.htm","title+author","才女的侍从(才女的近侍)","坂石游作","HJ文库","连载中/ 已动画化","2026-08-30","1061K","校园 欢乐向 恋爱 后宫 大小姐","http://img.wenku8.com/image/2/2967/2967s.jpg","与爱撒娇又懒散的千金小姐共同谱出青春爱情喜剧！！
男高中生友成伊月因为卷入绑架案…"
"https://raw.githubusercontent.com/ixinzhi/lightnovel-2021/master/杀死圣诞老人，然后接吻。 - 犬君雀 - 20211214.epub",3074,"https://www.wenku8.net/book/3074.htm","title+author","杀死圣诞老人，然后接吻。","犬君雀","小学馆","已完结","2021-12-14","94K","奇幻 青春 恋爱 JK","http://img.wenku8.com/image/3/3074/3074s.jpg","为了让圣诞节消失，我和少女成为了恋人。
在圣诞夜即将到来、城市也将热闹起来的十二…"
"https://raw.githubusercontent.com/ixinzhi/lightnovel-2021/master/我的老婆，可能是个变态 - くろい - 20211214.epub",3073,"https://www.wenku8.net/book/3073.htm","title_only","我的老婆，可能是个变态","くろい","富士见文库","连载中","2021-12-14","84K","校园 青春 恋爱 欢乐向 青梅竹马","http://img.wenku8.com/image/3/3073/3073s.jpg","我是出于某些原因和青梅竹马的凉香结婚的高中生新滕裕树。本想着和对脾气的人同居并不…"
"https://raw.githubusercontent.com/ixinzhi/lightnovel-2021/master/境界线上的地平线 - 川上稔 - 20211212.epub",1025,"https://www.wenku8.net/book/1025.htm","title+author","境界线上的地平线","川上稔","电击文库","连载中/ 已动画化","2021-12-12","6635K","科幻 校园 战争 群像 后宫","http://img.wenku8.com/image/1/1025/1025s.jpg","被各国分割统治的中世纪的神州·日本。在那空中上方航行著由八艘船组成的都市舰“武藏…"
"https://raw.githubusercontent.com/ixinzhi/lightnovel-2021/master/noesis虚假的记忆物语 - cutlass - 20211212.epub",1901,"https://www.wenku8.net/book/1901.htm","title+author","noesis虚假的记忆物语","cutlass","其他文库","已完结","2021-12-12","493K","校园 悬疑 惊悚 妹妹 青梅竹马","http://img.wenku8.com/image/1/1901/1901s.jpg","喜爱动漫的高中生，鹿仓时雨与妹妹忧姬，青梅竹马的夜美一起热闹上演着快乐的学生生活…"
"https://raw.githubusercontent.com/ixinzhi/lightnovel-2021/master/用道具开外挂的奴隶后宫建国记 - 猫又ぬこ - 20211209.epub",2194,"https://www.wenku8.net/book/2194.htm","title+author","用道具开外挂的奴隶后宫建国记","猫又ぬこ","HJ文库","已完结","2021-12-09","486K","穿越 战斗 龙傲天 后宫 人外","http://img.wenku8.com/image/2/2194/2194s.jpg","男子高中生·龙胆翔真被召唤至的异世界阿斯托拉尔是个以名为「神托游戏」的决斗来决定…"
"https://raw.githubusercontent.com/ixinzhi/lightnovel-2021/master/国王的求婚 - 橘公司 - 20211201.epub",3067,"https://www.wenku8.net/book/3067.htm","title+author","王者的求婚(国王的求婚)","橘公司","富士见文库","连载中","2026-05-26","1055K","校园 奇幻 战斗 后宫 性转 妹妹","http://img.wenku8.com/image/3/3067/3067s.jpg","久远崎彩祸──在这个每三百个小时遭遇一次灭亡危机的世界中，持续拯救世界的最强魔女…"
"https://raw.githubusercontent.com/ixinzhi/lightnovel-2021/master/家里蹲吸血姬的苦闷 - 小林湖底 - 20211130.epub",2792,"https://www.wenku8.net/book/2792.htm","title+author","家里蹲吸血姬的郁闷(家里蹲吸血姬的苦闷)","小林湖底","GA文库","连载中/ 已动画化","2025-01-18","1904K","魔法 战争 欢乐向 人外 百合 女性视角","http://img.wenku8.com/image/2/2792/2792s.jpg","「……咦？什、什么？」
一天到晚窝在家的少女黛拉可玛莉，通称「可玛莉」一觉醒来，…"
"https://raw.githubusercontent.com/ixinzhi/lightnovel-2021/master/乐园杂音 Paradise NoiSe - 杉井光 - 20211128.epub",2785,"https://www.wenku8.net/book/2785.htm","title+author","乐园NOISE(乐园杂音 Paradise NoiSe)","杉井光","电击文库","连载中","2025-07-16","787K","音乐 欢乐向 青春 后宫 伪娘","http://img.wenku8.com/image/2/2785/2785s.jpg","因为一时冲动穿上女装把演奏影片上传到网路上的我，以神秘的女高中生网路音乐家身分一…"
"https://raw.githubusercontent.com/ixinzhi/lightnovel-2021/master/植物魔物娘日记 - 水无濑 - 20211128.epub",3066,"https://www.wenku8.net/book/3066.htm","title+author","植物魔物娘日记","水无濑","其他文库","连载中","2021-11-28","120K","穿越 奇幻 魔法 人外 女性视角","http://img.wenku8.com/image/3/3066/3066s.jpg","今后要一边光合作用一边活下去！
原女高中生兼原圣女的植物魔物娘在本应是安居之地的…"
"https://raw.githubusercontent.com/ixinzhi/lightnovel-2021/master/奇诺之旅 - 时雨泽惠一 - 20211127.epub",12,"https://www.wenku8.net/book/12.htm","title+author","奇诺之旅","时雨泽惠一","电击文库","","","","奇幻 旅行 冒险","http://img.wenku8.com/image/0/12/12s.jpg","世界它并不完美。
也正因如此才显出它的美。
世界上为何会有这么多不同的国家存在呢…"
"https://raw.githubusercontent.com/ixinzhi/lightnovel-2021/master/勇者遭到背叛之后 - 市村铁之助 - 20211121.epub",1650,"https://www.wenku8.net/book/1650.htm","title+author","勇者遭到背叛之后","市村铁之助","其他文库","已完结","2021-11-21","158K","穿越 奇幻 战斗 后宫 人外","http://img.wenku8.com/image/1/1650/1650s.jpg","以勇者身分被召唤到异世界的椎名一成，正与魔王进行最终决战。然而，他却遭到既是伙伴…"
"https://raw.githubusercontent.com/ixinzhi/lightnovel-2021/master/十字路口 - 桐山成人 - 20211110.epub",3061,"https://www.wenku8.net/book/3061.htm","title+author","十字路口","桐山成人","角川文库","连载中","2021-11-10","81K","校园 青春 恋爱","http://img.wenku8.com/image/3/3061/3061s.jpg","《十字路口》以大学入学考试为题材，讲述了住在连补习班都没有的小岛上的女高中生海帆…"
"https://raw.githubusercontent.com/ixinzhi/lightnovel-2021/master/废弃公主 - 榊一郎 - 20211108.epub",153,"https://www.wenku8.net/book/153.htm","title+author","废弃公主","榊一郎","富士见文库","已完结/ 已动画化","2021-11-08","1167K","奇幻 魔法 机战 冒险 恋爱","http://img.wenku8.com/image/0/153/153s.jpg","废弃王女---受诅咒的公主，拥有强大的力量，被称为“毁灭世界的猛毒”，当她16岁生日的…"
"https://raw.githubusercontent.com/ixinzhi/lightnovel-2021/master/败犬女主太多了！ - 雨森たきび - 20211106.epub",3057,"https://www.wenku8.net/book/3057.htm","title_only","败北女角太多了！(败犬女主太多了！)","雨森焚火","小学馆","连载中/ 已动画化","2026-07-19","1271K","校园 欢乐向 青春 恋爱 后宫 妹妹","http://img.wenku8.com/image/3/3057/3057s.jpg","平常担任班上背景人物的我──温水和彦，偶然目击人气女同学八奈见杏菜被男生甩掉的失…"
"https://raw.githubusercontent.com/ixinzhi/lightnovel-2021/master/掌中开拓村的异世界建国记 - 星崎昆 - 20211105.epub",2570,"https://www.wenku8.net/book/2570.htm","title+author","掌中开拓村的异世界建国记","星崎昆","MF文库J","连载中","2021-11-05","289K","穿越 经营 后宫 人外","http://img.wenku8.com/image/2/2570/2570s.jpg","转生到异世界的少年&#8231;凯，自出生起就遭受邪神的诅咒，依据教会的规定，他被丢弃到…"
"https://raw.githubusercontent.com/ixinzhi/lightnovel-2021/master/少年阴阳师 - 结城光流 - 20211104.epub",64,"https://www.wenku8.net/book/64.htm","title+author","少年阴阳师","结城光流","少女文库","连载中/ 已动画化","2026-02-04","4235K","奇幻 战斗 冒险","http://img.wenku8.com/image/0/64/64s.jpg","十三岁的昌浩是个在阴阳寮做见习生的菜鸟，他还有个最不喜欢的身分──大阴阳师安倍晴…"
"https://raw.githubusercontent.com/ixinzhi/lightnovel-2021/master/龙与雀斑公主 - 细田守 - 20211102.epub",3058,"https://www.wenku8.net/book/3058.htm","title+author","龙与雀斑公主","细田守","角川文库","已完结/ 已动画化","2021-11-02","82K","科幻 音乐 青春 恋爱 女性视角","http://img.wenku8.com/image/3/3058/3058s.jpg","来吧！在『U』的世界活出另一个您──
与父亲同住在高知偏僻乡间的17岁女高中生铃，曾…"
"https://raw.githubusercontent.com/ixinzhi/lightnovel-2021/master/梦沉抹大拉 - 支仓冻砂 - 20211026.epub",1272,"https://www.wenku8.net/book/1272.htm","title+author","梦沉抹大拉","支仓冻砂","电击文库","","","","奇幻 冒险 恋爱 人外","http://img.wenku8.com/image/1/1272/1272s.jpg","这是一个人们追求新技术，企图将领土拓展到异教徒居住地的时代。身为炼金术师的青年库…"
"https://raw.githubusercontent.com/ixinzhi/lightnovel-2021/master/Ghost 在我的初恋消失之前 - 天祢凉 - 20211024.epub",3055,"https://www.wenku8.net/book/3055.htm","title+author","Ghost 在我的初恋消失之前","天祢凉","其他文库","已完结","2021-10-24","91K","悬疑 奇幻 青春 恋爱 人外 黑暗","http://img.wenku8.com/image/3/3055/3055s.jpg","为什么，祈姐姐会在这里？你明明已经被杀害了——
出现在生方理人面前的，是在连环杀…"
"https://raw.githubusercontent.com/ixinzhi/lightnovel-2021/master/人类的时代结束了，但肚子还是会饿吗？ - 新八角 - 20211022.epub",2997,"https://www.wenku8.net/book/2997.htm","title+author","人类的时代结束了，但肚子还是会饿吗？","新八角","电击文库","已完结","2021-10-22","237K","科幻 末日 美食 百合","http://img.wenku8.com/image/2/2997/2997s.jpg","荒废后的24世纪的东京，大街小巷满满都是合成粮食与电子药物，暴力团伙争斗不停……但…"
"https://raw.githubusercontent.com/ixinzhi/lightnovel-2021/master/时日无多的你留给我的东西 - 日野佑希 - 20211017.epub",3049,"https://www.wenku8.net/book/3049.htm","title+author","时日无多的你留给我的东西","日野佑希","其他文库","已完结","2021-10-17","90K","校园 青春 恋爱","http://img.wenku8.com/image/3/3049/3049s.jpg","瑞树因为母亲的离世而远离幸福，失去希望。某天，不合时令的转校生美咲出现在了他面前…"
"https://raw.githubusercontent.com/ixinzhi/lightnovel-2021/master/绝深海的索拉里斯(无尽深海的索拉利斯) - らきるち - 20211017.epub",1791,"https://www.wenku8.net/book/1791.htm","title_only","绝深海的索拉里斯(无尽深海的索拉利斯)","らきるち","MF文库J","已完结","2021-10-17","220K","科幻 校园 末日 战斗 惊悚 黑暗","http://img.wenku8.com/image/1/1791/1791s.jpg","二十二世纪的人类创造出「征服深海的异能」──《水使者》。山城凑以指导水使者教官的…"
"https://raw.githubusercontent.com/ixinzhi/lightnovel-2021/master/寻找回忆的侦探们 - 镝木莲 - 20211014.epub",2809,"https://www.wenku8.net/book/2809.htm","title+author","寻找回忆的侦探们","镝木莲","其他文库","已完结","2021-10-14","409K","奇幻 治愈","http://img.wenku8.com/image/2/2809/2809s.jpg","这世上，也许没有毫无意义、需要遗弃的回忆
「我们的相遇只有三十分钟。可是，那个人…"
"https://raw.githubusercontent.com/ixinzhi/lightnovel-2021/master/苍之彼方的四重奏－Blue Horizon－ - 陆奥龙介 - 20211011.epub",3048,"https://www.wenku8.net/book/3048.htm","title+author","苍之彼方的四重奏－Blue Horizon－","陆奥龙介","其他文库","已完结/ 已动画化","2021-10-11","112K","校园 科幻 青春 竞技 恋爱 女性视角","http://img.wenku8.com/image/3/3048/3048s.jpg","学长，我啊，在听你提起一片湛蓝的事时，很想亲眼看看那在你心中留下深刻印象的景色。…"
"https://raw.githubusercontent.com/ixinzhi/lightnovel-2021/master/这份心情总有一天会遗忘 - 住野夜 - 20211010.epub",3047,"https://www.wenku8.net/book/3047.htm","title+author","这份心情总有一天会遗忘","住野夜","其他文库","已完结","2021-10-10","159K","青春 恋爱 奇幻","http://img.wenku8.com/image/3/3047/3047s.jpg","我们为什么会相逢？ 
高中生铃木香弥对于平凡的日常感到厌倦。当他刚过完十六岁生日时…"
"https://raw.githubusercontent.com/ixinzhi/lightnovel-2021/master/明治东京恋伽 - 鱼住有希子 - 20210916.epub",3041,"https://www.wenku8.net/book/3041.htm","title+author","明治东京恋伽","鱼住有希子","少女文库","已完结/ 已动画化","2021-09-16","138K","穿越 恋爱 欢乐向 女性视角","http://img.wenku8.com/image/3/3041/3041s.jpg","这里是明治时代的东京???而我是你的未婚妻???
芽衣原本只是个平凡的女高中生，在一个…"
"https://raw.githubusercontent.com/ixinzhi/lightnovel-2021/master/京都寺町三条商店街的福尔摩斯 - 望月麻衣 - 20210915.epub",2522,"https://www.wenku8.net/book/2522.htm","title+author","京都寺町三条商店街的福尔摩斯","望月麻衣","其他文库","连载中/ 已动画化","2021-09-15","443K","悬疑 恋爱 JK 女性视角","http://img.wenku8.com/image/2/2522/2522s.jpg","京都寺町的三条商店街里，
静静伫立着一间古董店「藏」。
女高中生真城葵在因缘巧合…"
"https://raw.githubusercontent.com/ixinzhi/lightnovel-2021/master/让爱撒娇的大姐姐教官养我，是不是太超过了 - 神里大和 - 20210913.epub",2705,"https://www.wenku8.net/book/2705.htm","title+author","让爱撒娇的大姐姐教官养我，是不是太超过了","神里大和","富士见文库","已完结","2021-09-13","358K","奇幻 战斗 欢乐向 恋爱 后宫 人外","http://img.wenku8.com/image/2/2705/2705s.jpg","★第31届Fantasia大赏「银赏」得奖作登场!
★当恶魔杀手菁英遇上大姐姐教官，还是得拜…"
"https://raw.githubusercontent.com/ixinzhi/lightnovel-2021/master/妖怪旅馆营业中 - 友麻碧 - 20210912.epub",2133,"https://www.wenku8.net/book/2133.htm","title+author","妖怪旅馆营业中","友麻碧","少女文库","已完结/ 已动画化","2021-09-12","1275K","奇幻 恋爱 人外 女性视角","http://img.wenku8.com/image/2/2133/2133s.jpg","老字号旅馆「天神屋」，座落于妖魔鬼怪所栖息的世界──隐世。
看得见妖怪的善良女大…"
"https://raw.githubusercontent.com/ixinzhi/lightnovel-2021/master/今夜F时，奔向两个你所在的车站。 - 吉月生 - 20210912.epub",3034,"https://www.wenku8.net/book/3034.htm","title+author","今夜F时，奔向两个你所在的车站。","吉月生","电击文库","已完结","2021-09-12","98K","科幻 青春 恋爱","http://img.wenku8.com/image/3/3034/3034s.jpg","意外到了未来，最爱的女友竟撒手人寰！
回到过去的名额只有一个，面对友情与爱情，昴…"
"https://raw.githubusercontent.com/ixinzhi/lightnovel-2021/master/冰冷的转学生 - 北山猛邦 - 20210912.epub",3036,"https://www.wenku8.net/book/3036.htm","title+author","冰冷的转学生","北山猛邦","角川文库","已完结","2021-09-12","80K","奇幻 悬疑 校园 青春 恋爱","http://img.wenku8.com/image/3/3036/3036s.jpg","某日学校大楼的电梯门一打开，我邂逅了一道难以一眼看穿性别，身穿西装，手持皮箱的美…"
"https://raw.githubusercontent.com/ixinzhi/lightnovel-2021/master/云之彼端，约定的地方 - 加纳新太 - 20210912.epub",3038,"https://www.wenku8.net/book/3038.htm","title+author","云之彼端，约定的地方","加纳新太","角川文库","已完结/ 已动画化","2021-09-12","183K","科幻 青春 冒险","http://img.wenku8.com/image/3/3038/3038s.jpg","在那个遥远的日子，我们许下了无法实现的约定，为了拯救陷入长眠的心仪少女，两名少年…"
"https://raw.githubusercontent.com/ixinzhi/lightnovel-2021/master/追逐繁星的孩子 - あきさかあさひ - 20210912.epub",3037,"https://www.wenku8.net/book/3037.htm","title_only","追逐繁星的孩子","あきさかあさひ","角川文库","已完结/ 已动画化","2021-09-12","61K","奇幻 冒险 青春","http://img.wenku8.com/image/3/3037/3037s.jpg","自幼丧父的明日菜，在山间与母亲相依为命。坚强的明日菜独自担起所有家务，但仍难掩心…"
"https://raw.githubusercontent.com/ixinzhi/lightnovel-2021/master/明日的我将迎风前行 - 乾路加 - 20210910.epub",3033,"https://www.wenku8.net/book/3033.htm","title+author","明日的我将迎风前行","乾路加","角川文库","已完结","2021-09-10","147K","青春 职场 校园","http://img.wenku8.com/image/3/3033/3033s.jpg","仅仅一次的失败，就让人失去了梦想和置身之处——
「要不要试著想像一下未来的自己？…"
"https://raw.githubusercontent.com/ixinzhi/lightnovel-2021/master/Genocide Online - たけのこ - 20210908.epub",2766,"https://www.wenku8.net/book/2766.htm","title_only","Genocide Online","たけのこ","其他文库","连载中","2021-09-08","290K","黑暗 猎奇 战斗 龙傲天 大小姐 女性视角","http://img.wenku8.com/image/2/2766/2766s.jpg","要注意那个可怜的少女""杀人鬼""——
一条玲奈虽然出生于名门望族，却被父亲疏远，并且从…"
"https://raw.githubusercontent.com/ixinzhi/lightnovel-2021/master/梦王国与沉睡中的100位王子殿下 - 狐冢冬里 - 20210908.epub",3031,"https://www.wenku8.net/book/3031.htm","title+author","梦王国与沉睡中的100位王子殿下","狐冢冬里","角川文库","已完结/ 已动画化","2021-09-08","116K","穿越 奇幻 恋爱 冒险","http://img.wenku8.com/image/3/3031/3031s.jpg","雪之国、红茶之国、毒药之国、魔法科学之国以及不可思议之国──
在这些国家接连发生…"
"https://raw.githubusercontent.com/ixinzhi/lightnovel-2021/master/心灵代码 Qualidea Code - 渡航 - 20210904.epub",2322,"https://www.wenku8.net/book/2322.htm","title+author","心灵代码 Qualidea Code","渡航","集英社","已完结/ 已动画化","2021-09-04","255K","科幻 战斗 群像","http://img.wenku8.com/image/2/2322/2322s.jpg","东京、神奈川、千叶──这里是毁坏〈世界〉的最前线。
约三十年前，神秘异形生物UNKN…"
"https://raw.githubusercontent.com/ixinzhi/lightnovel-2021/master/转生王子想懒散度日 - 朝比奈和 - 20210903.epub",2888,"https://www.wenku8.net/book/2888.htm","title+author","转生王子想懒散度日","朝比奈和","其他文库","连载中","2021-09-03","349K","穿越 冒险 欢乐向 后宫","http://img.wenku8.com/image/2/2888/2888s.jpg","身为大学生的我，一之濑阳翔转生成的是小王国格雷斯哈特的最小王子，菲尔·格雷斯哈特…"
"https://raw.githubusercontent.com/ixinzhi/lightnovel-2021/master/拔刀狂想曲 - 宫泽周 - 20210903.epub",606,"https://www.wenku8.net/book/606.htm","title+author","拔刀狂想曲","宫泽周","集英社","连载中","2021-09-03","234K","校园 异能 战斗 欢乐向 性转","http://img.wenku8.com/image/0/606/606s.jpg","平凡的高中生木之崎朋转学进入了火群棚学园。上学的当天，他遇见了战斗中的金发美少女…"
"https://raw.githubusercontent.com/ixinzhi/lightnovel-2021/master/启航吧！编舟计划(编舟记) - 三浦紫苑 - 20210831.epub",3025,"https://www.wenku8.net/book/3025.htm","title+author","启航吧！编舟计划(编舟记)","三浦紫苑","其他文库","已完结/ 已动画化","2021-08-31","107K","职场 青春","http://img.wenku8.com/image/3/3025/3025s.jpg","我们编出一艘坚实的辞典之船，载着古往今来想传递心意的灵魂，航向丰饶的文字大海。
…"
"https://raw.githubusercontent.com/ixinzhi/lightnovel-2021/master/米老鼠的忧郁 - 松冈圭佑 - 20210830.epub",3024,"https://www.wenku8.net/book/3024.htm","title+author","米老鼠的忧郁","松冈圭佑","其他文库","已完结","2021-08-30","91K","职场 青春 悬疑","http://img.wenku8.com/image/3/3024/3024s.jpg","只是一只人型布偶遗失，竟然关系到日本人经营迪士尼乐园的存亡。
这是东京迪士尼乐园…"
"https://raw.githubusercontent.com/ixinzhi/lightnovel-2021/master/变装魔界留学生(捏～捏～裘特!) - 野岛研二 - 20210830.epub",415,"https://www.wenku8.net/book/415.htm","title+author","变装魔界留学生(捏～捏～裘特!)","野岛研二","MF文库J","连载中","2021-08-30","965K","校园 奇幻 欢乐向 后宫 人外","http://img.wenku8.com/image/0/415/415s.jpg","能力值永远卡在九十九的普通班学生──春日理刀，梦想进入能力开发科「星光班」，实现…"
"https://raw.githubusercontent.com/ixinzhi/lightnovel-2021/master/向阳处的她 - 越谷治 - 20210829.epub",3023,"https://www.wenku8.net/book/3023.htm","title+author","向阳处的她","越谷治","其他文库","已完结","2021-08-29","112K","奇幻 青春 恋爱 治愈 人外","http://img.wenku8.com/image/3/3023/3023s.jpg","第一次与你相遇，就知道这是一辈子只会碰上一次的恋爱！
我就像仰赖阳光的小盆栽，对…"
"https://raw.githubusercontent.com/ixinzhi/lightnovel-2021/master/第六个小夜子 - 恩田陆 - 20210828.epub",3022,"https://www.wenku8.net/book/3022.htm","title+author","第六个小夜子","恩田陆","其他文库","已完结","2021-08-28","101K","校园 青春 悬疑 惊悚 黑暗","http://img.wenku8.com/image/3/3022/3022s.jpg","你知道“杀人游戏”吗？游戏在这所学校持续了15年，离奇事件接连发生，令人毛骨悚然。…"
"https://raw.githubusercontent.com/ixinzhi/lightnovel-2021/master/神隐的雷季 - 恒川光太郎 - 20210827.epub",3021,"https://www.wenku8.net/book/3021.htm","title+author","神隐的雷季","恒川光太郎","角川文库","已完结","2021-08-27","100K","奇幻 悬疑 冒险","http://img.wenku8.com/image/3/3021/3021s.jpg","隐于俗世的古城里，每当雷鸣的季节便会有人『神隐』，大家都说这是无可奈何的事，直到…"
"https://raw.githubusercontent.com/ixinzhi/lightnovel-2021/master/战翼的希格德莉法 - 长月达平 - 20210824.epub",3017,"https://www.wenku8.net/book/3017.htm","title+author","战翼的希格德莉法","长月达平","角川文库","连载中/ 已动画化","2021-08-24","222K","奇幻 战争 百合","http://img.wenku8.com/image/3/3017/3017s.jpg","来历不明的敌性存在，导致人类逐渐失去生存空间。人们最后的希望，乃是驾驶英灵机遨翔…"
"https://raw.githubusercontent.com/ixinzhi/lightnovel-2021/master/桐之宫稻荷 - 叶泉 - 20210824.epub",3018,"https://www.wenku8.net/book/3018.htm","title+author","桐之宫稻荷","叶泉","其他文库","已完结","2021-08-24","70K","奇幻 女性视角","http://img.wenku8.com/image/3/3018/3018s.jpg","我叫桐之宫稻荷，住在贫民窟稻荷山，是个可爱的十八岁小女生，却在从事特种行业。
这…"
"https://raw.githubusercontent.com/ixinzhi/lightnovel-2021/master/薇尔莉特·伊芙加登(紫罗兰永恒花园) - 晓佳奈 - 20210823.epub",2353,"https://www.wenku8.net/book/2353.htm","title+author","薇尔莉特·伊芙加登(紫罗兰永恒花园)","晓佳奈","其他文库","已完结/ 已动画化","2021-08-23","502K","职场 恋爱 治愈 女性视角","http://img.wenku8.com/image/2/2353/2353s.jpg","「自动手记人偶」的诞生，是遥远过去的事情。
活版印刷的权威奥兰德博士，为了失明的…"
"https://raw.githubusercontent.com/ixinzhi/lightnovel-2021/master/博多豚骨拉面团 - 木崎千秋 - 20210823.epub",1696,"https://www.wenku8.net/book/1696.htm","title+author","博多豚骨拉面团","木崎千秋","电击文库","","","","悬疑 犯罪 黑暗 群像 伪娘","http://img.wenku8.com/image/1/1696/1696s.jpg","福冈乍看是个和平的城市，背地里却是龙蛇混杂、犯罪蔓延，有钱有权就能买到人命，已成…"
"https://raw.githubusercontent.com/ixinzhi/lightnovel-2021/master/如果有妹妹就好了(要是有个妹妹就好了) - 平坂读 - 20210822.epub",2017,"https://www.wenku8.net/book/2017.htm","title+author","如果有妹妹就好了(要是有个妹妹就好了)","平坂读","小学馆","已完结/ 已动画化","2021-08-22","1122K","职场 青春 恋爱 欢乐向 群像 妹妹","http://img.wenku8.com/image/2/2017/2017s.jpg","妹控小说家·羽岛伊月，随时有一群充满个性的人聚集在他的身旁。爱与才能都是重量级，…"
"https://raw.githubusercontent.com/ixinzhi/lightnovel-2021/master/我的日常推理 - 若竹七海 - 20210822.epub",3016,"https://www.wenku8.net/book/3016.htm","title+author","我的日常推理","若竹七海","其他文库","已完结","2021-08-22","129K","悬疑","http://img.wenku8.com/image/3/3016/3016s.jpg","你有没有仔细看？仔细听？千万别放过日常生活中任何一个小细节，因为那都可能埋藏著惊…"
"https://raw.githubusercontent.com/ixinzhi/lightnovel-2021/master/织田信奈的野望 - 春日御影 - 20210820.epub",692,"https://www.wenku8.net/book/692.htm","title+author","织田信奈的野望","春日御影","富士见文库","已完结/ 已动画化","2022-10-30","3771K","穿越 冒险 战争 后宫 欢乐向","http://img.wenku8.com/image/0/692/692s.jpg","高中生相良良晴回过神来，发现自己不知为何身处在战国时代的战场中！？在那里，他遇见…"
"https://raw.githubusercontent.com/ixinzhi/lightnovel-2021/master/衣柜中的千代子 - 荻原浩 - 20210818.epub",3012,"https://www.wenku8.net/book/3012.htm","title+author","衣柜中的千代子","荻原浩","其他文库","已完结","2021-08-18","128K","奇幻 悬疑 惊悚","http://img.wenku8.com/image/3/3012/3012s.jpg","让人感到惆怅不已、九夜恐怖惊悚的故事。
情节虽然恐怖，但也很感伤。虽然好笑，却是…"
"https://raw.githubusercontent.com/ixinzhi/lightnovel-2021/master/使者 - 辻村深月 - 20210817.epub",3011,"https://www.wenku8.net/book/3011.htm","title+author","使者","辻村深月","其他文库","已完结","2021-08-17","138K","奇幻 悬疑","http://img.wenku8.com/image/3/3011/3011s.jpg","他们是生者与死者的「中间人」，专门接受在世者的委托，召唤已逝的人见面，不过，一生…"
"https://raw.githubusercontent.com/ixinzhi/lightnovel-2021/master/欢迎光临魔女馆 - 九十九蓉子 - 20210815.epub",1637,"https://www.wenku8.net/book/1637.htm","title+author","欢迎光临魔女馆","九十九蓉子","讲谈社","连载中","2021-08-15","265K","奇幻 魔法 女性视角","http://img.wenku8.com/image/1/1637/1637s.jpg","货真价实的魔女现身眼前，你能抵挡成为魔法师的诱惑吗？
亚卡莉是渴望成为魔法师的六…"
"https://raw.githubusercontent.com/ixinzhi/lightnovel-2021/master/甜点关系系列 - 上田早夕里 - 20210814.epub",2999,"https://www.wenku8.net/book/2999.htm","title+author","甜点关系系列","上田早夕里","其他文库","已完结","2021-08-14","257K","悬疑 美食 恋爱","http://img.wenku8.com/image/2/2999/2999s.jpg","以甜点世界为舞台，少许惊奇，些微日常，佐以温暖，韵味无穷的「甜点关系」人生故事登…"
"https://raw.githubusercontent.com/ixinzhi/lightnovel-2021/master/风神秘抄 - 荻原规子 - 20210814.epub",3002,"https://www.wenku8.net/book/3002.htm","title+author","风神秘抄","荻原规子","其他文库","已完结","2021-08-14","211K","奇幻 冒险 恋爱","http://img.wenku8.com/image/3/3002/3002s.jpg","平安末期的平治之乱，生于武士之家的少年草十郎，遇见为死者镇魂而舞的少女系世。
草…"
"https://raw.githubusercontent.com/ixinzhi/lightnovel-2021/master/黄金之王 白银之王 - 泽村凛 - 20210814.epub",1527,"https://www.wenku8.net/book/1527.htm","title+author","黄金之王 白银之王","泽村凛","角川文库","已完结","2021-08-14","205K","奇幻","http://img.wenku8.com/image/1/1527/1527s.jpg","薰衣——是竖起尾羽的白银雷鸟，旺厦一族之首。
稆——是闪耀金黄芒穗的芒草，凤龝一…"
"https://raw.githubusercontent.com/ixinzhi/lightnovel-2021/master/月影骨董鉴定帖 - 谷崎泉 - 20210813.epub",3004,"https://www.wenku8.net/book/3004.htm","title+author","月影骨董鉴定帖","谷崎泉","少女文库","已完结","2021-08-13","323K","悬疑 耽美","http://img.wenku8.com/image/3/3004/3004s.jpg","有「寺町」别名的东京谷中，有间名为月影寺的老庙。
在月影寺墓地一角，有一扇通往竹…"
"https://raw.githubusercontent.com/ixinzhi/lightnovel-2021/master/军师无所不知 - タンバ - 20210813.epub",1907,"https://www.wenku8.net/book/1907.htm","title_only","军师无所不知","タンバ","其他文库","连载中","2021-08-13","556K","穿越 战争 后宫","http://img.wenku8.com/image/1/1907/1907s.jpg","我·榑井幸人在临死之际许了愿。如果有来生，我想成为一个熟知他人的人——当我再次醒…"
"https://raw.githubusercontent.com/ixinzhi/lightnovel-2021/master/后宫染华传(后宫系列十一) - 阳丘莉乃 - 20210813.epub",3007,"https://www.wenku8.net/book/3007.htm","title+author","后宫染华传(后宫系列十一)","阳丘莉乃","少女文库","已完结","2021-08-13","116K","恋爱","http://img.wenku8.com/image/3/3007/3007s.jpg","在极尽荣华之凯帝国中，诞生了新的皇贵妃。名李紫莲。其职责是作为虚假宠妃统治后宫。…"
"https://raw.githubusercontent.com/ixinzhi/lightnovel-2021/master/记忆使者 - 织守きょうや - 20210812.epub",2282,"https://www.wenku8.net/book/2282.htm","title+author","记忆使者","织守きょうや","角川文库","已完结","2021-08-12","277K","科幻 悬疑","http://img.wenku8.com/image/2/2282/2282s.jpg","大学生辽一爱慕罹患严重夜路恐惧症的学姊杏子，辽一耐性陪伴著她，希望能疗愈杏子的恐…"
"https://raw.githubusercontent.com/ixinzhi/lightnovel-2021/master/没有钥匙的梦 - 辻村深月 - 20210812.epub",3006,"https://www.wenku8.net/book/3006.htm","title+author","没有钥匙的梦","辻村深月","其他文库","已完结","2021-08-12","87K","青春 悬疑 黑暗","http://img.wenku8.com/image/3/3006/3006s.jpg","一个人一生要经历多少大事？上学、毕业、工作、恋爱、结婚、生子……只是其中一件事不…"
"https://raw.githubusercontent.com/ixinzhi/lightnovel-2021/master/茶道少主的京都出走 - 松村荣子 - 20210811.epub",1455,"https://www.wenku8.net/book/1455.htm","title+author","茶道少主的京都出走","松村荣子","其他文库","已完结","2021-08-11","369K","青春 旅行","http://img.wenku8.com/image/1/1455/1455s.jpg","茶道传人的摇摆青春 千年古都的热血浪游
我十八岁，我离家出走。我可能会在旅途中找到…"
"https://raw.githubusercontent.com/ixinzhi/lightnovel-2021/master/花X华 - 岩田洋季 - 20210810.epub",1028,"https://www.wenku8.net/book/1028.htm","title+author","花X华","岩田洋季","电击文库","已完结","2021-08-10","943K","校园 青春 欢乐向 后宫 青梅竹马","http://img.wenku8.com/image/1/1028/1028s.jpg","献上「双花」交织而成的校园爱情喜剧！
「我想让你再拍一次。」
高二的春假，园端夕…"
"https://raw.githubusercontent.com/ixinzhi/lightnovel-2021/master/绅堂副教授之帝都异闻录 - 爱德华·史密斯 - 20210806.epub",2995,"https://www.wenku8.net/book/2995.htm","title+author","绅堂副教授之帝都异闻录","爱德华·史密斯","电击文库","连载中","2021-08-06","230K","奇幻 悬疑 恋爱","http://img.wenku8.com/image/2/2995/2995s.jpg","时值大正，一个融合西洋浪漫与日本传统的年代。
昂首濶步于帝都东京的繁华街道上的俊…"
"https://raw.githubusercontent.com/ixinzhi/lightnovel-2021/master/后宫瑞华传(后宫系列九) - 阳丘莉乃 - 20210806.epub",3000,"https://www.wenku8.net/book/3000.htm","title+author","后宫瑞华传(后宫系列九)","阳丘莉乃","少女文库","已完结","2021-08-06","118K","恋爱","http://img.wenku8.com/image/3/3000/3000s.jpg","「快允许……允许朕沉溺于你的唇。」
被疏远冷待的皇子高垂峰，如愿以偿龙袍加身登上…"
"https://raw.githubusercontent.com/ixinzhi/lightnovel-2021/master/神圣编年史 - 御子神零 - 20210806.epub",2171,"https://www.wenku8.net/book/2171.htm","title+author","神圣编年史","御子神零","GA文库","连载中","2021-08-06","228K","奇幻 战斗 欢乐向 后宫","http://img.wenku8.com/image/2/2171/2171s.jpg","「给我坚强点！你可不是那种会死在这里的人吧９
在战场上遭到背叛、身负致命伤的帝国暗…"
"https://raw.githubusercontent.com/ixinzhi/lightnovel-2021/master/镰池和马短篇集 - 镰池和马 - 20210805.epub",2142,"https://www.wenku8.net/book/2142.htm","title+author","镰池和马短篇集","镰池和马","电击文库","连载中","2021-08-05","121K","脑洞","http://img.wenku8.com/image/2/2142/2142s.jpg","人肉打字机镰池和马写的各类独立短篇小说，无文库本，主要是发布在电击文库杂志上面的…"
"https://raw.githubusercontent.com/ixinzhi/lightnovel-2021/master/家庭教室 - 伊东歌词太郎 - 20210804.epub",2998,"https://www.wenku8.net/book/2998.htm","title+author","家庭教室","伊东歌词太郎","角川文库","已完结","2021-08-04","134K","校园 青春 黑暗","http://img.wenku8.com/image/2/2998/2998s.jpg","课业、同侪、家庭、自我……
怀抱著不同烦恼的少年们，和真诚以对的家庭教师。
原本…"
"https://raw.githubusercontent.com/ixinzhi/lightnovel-2021/master/独创短篇系列 野崎窗剧场 - 野崎窗 - 20210802.epub",2986,"https://www.wenku8.net/book/2986.htm","title+author","独创短篇系列 野崎窗剧场","野崎窗","电击文库","已完结","2021-08-02","120K","脑洞 欢乐向","http://img.wenku8.com/image/2/2986/2986s.jpg","「电击文库MAGAZINE」上好评连载中的超个性短篇期望已久的（？）文库化。作者·野崎窗…"
"https://raw.githubusercontent.com/ixinzhi/lightnovel-2021/master/我们的重制人生 ver.β - 木绪なち - 20210801.epub",2838,"https://www.wenku8.net/book/2838.htm","title+author","我们的重制人生 ver.β","木绪なち","MF文库J","已完结","2021-08-01","243K","职场 青春 恋爱 后宫","http://img.wenku8.com/image/2/2838/2838s.jpg","────没有回到过去也是青春────
期盼已久的『重制人生』外传企划启动！！
我…"
"https://raw.githubusercontent.com/ixinzhi/lightnovel-2021/master/十二国记 - 小野不由美 - 20210801.epub",63,"https://www.wenku8.net/book/63.htm","title+author","十二国记","小野不由美","讲谈社","已完结/ 已动画化","2021-08-01","2047K","穿越 奇幻 冒险 战争 经营","http://img.wenku8.com/image/0/63/63s.jpg","中岛阳子是无论从哪方面看都是非常平凡的女高中生。一天，一个名叫“景麒”的金发青年…"
"https://raw.githubusercontent.com/ixinzhi/lightnovel-2021/master/含羞草的告白 - 八目迷 - 20210731.epub",2993,"https://www.wenku8.net/book/2993.htm","title+author","银荆的告白(含羞草的告白)","八目迷","小学馆","已完结","2024-12-17","585K","校园 青春 恋爱 青梅竹马 伪娘","http://img.wenku8.com/image/2/2993/2993s.jpg","不起眼的高中生&#8231;纸木咲马有个完美的总角之交──槻木汐。他不但是美少年，而且成…"
"https://raw.githubusercontent.com/ixinzhi/lightnovel-2021/master/你其实是喜欢我的对吧？ - 望公太 - 20210730.epub",2827,"https://www.wenku8.net/book/2827.htm","title+author","你其实是喜欢我的对吧？","望公太","GA文库","连载中","2021-07-30","135K","校园 青春 恋爱 欢乐向","http://img.wenku8.com/image/2/2827/2827s.jpg","总之先从交往开始，超甜的青春恋爱喜剧！
「黑矢君，你其实是喜欢我的对吧？」
「你…"
"https://raw.githubusercontent.com/ixinzhi/lightnovel-2021/master/世界系列 - 西尾维新 - 20210728.epub",91,"https://www.wenku8.net/book/91.htm","title+author","世界系列","西尾维新","讲谈社","已完结","2021-07-28","494K","校园 悬疑 冒险 妹妹","http://img.wenku8.com/image/0/91/91s.jpg","以现在进行式状态跨越禁忌界线的兄妹──柜内样刻与柜内夜月，以及他们的友人──迎槻…"
"https://raw.githubusercontent.com/ixinzhi/lightnovel-2021/master/后宫幻华传(后宫系列五) - 阳丘莉乃 - 20210728.epub",2991,"https://www.wenku8.net/book/2991.htm","title+author","后宫幻华传(后宫系列五)","阳丘莉乃","少女文库","已完结","2021-07-28","143K","恋爱","http://img.wenku8.com/image/2/2991/2991s.jpg","同时娶了12个妃子的凯帝国的崇成帝高游宵宣布，所有的新娘不论出身把她们全部封为了贵…"
"https://raw.githubusercontent.com/ixinzhi/lightnovel-2021/master/编织真理之手 - 佐藤さくら - 20210727.epub",2990,"https://www.wenku8.net/book/2990.htm","title+author","编织真理之手","佐藤さくら","其他文库","连载中","2021-07-27","179K","奇幻 魔法 冒险 战争 群像","http://img.wenku8.com/image/2/2990/2990s.jpg","在最为轻蔑魔导士的王国·拉瓦尔塔，于边境乡村开设私塾的三流魔导士雷昂接受了来自魔…"
"https://raw.githubusercontent.com/ixinzhi/lightnovel-2021/master/我拯救太多女主角引发了世界末日！？ - なめこ印 - 20210723.epub",1270,"https://www.wenku8.net/book/1270.htm","title+author","我拯救太多女主角引发了世界末日！？","なめこ印","HJ文库","已完结","2021-07-23","1303K","校园 奇幻 战斗 欢乐向 后宫 青梅竹马","http://img.wenku8.com/image/1/1270/1270s.jpg","在波乱烈火16岁生日的这一天，遗传自家族的「被卷入各种女孩的危机」特异体质便开始生…"
"https://raw.githubusercontent.com/ixinzhi/lightnovel-2021/master/维修专门店 猫庵 - 尼野ゆたか - 20210722.epub",2985,"https://www.wenku8.net/book/2985.htm","title+author","维修专门店 猫庵","尼野ゆたか","富士见文库","连载中","2021-07-22","92K","奇幻 治愈","http://img.wenku8.com/image/2/2985/2985s.jpg","有猫就推！会借肉球的猫更推！！会修东西又会借肉球的猫推爆！！！
号称「万物皆可维…"
"https://raw.githubusercontent.com/ixinzhi/lightnovel-2021/master/白井小姐 - 乙一 - 20210721.epub",2984,"https://www.wenku8.net/book/2984.htm","title+author","白井小姐","乙一","角川文库","已完结","2021-07-21","95K","奇幻 悬疑 惊悚","http://img.wenku8.com/image/2/2984/2984s.jpg","女大学生山村瑞纪，目睹好友香奈暴毙。聊天时，香奈突然尖叫倒地。翻过她的身体，脸上…"
"https://raw.githubusercontent.com/ixinzhi/lightnovel-2021/master/Perfect friend - 野崎窗 - 20210720.epub",2983,"https://www.wenku8.net/book/2983.htm","title+author","Perfect friend","野崎窗","电击文库","已完结","2021-07-20","80K","科幻 青春 悬疑","http://img.wenku8.com/image/2/2983/2983s.jpg","野崎窗释放的异色谜题，超乎预料的小学篇登场！
「朋友」真的有必要吗？少女们呈献的…"
"https://raw.githubusercontent.com/ixinzhi/lightnovel-2021/master/不死学生凶杀事件～识别组子与游移的不死～ - 野崎窗 - 20210719.epub",2982,"https://www.wenku8.net/book/2982.htm","title+author","不死学生凶杀事件～识别组子与游移的不死～","野崎窗","电击文库","已完结","2021-07-19","70K","科幻 校园 悬疑","http://img.wenku8.com/image/2/2982/2982s.jpg","一天，拥有永恒生命的女生被杀死了。
「这所学园里，存在着拥有永恒生命的学生」
伊…"
"https://raw.githubusercontent.com/ixinzhi/lightnovel-2021/master/舞面真面与面具少女 - 野崎窗 - 20210718.epub",2981,"https://www.wenku8.net/book/2981.htm","title+author","舞面真面与面具少女","野崎窗","电击文库","已完结","2021-07-18","77K","科幻 悬疑","http://img.wenku8.com/image/2/2981/2981s.jpg","二战前，一个叫做舞面彼面的男人以短短一代的时间积累万贯财富。随着战后财阀解体，其…"
"https://raw.githubusercontent.com/ixinzhi/lightnovel-2021/master/［影片］甘露 - 野崎窗 - 20210717.epub",2980,"https://www.wenku8.net/book/2980.htm","title+author","[影]AMRITA(［影片］甘露)","野崎窗","电击文库","已完结","2022-01-29","78K","校园 青春 悬疑","http://img.wenku8.com/image/2/2980/2980s.jpg","第16届电击小说大奖『MediaWorks文库奖』获奖作，异色的青春悬疑剧。
艺大电影社团的…"
"https://raw.githubusercontent.com/ixinzhi/lightnovel-2021/master/江神二郎系列(学生有栖系列) - 有栖川有栖 - 20210715.epub",876,"https://www.wenku8.net/book/876.htm","title+author","江神二郎系列(学生有栖系列)","有栖川有栖","其他文库","连载中","2021-07-15","909K","悬疑 冒险","http://img.wenku8.com/image/0/876/876s.jpg","为了开展夏天集训，英都大学推理小说研究会的核心成员来到了矢吹山上的营地。可是，在…"
"https://raw.githubusercontent.com/ixinzhi/lightnovel-2021/master/我还没拿出真本事 - 三木なずな - 20210714.epub",2957,"https://www.wenku8.net/book/2957.htm","title+author","我还没拿出真本事","三木なずな","集英社","连载中","2021-07-14","142K","奇幻 魔法 龙傲天 后宫","http://img.wenku8.com/image/2/2957/2957s.jpg","最强贵族——即使没拿出真本事也能大显身手、隐藏自己强大的实力，游手好闲的贵族四子…"
"https://raw.githubusercontent.com/ixinzhi/lightnovel-2021/master/进化果实 不知不觉踏上胜利的人生 - 美红 - 20210714.epub",1931,"https://www.wenku8.net/book/1931.htm","title+author","进化果实 不知不觉踏上胜利的人生","美红","其他文库","连载中/ 已动画化","2021-12-31","731K","穿越 魔法 冒险 龙傲天 后宫 青梅竹马","http://img.wenku8.com/image/1/1931/1931s.jpg","偶像培育学园里充满俊男美女，柊诚一却是又胖又丑还有强烈体臭，因此成为霸凌对象，就…"
"https://raw.githubusercontent.com/ixinzhi/lightnovel-2021/master/姐姐是剑圣妹妹是贤者 - 战记暗转 - 20210712.epub",2753,"https://www.wenku8.net/book/2753.htm","title+author","姐姐是剑圣妹妹是贤者","战记暗转","其他文库","连载中","2021-07-12","93K","奇幻 战斗 冒险 后宫 青梅竹马 妹妹","http://img.wenku8.com/image/2/2753/2753s.jpg","由力量决定一切的超实力主义国家 拉路克。身为国王的儿子，但剑与魔法却只有着普通才能…"
"https://raw.githubusercontent.com/ixinzhi/lightnovel-2021/master/384403km 绑架你到月球 - 向坂冰绪 - 20210712.epub",1020,"https://www.wenku8.net/book/1020.htm","title+author","384403km 绑架你到月球","向坂冰绪","其他文库","已完结","2021-07-12","46K","校园 青春 恋爱 百合 女性视角","http://img.wenku8.com/image/1/1020/1020s.jpg","美由纪自幼儿园以来的9年里，一直暗恋理世。和在别的学校上学的理世相距384403km——就…"
"https://raw.githubusercontent.com/ixinzhi/lightnovel-2021/master/正在成长中的学生意外地很有魅力 - 铃木大辅 - 20210711.epub",2866,"https://www.wenku8.net/book/2866.htm","title+author","正在成长中的学生意外地很有魅力","铃木大辅","小学馆","已完结","2021-07-11","251K","校园 青春 恋爱 后宫 JC 妹妹","http://img.wenku8.com/image/2/2866/2866s.jpg","椿屋日向，14岁。
我是新手教师，小野寺达也负责的学生，也是以前的邻居。
她发育特…"
"https://raw.githubusercontent.com/ixinzhi/lightnovel-2021/master/公爵千金的家庭教师 - 七野りく - 20210710.epub",2757,"https://www.wenku8.net/book/2757.htm","title+author","公爵千金的家庭教师(公女殿下的家庭教师)","七野りく","富士见文库","连载中/ 已动画化","2025-12-03","2277K","校园 魔法 战争 后宫 大小姐 妹妹","http://img.wenku8.com/image/2/2757/2757s.jpg","「我还是第一次看到，有人能将浮游魔法使得如此收放自如。」
「这一点也不难，只是大…"
"https://raw.githubusercontent.com/ixinzhi/lightnovel-2021/master/欢迎光临流放者食堂！ - 君川优树 - 20210708.epub",2835,"https://www.wenku8.net/book/2835.htm","title+author","欢迎光临流放者食堂！","君川优树","其他文库","连载中/ 已动画化","2021-07-08","208K","穿越 美食 战斗 欢乐向 后宫","http://img.wenku8.com/image/2/2835/2835s.jpg","被伙伴背叛，惨遭最强队伍『银翼大队』流放的丹尼斯，认为过去始终没能充分发挥自己的…"
"https://raw.githubusercontent.com/ixinzhi/lightnovel-2021/master/我是小丑有什么问题！ - 白井ムク - 20210708.epub",2973,"https://www.wenku8.net/book/2973.htm","title+author","我是小丑有什么问题！","白井ムク","讲谈社","连载中","2021-07-08","59K","校园 欢乐向 青春 恋爱","http://img.wenku8.com/image/2/2973/2973s.jpg","“现在是，表演时间１
在学校扮演边缘人角色的我，实际上有着另一个身份。
为了将来…"
"https://raw.githubusercontent.com/ixinzhi/lightnovel-2021/master/神童勇者的女仆都是漂亮大姐姐! - 望公太 - 20210703.epub",2716,"https://www.wenku8.net/book/2716.htm","title+author","神童勇者的女仆都是漂亮大姐姐!","望公太","MF文库J","连载中","2021-07-03","303K","奇幻 战斗 冒险 欢乐向 龙傲天 后宫","http://img.wenku8.com/image/2/2716/2716s.jpg","席恩是个曾被称颂为神童的勇者。
他打倒了魔王，拯救了世界，却因为「魔王的诅咒」而…"
"https://raw.githubusercontent.com/ixinzhi/lightnovel-2021/master/交换谎言日记 - 樱伊伊予 - 20210629.epub",2968,"https://www.wenku8.net/book/2968.htm","title+author","交换谎言日记","樱伊伊予","其他文库","连载中","2021-06-29","102K","校园 青春 恋爱","http://img.wenku8.com/image/2/2968/2968s.jpg","从谎言开始的爱情，又将会在哪里结束呢？
「我喜欢你。」
在抽屉里发现只写了这句话…"
"https://raw.githubusercontent.com/ixinzhi/lightnovel-2021/master/我的骁勇威震天地 亚历克希斯帝国昌隆记 - 淡群赤光 - 20210625.epub",2640,"https://www.wenku8.net/book/2640.htm","title+author","我的骁勇威震天地 亚历克希斯帝国昌隆记","淡群赤光","GA文库","连载中","2021-06-25","364K","战争 复仇 恋爱","http://img.wenku8.com/image/2/2640/2640s.jpg","天下无敌──世人对亚历克希斯大帝「雷欧纳多一世」骁勇善战的真实评价正是如此。然而…"
"https://raw.githubusercontent.com/ixinzhi/lightnovel-2021/master/我那转生成魔导少女的双剑实在太优秀了 - 岩波零 - 20210621.epub",2805,"https://www.wenku8.net/book/2805.htm","title+author","我那转生成魔导少女的双剑实在太优秀了","岩波零","MF文库J","已完结","2021-06-21","242K","穿越 校园 欢乐向 后宫 人外","http://img.wenku8.com/image/2/2805/2805s.jpg","勇翔的目标是成为一流剑士。有一天，他被突然现身道场的神秘男子杀死，就这样转生到异…"
"https://raw.githubusercontent.com/ixinzhi/lightnovel-2021/master/超次元游戏海王星：梦魇时刻？ - 八木莲太郎 - 20210619.epub",2963,"https://www.wenku8.net/book/2963.htm","title+author","超次元游戏海王星：梦魇时刻？","八木莲太郎","MF文库J","已完结/ 已动画化","2021-06-19","65K","科幻 游戏 战斗 百合 女性视角","http://img.wenku8.com/image/2/2963/2963s.jpg","——这里是游戏业界，一个由“女神”们所各自守护的国度组成的世界。亘古以来，女神们…"
"https://raw.githubusercontent.com/ixinzhi/lightnovel-2021/master/消灭都市 - 高桥庆 - 20210617.epub",2962,"https://www.wenku8.net/book/2962.htm","title+author","消灭都市","高桥庆","其他文库","已完结/ 已动画化","2021-06-17","69K","科幻 冒险 战斗","http://img.wenku8.com/image/2/2962/2962s.jpg","三年前，一座都市被『消灭』了！
三年后，拓也接到委托，与神秘少女小雪前往人称『失…"
"https://raw.githubusercontent.com/ixinzhi/lightnovel-2021/master/实境网游VRMMO的课金无双 - 鰤／牙 - 20210617.epub",2036,"https://www.wenku8.net/book/2036.htm","title+author","实境网游VRMMO的课金无双","鰤/牙","HJ文库","已完结","2021-06-17","576K","魔法 机战 龙傲天 后宫 人外","http://img.wenku8.com/image/2/2036/2036s.jpg","石蕗财团的小开，石蕗一朗是超级有钱的大少爷。他受堂妹，石蕗明日叶之托「在游戏里找…"
"https://raw.githubusercontent.com/ixinzhi/lightnovel-2021/master/终末之图书馆 - 冬月いろり - 20210616.epub",2709,"https://www.wenku8.net/book/2709.htm","title+author","终末之图书馆","冬月いろり","电击文库","已完结","2021-06-16","317K","奇幻 冒险","http://img.wenku8.com/image/2/2709/2709s.jpg","第25回电击小说大赏《银赏》受赏作!
 在这个有着意志与魔力，各种各样魔物栖息的世界…"
"https://raw.githubusercontent.com/ixinzhi/lightnovel-2021/master/通往乐园的廉正之路 - 野村美月 - 20210609.epub",2366,"https://www.wenku8.net/book/2366.htm","title+author","通往乐园的廉正之路","野村美月","Fami通文库","连载中","2021-06-09","234K","恋爱 欢乐向 后宫","http://img.wenku8.com/image/2/2366/2366s.jpg","「新任国王陛下，我们前来迎接您。」
由一介庶民摇身─变，继承王位的路德维克。
刚登…"
"https://raw.githubusercontent.com/ixinzhi/lightnovel-2021/master/重生勇者面露冷笑，步上复仇之路 - 木冢ネロ - 20210606.epub",2283,"https://www.wenku8.net/book/2283.htm","title+author","重生勇者面露冷笑，步上复仇之路","木冢ネロ","MF文库J","已完结","2021-06-06","957K","穿越 奇幻 战斗 复仇 人外","http://img.wenku8.com/image/2/2283/2283s.jpg","被召唤到异世界成为勇者的我，到底做错了什么──宇景海人扪心自问。
受到他人乞求协…"
"https://raw.githubusercontent.com/ixinzhi/lightnovel-2021/master/帝剑的Parabellum - 川口士 - 20210602.epub",2959,"https://www.wenku8.net/book/2959.htm","title+author","帝剑的Parabellum","川口士","集英社","已完结","2021-06-02","138K","奇幻 冒险 魔法 战斗 后宫","http://img.wenku8.com/image/2/2959/2959s.jpg","wenku8特别提醒：因插图尺度问题，该书不收录完整插图

“神圣审判开始了。对阿尔大…"
"https://raw.githubusercontent.com/ixinzhi/lightnovel-2021/master/法式甜点幸福堂书店 - 秦本幸弥 - 20210531.epub",2958,"https://www.wenku8.net/book/2958.htm","title+author","法式甜点幸福堂书店","秦本幸弥","其他文库","连载中","2021-05-31","83K","恋爱 治愈 女性视角","http://img.wenku8.com/image/2/2958/2958s.jpg","可爱女店长&抖S型男甜点师为你带来幸福的奇迹！
热闹的商店街上，「法式甜点幸福堂书店…"
"https://raw.githubusercontent.com/ixinzhi/lightnovel-2021/master/赌博师从不祈祷(赌博师不会祈祷) - 周藤莲 - 20210531.epub",2237,"https://www.wenku8.net/book/2237.htm","title+author","赌博师从不祈祷(赌博师不会祈祷)","周藤莲","电击文库","已完结","2021-05-31","745K","战斗 冒险 游戏 斗智 恋爱","http://img.wenku8.com/image/2/2237/2237s.jpg","以「不求败」和「不求胜」为信念的年轻赌徒，为拯救受伤的少女，不惜投身招致毁灭的赌…"
"https://raw.githubusercontent.com/ixinzhi/lightnovel-2021/master/%E5%A5%BD%E6%84%9F%E5%BA%A6120%25%E7%9A%84%E5%8C%97%E6%9D%A1%E5%90%8C%E5%AD%A6%E4%BC%BC%E4%B9%8E%E6%84%BF%E6%84%8F%E4%B8%BA%E6%88%91%E5%81%9A%E4%BB%BB%E4%BD%95%E4%BA%8B%E2%80%A6%E2%80%A6%20-%20%E6%9C%AC%E7%94%B0%E3%82%BB%E3%82%AB%E3%82%A4%20-%2020210523.epub",2772,"https://www.wenku8.net/book/2772.htm","title+author","好感度120%的北条同学似乎愿意为我做任何事","本田セカイ","角川文库","已完结","2021-05-23","220K","校园 欢乐向 青春 恋爱","http://img.wenku8.com/image/2/2772/2772s.jpg","我能够看见『别人对我的好感度』。话虽如此，大多数人都是止于『点头之交』的40％左右…"
"https://raw.githubusercontent.com/ixinzhi/lightnovel-2021/master/我们是恋爱特警队 Q比特！！ - 泪爽创太 - 20210521.epub",2953,"https://www.wenku8.net/book/2953.htm","title+author","我们是恋爱特警队 Q比特！！","泪爽创太","电击文库","已完结","2021-05-21","92K","校园 青春 欢乐向","http://img.wenku8.com/image/2/2953/2953s.jpg","高中生活中最重要的盛事就是——「恋爱」。然而，这之中有大约99%的人往往在没能向对方…"
"https://raw.githubusercontent.com/ixinzhi/lightnovel-2021/master/勇者以想要成为朋友的视线看了过来！ - 机村械人 - 20210521.epub",2834,"https://www.wenku8.net/book/2834.htm","title+author","勇者以想要成为朋友的视线看了过来！","机村械人","GA文库","连载中","2021-05-21","69K","奇幻 校园 欢乐向 恋爱 后宫","http://img.wenku8.com/image/2/2834/2834s.jpg","勇者以想要成为朋友的视线看了过来！
「我还是第一次遇到有人像那样普通地对我说话。…"
"https://raw.githubusercontent.com/ixinzhi/lightnovel-2021/master/真恶魔高校DxD - 石踏一荣 - 20210519.epub",2618,"https://www.wenku8.net/book/2618.htm","title+author","真恶魔高校DxD","石踏一荣","富士见文库","连载中","2021-05-19","448K","校园 欢乐向 魔法 战斗 后宫","http://img.wenku8.com/image/2/2618/2618s.jpg","转生成恶魔的高中生——兵藤一诚，通称“一诚”，为了实现当上“后宫王”的梦想而奋斗…"
"https://raw.githubusercontent.com/ixinzhi/lightnovel-2021/master/问题儿童的最终考验(Last Embryo) - 龙之湖太郎 - 20210514.epub",1942,"https://www.wenku8.net/book/1942.htm","title+author","问题儿童的最终考验(Last Embryo)","龙之湖太郎","角川文库","连载中","2021-05-14","835K","穿越 奇幻 斗智 游戏 战斗 欢乐向","http://img.wenku8.com/image/1/1942/1942s.jpg","拥有“少许”特殊能力的少年·西乡焰收到一封邮件。打开那封邮件的瞬间，焰被召唤到异…"
"https://raw.githubusercontent.com/ixinzhi/lightnovel-2021/master/言叶之庭(秋月孝雄视角版) - 加纳新太 - 20210511.epub",2947,"https://www.wenku8.net/book/2947.htm","title+author","言叶之庭(秋月孝雄视角版)","加纳新太","其他文库","已完结/ 已动画化","2021-05-11","71K","青春 恋爱","http://img.wenku8.com/image/2/2947/2947s.jpg","高中生秋月孝雄梦想着成为制鞋师，总是在下雨天的上午溜到公园的庭院里绘制鞋子的设计…"
"https://raw.githubusercontent.com/ixinzhi/lightnovel-2021/master/一不小心就和魔法师契约结婚了 - 三萩千夜 - 20210510.epub",2908,"https://www.wenku8.net/book/2908.htm","title+author","一不小心就和魔法师契约结婚了","三萩千夜","其他文库","已完结","2021-05-10","170K","恋爱 女性视角","http://img.wenku8.com/image/2/2908/2908s.jpg","一觉醒来，深月赫然发现家里不太对劲──原本堆满垃圾的房间变得清洁溜溜、电热水壶悬…"
"https://raw.githubusercontent.com/ixinzhi/lightnovel-2021/master/被学生胁迫这事儿是犯罪吗？ - 相乐总 - 20210507.epub",2501,"https://www.wenku8.net/book/2501.htm","title+author","被学生胁迫这事儿是犯罪吗？","相乐总","MF文库J","已完结","2021-05-07","665K","校园 欢乐向 青春 恋爱 后宫 JC","http://img.wenku8.com/image/2/2501/2501s.jpg","在小初补习班上班的27岁补习班老师——天神。
虽然长于指导小学生初中生，但对小孩子…"
"https://raw.githubusercontent.com/ixinzhi/lightnovel-2021/master/在异世界享受慢活(愿望) - シゲ - 20210507.epub",2842,"https://www.wenku8.net/book/2842.htm","title_only","在异世界享受慢活(愿望)","シゲ","其他文库","连载中","2021-05-07","98K","穿越 魔法 冒险 后宫 人外","http://img.wenku8.com/image/2/2842/2842s.jpg","忍宫一树从女神那里选了许多种能力，并获得转生到异世界的权利。
但是，他并不希望人…"
"https://raw.githubusercontent.com/ixinzhi/lightnovel-2021/master/苍钢的冒渎者 - 榊一郎 - 20210505.epub",2053,"https://www.wenku8.net/book/2053.htm","title+author","苍钢的冒渎者","榊一郎","HJ文库","已完结","2021-05-05","404K","穿越 战斗 旅行 后宫","http://img.wenku8.com/image/2/2053/2053s.jpg","转生到异世界的枪械迷少年行成带著银发少女塔莎一起在各地旅行。某天在偶然之下救了被…"
"https://raw.githubusercontent.com/ixinzhi/lightnovel-2021/master/奇幻☆怪盗 R(怪影☆幻象 R) - 北泽大辅 - 20210502.epub",2944,"https://www.wenku8.net/book/2944.htm","title+author","奇幻☆怪盗 R(怪影☆幻象 R)","北泽大辅","集英社","连载中","2021-05-02","102K","欢乐向 恋爱 战斗 青梅竹马","http://img.wenku8.com/image/2/2944/2944s.jpg","奇迹的幻术，在此重演！
初中一年级的暑假，被卷入名为遗物(artifact)的魔法道具争夺…"
"https://raw.githubusercontent.com/ixinzhi/lightnovel-2021/master/朝比奈若叶与○○男友 - 间孝史 - 20210429.epub",2937,"https://www.wenku8.net/book/2937.htm","title+author","朝比奈若叶与○○男友","间孝史","MF文库J","已完结","2021-04-29","169K","校园 青春 恋爱 欢乐向","http://img.wenku8.com/image/2/2937/2937s.jpg","有些内向女高中生·朝比奈若叶因遭到同学的算计，被强制参加一个“惩罚游戏”。
向第…"
"https://raw.githubusercontent.com/ixinzhi/lightnovel-2021/master/Dear - 深泽仁 - 20210428.epub",2942,"https://www.wenku8.net/book/2942.htm","title+author","Dear","深泽仁","其他文库","已完结","2021-04-28","87K","青春 恋爱","http://img.wenku8.com/image/2/2942/2942s.jpg","爱上一个不爱你的人，与爱上一个不能爱的人，到底哪边比较痛苦呢？
「拜托你别告诉别人…"
"https://raw.githubusercontent.com/ixinzhi/lightnovel-2021/master/请你消失吧 - 苇舟ナツ - 20210427.epub",2940,"https://www.wenku8.net/book/2940.htm","title+author","请你消失吧","苇舟ナツ","电击文库","已完结","2021-04-27","78K","青春 恋爱 人外","http://img.wenku8.com/image/2/2940/2940s.jpg","我恋上的女孩是幽灵。
找不到生活意义的孤单少年，与不知道该如何消失的幽灵少女，在…"
"https://raw.githubusercontent.com/ixinzhi/lightnovel-2021/master/和你放学后重新开始 - 濑川コウ - 20210426.epub",2939,"https://www.wenku8.net/book/2939.htm","title+author","和你放学后重新开始","濑川コウ","其他文库","连载中","2021-04-26","64K","悬疑 奇幻 校园 恋爱","http://img.wenku8.com/image/2/2939/2939s.jpg","我是一个怎样的人？喜欢的是怎样的你？
高二三班有着“理想三班”的美誉，某天却突然…"
"https://raw.githubusercontent.com/ixinzhi/lightnovel-2021/master/巡幸之半女神 - 新井円侍 - 20210426.epub",2938,"https://www.wenku8.net/book/2938.htm","title+author","巡幸之半女神","新井円侍","讲谈社","连载中","2021-04-26","90K","奇幻 战斗","http://img.wenku8.com/image/2/2938/2938s.jpg","未来。那是不知是明天抑或数百年后的未来。
因为名为「神之尖兵」的巨大昆虫，导致文…"
"https://raw.githubusercontent.com/ixinzhi/lightnovel-2021/master/何之缘(冥冥的缘) - 野崎窗 - 20210425.epub",1485,"https://www.wenku8.net/book/1485.htm","title+author","何之缘(冥冥的缘)","野崎窗","电击文库","已完结","2021-04-25","171K","奇幻 治愈","http://img.wenku8.com/image/1/1485/1485s.jpg","老好人波多野裕加理有时会和神秘的兔子相会，突然提到的“兔子先生”的那对令他非常骄…"
"https://raw.githubusercontent.com/ixinzhi/lightnovel-2021/master/智慧村的座敷童子 - 镰池和马 - 20210425.epub",1645,"https://www.wenku8.net/book/1645.htm","title+author","智慧村的座敷童子","镰池和马","电击文库","已完结","2021-04-25","1398K","奇幻 校园 战斗 欢乐向 后宫","http://img.wenku8.com/image/1/1645/1645s.jpg","田园风光与尖端科技共存的区域，就是这个 「智慧村」。
此处把「乡下」这特质诠释得淋…"
"https://raw.githubusercontent.com/ixinzhi/lightnovel-2021/master/我是魔法使。想要脱离勇者小队。 - マルゲリータ - 20210417.epub",2932,"https://www.wenku8.net/book/2932.htm","title_only","我是魔法使。想要脱离勇者小队。","マルゲリータ","其他文库","已完结","2021-04-17","129K","校园 魔法 龙傲天 青春","http://img.wenku8.com/image/2/2932/2932s.jpg","阴沉系见习魔法使&#8231;阿贝尔创造出一套完美的理论──能用魔法＝受女生欢迎！无论是…"
"https://raw.githubusercontent.com/ixinzhi/lightnovel-2021/master/乃木坂明日夏的秘密 - 五十岚雄策 - 20210412.epub",2599,"https://www.wenku8.net/book/2599.htm","title+author","乃木坂明日夏的秘密","五十岚雄策","电击文库","连载中","2021-04-12","247K","校园 欢乐向 青春 恋爱","http://img.wenku8.com/image/2/2599/2599s.jpg","我的同班同学乃木坂明日夏是秀丽端庄，成绩优秀的学园顶尖偶像。
她是动画、漫画研究…"
"https://raw.githubusercontent.com/ixinzhi/lightnovel-2021/master/拂晓的天使 - 茅田砂胡 - 20210411.epub",2666,"https://www.wenku8.net/book/2666.htm","title+author","拂晓的天使","茅田砂胡","其他文库","连载中","2021-04-11","134K","奇幻 人外 女性视角","http://img.wenku8.com/image/2/2666/2666s.jpg","黛西·萝丝在她喜欢的蔷薇园里遇到了三位天使。
紫罗兰色的眼睛和闪亮的银发，是非常…"
"https://raw.githubusercontent.com/ixinzhi/lightnovel-2021/master/娇羞俏梦魔的得意表情真可爱。 - 旭蓑雄 - 20210411.epub",2653,"https://www.wenku8.net/book/2653.htm","title+author","娇羞俏梦魔的得意表情真可爱。","旭蓑雄","电击文库","连载中","2021-04-11","246K","欢乐向 恋爱 人外","http://img.wenku8.com/image/2/2653/2653s.jpg","「咯咯咯……来吧，阿康。你得成为让我习惯男生的练习对象……９
对活生生的女生无法…"
"https://raw.githubusercontent.com/ixinzhi/lightnovel-2021/master/魔弹之王与战姬 - 川口士 - 20210407.epub",1024,"https://www.wenku8.net/book/1024.htm","title+author","魔弹之王与战姬","川口士","MF文库J","已完结/ 已动画化","2021-04-07","2324K","校园 奇幻 战争 后宫 青梅竹马","http://img.wenku8.com/image/1/1024/1024s.jpg","挥舞着龙赐与的超常武器，驰骋在战场上的美丽少女们——战姬。
隶属于国王臣下，七位…"
"https://raw.githubusercontent.com/ixinzhi/lightnovel-2021/master/异世界国家阿尔奇美拉 - 苍乃晓 - 20210405.epub",2928,"https://www.wenku8.net/book/2928.htm","title+author","异世界国家阿尔奇美拉","苍乃晓","GA文库","连载中","2021-04-05","168K","穿越 战争 冒险 龙傲天 后宫","http://img.wenku8.com/image/2/2928/2928s.jpg","在国家经营型VR游戏《TACTICS CHRONICLES》中登上巅峰的国王（玩家）赫里昂，竟连同游…"
"https://raw.githubusercontent.com/ixinzhi/lightnovel-2021/master/动手建造迷宫吧 - 渡良濑ユウ - 20210404.epub",2094,"https://www.wenku8.net/book/2094.htm","title+author","动手建造迷宫吧","渡良濑ユウ","MF文库J","已完结","2021-04-04","548K","奇幻 战斗 欢乐向 后宫 人外","http://img.wenku8.com/image/2/2094/2094s.jpg","在投胎时阴错阳差地被置入「异界智能」的魔王，作风非常特立独行，不仅无心完成征服世…"
"https://raw.githubusercontent.com/ixinzhi/lightnovel-2021/master/进击的巨人 隔绝都市的女王 - 川上亮 - 20210404.epub",2924,"https://www.wenku8.net/book/2924.htm","title+author","进击的巨人 隔绝都市的女王","川上亮","讲谈社","已完结","2021-04-04","145K","战斗 冒险","http://img.wenku8.com/image/2/2924/2924s.jpg","在孤立的困境中寻求希望──
超人气作品「进击的巨人」原创外传小说，新章揭幕！
在…"
"https://raw.githubusercontent.com/ixinzhi/lightnovel-2021/master/昨日寻找星星的借口 - 河野裕 - 20210404.epub",2925,"https://www.wenku8.net/book/2925.htm","title+author","昨日寻找星星的借口","河野裕","角川文库","已完结","2021-04-04","161K","校园 青春 恋爱","http://img.wenku8.com/image/2/2925/2925s.jpg","那时，我曾恋慕着她。
如果说这句话里有什么谎言，也就是我用了过去时罢了。
升学到…"
"https://raw.githubusercontent.com/ixinzhi/lightnovel-2021/master/被虐的诺艾儿 Movement - 诸口正巳 - 20210330.epub",2660,"https://www.wenku8.net/book/2660.htm","title+author","被虐的诺艾儿 Movement","诸口正巳","Fami通文库","连载中","2021-03-30","288K","奇幻 战斗 复仇 悬疑 女性视角","http://img.wenku8.com/image/2/2660/2660s.jpg","诺艾儿．切尔奎帝随时随地都必须位居第一。
虽然以众所瞩目的名门千金之姿挑战钢琴比…"
"https://raw.githubusercontent.com/ixinzhi/lightnovel-2021/master/转生前是男的所以逆后宫容我拒绝 - 森下りんご - 20210328.epub",2768,"https://www.wenku8.net/book/2768.htm","title+author","转生前是男的所以逆后宫容我拒绝","森下りんご","其他文库","连载中","2021-03-28","312K","穿越 校园 欢乐向 性转 百合 大小姐","http://img.wenku8.com/image/2/2768/2768s.jpg","因为在船难中优先了亲友性命而逝去的青年，却在异世界转生为男爵千金索菲&#12539;莉尼艾…"
"https://raw.githubusercontent.com/ixinzhi/lightnovel-2021/master/最后的蓝(End Blue) - 入间人间 - 20210326.epub",2920,"https://www.wenku8.net/book/2920.htm","title+author","最后的蓝(End Blue)","入间人间","电击文库","已完结","2021-03-26","101K","青春 恋爱 百合 女性视角","http://img.wenku8.com/image/2/2920/2920s.jpg","『6人6天6把枪』与『少女妄想中。』的后日谈短篇集。
在山中小屋从事陶艺的岩谷香菜偶…"
"https://raw.githubusercontent.com/ixinzhi/lightnovel-2021/master/终焉之花嫁 - 绫里惠史 - 20210324.epub",2801,"https://www.wenku8.net/book/2801.htm","title+author","终焉的新娘(终焉之花嫁)","绫里惠史","MF文库J","已完结","2022-09-17","319K","奇幻 黑暗 恋爱 人外","http://img.wenku8.com/image/2/2801/2801s.jpg","人类大敌「鬼兵」突然现世，摧残世界长达数百年。人类为了抵抗而设立魔导学园&#8231;黄…"
"https://raw.githubusercontent.com/ixinzhi/lightnovel-2021/master/贤者之孙 - 吉冈刚 - 20210321.epub",2229,"https://www.wenku8.net/book/2229.htm","title+author","贤者之孙","吉冈刚","Fami通文库","连载中/ 已动画化","2021-03-21","1036K","穿越 校园 魔法 战斗 龙傲天 恋爱","http://img.wenku8.com/image/2/2229/2229s.jpg","一个理应意外身亡的青年，以婴儿姿态转世到了异世界！
结果被救国英雄──「贤者」梅…"
"https://raw.githubusercontent.com/ixinzhi/lightnovel-2021/master/圣剑使的禁咒咏唱 - 淡群赤光 - 20210316.epub",1369,"https://www.wenku8.net/book/1369.htm","title+author","圣剑使的禁咒咏唱","淡群赤光","GA文库","已完结/ 已动画化","2021-03-16","2106K","校园 魔法 战斗 后宫 妹妹","http://img.wenku8.com/image/1/1369/1369s.jpg","「我有预感会遇见哥哥大人９「我的唇……你不记得了吧。」
前世为公主剑士，与兄长立…"
"https://raw.githubusercontent.com/ixinzhi/lightnovel-2021/master/解谜才不像漫画那么简单 - 藤崎都 - 20210313.epub",2909,"https://www.wenku8.net/book/2909.htm","title+author","解谜才不像漫画那么简单","藤崎都","少女文库","已完结","2021-03-13","80K","悬疑 耽美","http://img.wenku8.com/image/2/2909/2909s.jpg","傲娇前漫画家╳迟钝警察
不管个性还是推理能力
全都天．差．地．远！？
略显迟钝的…"
"https://raw.githubusercontent.com/ixinzhi/lightnovel-2021/master/毁灭魔导王与魔像蛮妃 - 北下路来名 - 20210311.epub",2759,"https://www.wenku8.net/book/2759.htm","title+author","毁灭魔导王与魔像蛮妃","北下路来名","角川文库","连载中","2021-03-11","266K","穿越 奇幻 恋爱 龙傲天 人外","http://img.wenku8.com/image/2/2759/2759s.jpg","回过神来，「我」发现自己来到了异世界，身上只穿著一件超丑的睡衣。
我似乎是以毁灭…"
"https://raw.githubusercontent.com/ixinzhi/lightnovel-2021/master/海市蜃楼之馆 直至原点的故事 - 缥けいか - 20210308.epub",2901,"https://www.wenku8.net/book/2901.htm","title+author","海市蜃楼之馆 直至原点的故事","缥けいか","GA文库","连载中","2021-03-08","161K","悬疑 惊悚","http://img.wenku8.com/image/2/2901/2901s.jpg","人气同人游戏「海市蜃楼之馆」原制作成员共同打造的完全小说！
「主人？您怎么了吗？」…"
"https://raw.githubusercontent.com/ixinzhi/lightnovel-2021/master/典药寮的魔女 - 橘悠马 - 20210306.epub",2904,"https://www.wenku8.net/book/2904.htm","title+author","典药寮的魔女","橘悠马","其他文库","已完结","2021-03-06","136K","悬疑 恋爱","http://img.wenku8.com/image/2/2904/2904s.jpg","[第十届京都动画大奖特别赏]
飞廉的主人是在典药寮工作的药师少女——雪代。
她虽为…"
"https://raw.githubusercontent.com/ixinzhi/lightnovel-2021/master/艾蕾GY(elegy) - 泉和良 - 20210305.epub",2903,"https://www.wenku8.net/book/2903.htm","title+author","艾蕾GY(elegy)","泉和良","讲谈社","已完结","2021-03-05","80K","青春 恋爱 JK","http://img.wenku8.com/image/2/2903/2903s.jpg","「跪求你的内裤装写真９
刚刚失恋的免费游戏作家在网络上遇到了充满魅力、人生却不断…"
"https://raw.githubusercontent.com/ixinzhi/lightnovel-2021/master/那个大叔享受着第二轮的异世界生活 - 月夜泪 - 20210305.epub",2600,"https://www.wenku8.net/book/2600.htm","title+author","那个大叔享受着第二轮的异世界生活","月夜泪","其他文库","连载中","2021-03-05","307K","穿越 魔法 冒险 后宫 人外","http://img.wenku8.com/image/2/2600/2600s.jpg","裕也是一名中年的冒险者，生活在剑与魔法的世界里。虽然很努力，但却因为没有才能，总…"
"https://raw.githubusercontent.com/ixinzhi/lightnovel-2021/master/厨病激发BOY - 藤并みなと - 20210305.epub",2900,"https://www.wenku8.net/book/2900.htm","title+author","厨病激发BOY","藤并みなと","角川文库","连载中/ 已动画化","2021-03-05","126K","音乐 校园 青春 恋爱 女性视角","http://img.wenku8.com/image/2/2900/2900s.jpg","因为某些原因，圣瑞姬在不上不下的时期转学到新高中。
没想到，她为了针眼戴上的单片…"
"https://raw.githubusercontent.com/ixinzhi/lightnovel-2021/master/机动魔装骑 - 妹尾尻尾 - 20210301.epub",2899,"https://www.wenku8.net/book/2899.htm","title+author","机动魔装骑","妹尾尻尾","讲谈社","连载中","2021-03-01","113K","穿越 校园 战斗 后宫 龙傲天","http://img.wenku8.com/image/2/2899/2899s.jpg","自从人类的天敌「玄界兽」出现又经过了十几年的时间。尽管人类的疆域持续缩减，但仍勉…"
"https://raw.githubusercontent.com/ixinzhi/lightnovel-2021/master/14个月 - 市川拓司 - 20210228.epub",750,"https://www.wenku8.net/book/750.htm","title+author","14个月","市川拓司","其他文库","已完结","2021-02-28","143K","科幻 青春 恋爱","http://img.wenku8.com/image/0/750/750s.jpg","本书由《Separation－你的归宿》和《Voice心声》这两个故事构成。
描写一对从高中时代…"
"https://raw.githubusercontent.com/ixinzhi/lightnovel-2021/master/昴宿七星(七星的昴星团) - 田尾典丈 - 20210227.epub",2245,"https://www.wenku8.net/book/2245.htm","title+author","昴宿七星(七星的昴星团)","田尾典丈","小学馆","已完结/ 已动画化","2021-02-27","773K","奇幻 战斗 冒险 青春","http://img.wenku8.com/image/2/2245/2245s.jpg","曾经红遍全世界的人气MMORPG《UNION》中，有一支队名叫做昴宿的传说级队伍。这支队伍是…"
"https://raw.githubusercontent.com/ixinzhi/lightnovel-2021/master/转生王子的英雄谭 - 楠のびる - 20210227.epub",2892,"https://www.wenku8.net/book/2892.htm","title+author","转生王子的英雄谭","楠のびる","其他文库","连载中","2021-02-27","300K","穿越 经营 恋爱 性转","http://img.wenku8.com/image/2/2892/2892s.jpg","宅女早川凉子，三十五岁的生日前一天，因交通事故去世了。
然后转生到异世界，而且还…"
"https://raw.githubusercontent.com/ixinzhi/lightnovel-2021/master/DELIVERY ROOM - 西尾维新 - 20210224.epub",2894,"https://www.wenku8.net/book/2894.htm","title+author","DELIVERY ROOM","西尾维新","讲谈社","已完结","2021-02-24","172K","悬疑 黑暗 游戏 脑洞","http://img.wenku8.com/image/2/2894/2894s.jpg","侭宫宫子收到了一封招待状，上面写的是——
·参加费50万円
·为您带来幸福而又安全…"
"https://raw.githubusercontent.com/ixinzhi/lightnovel-2021/master/代号D机关(鬼牌游戏) - 柳广司 - 20210221.epub",2067,"https://www.wenku8.net/book/2067.htm","title+author","代号D机关(鬼牌游戏)","柳广司","角川文库","已完结/ 已动画化","2021-02-21","400K","悬疑 间谍 斗智","http://img.wenku8.com/image/2/2067/2067s.jpg","在结城中校的力排众议下，日本陆军成立了间谍培训学校“D机关”。在这里，所有成员都被…"
"https://raw.githubusercontent.com/ixinzhi/lightnovel-2021/master/FGO Mystery - 円居挽 - 20210221.epub",2891,"https://www.wenku8.net/book/2891.htm","title+author","FGO Mystery","円居挽","讲谈社","已完结","2021-02-21","146K","悬疑","http://img.wenku8.com/image/2/2891/2891s.jpg","「无论点子有多少，故事的结局仍旧只有一个。
但是如果有个能够将式部的心愿与各位的…"
"https://raw.githubusercontent.com/ixinzhi/lightnovel-2021/master/阶梯岛系列(消失吧，群青) - 河野裕 - 20210221.epub",1834,"https://www.wenku8.net/book/1834.htm","title+author","阶梯岛系列(消失吧，群青)","河野裕","其他文库","已完结","2021-02-21","638K","校园 悬疑 青春 恋爱","http://img.wenku8.com/image/1/1834/1834s.jpg","失去的东西是什么？
贯穿内心的青春悬疑小说。
11月19日早上6点42分，我与她重逢了。…"
"https://raw.githubusercontent.com/ixinzhi/lightnovel-2021/master/魔法禁书目录SS 生物黑客篇 - 镰池和马 - 20210217.epub",2887,"https://www.wenku8.net/book/2887.htm","title+author","魔法禁书目录SS 生物黑客篇","镰池和马","电击文库","已完结","2021-02-17","156K","校园 科幻 异能 魔法","http://img.wenku8.com/image/2/2887/2887s.jpg","上条当麻君，欢迎来到绚丽多彩的Underground！
在学园都市的小巷中，上条当麻与两位少…"
"https://raw.githubusercontent.com/ixinzhi/lightnovel-2021/master/妖世刃吊华 吾爱之地 而今安在 - 草剃刃 - 20210215.epub",2886,"https://www.wenku8.net/book/2886.htm","title+author","妖世刃吊华 吾爱之地 而今安在","草剃刃","电击文库","连载中","2021-02-15","80K","奇幻 悬疑 冒险 女性视角","http://img.wenku8.com/image/2/2886/2886s.jpg","地狱发生了灵魂大量消失的事件。魂魄妖梦被四季映姬所委托，与小野冢小町一同前往幻想…"
"https://raw.githubusercontent.com/ixinzhi/lightnovel-2021/master/超强技能『召唤厨房』！ - しっぽタヌキ - 20210212.epub",2884,"https://www.wenku8.net/book/2884.htm","title_only","超强技能『召唤厨房』！","しっぽタヌキ","角川文库","连载中","2021-02-12","102K","穿越 魔法 恋爱 女性视角","http://img.wenku8.com/image/2/2884/2884s.jpg","平凡的上班族小井椎奈在前往超市的途中，误打误撞地被卷入圣女召唤而来到了异世界！受…"
"https://raw.githubusercontent.com/ixinzhi/lightnovel-2021/master/消灭魔王的龙骑士 - 鹰山诚一 - 20210211.epub",2110,"https://www.wenku8.net/book/2110.htm","title+author","消灭魔王的龙骑士","鹰山诚一","HJ文库","连载中","2021-02-11","167K","奇幻 战斗 恋爱","http://img.wenku8.com/image/2/2110/2110s.jpg","英雄兰斯洛特&#8231;达比在讨伐魔王的那一瞬间，被黑暗吞噬。等他脱离困境时，时间已经…"
"https://raw.githubusercontent.com/ixinzhi/lightnovel-2021/master/司波达也暗杀计划 - 佐岛勤 - 20210210.epub",2641,"https://www.wenku8.net/book/2641.htm","title+author","司波达也暗杀计划","佐岛勤","电击文库","已完结","2021-02-10","260K","魔法 战斗 龙傲天","http://img.wenku8.com/image/2/2641/2641s.jpg","西元二○九四年春季。
以暗杀为业的少女榛有希，被某个男国中生目击任务现常
虽然想…"
"https://raw.githubusercontent.com/ixinzhi/lightnovel-2021/master/这个勇者明明超TUEEE却过度谨慎 - 土日月 - 20210206.epub",2536,"https://www.wenku8.net/book/2536.htm","title+author","这个勇者明明超TUEEE却过度谨慎","土日月","角川文库","连载中/ 已动画化","2021-02-06","719K","穿越 欢乐向 战斗 龙傲天","http://img.wenku8.com/image/2/2536/2536s.jpg","废柴女神莉丝塔要负责拯救超难模式的世界。
虽然成功召唤出能力值高到犯规的勇者圣哉…"
"https://raw.githubusercontent.com/ixinzhi/lightnovel-2021/master/与电波系女神的同居日常 - 望月唯一 - 20210205.epub",2882,"https://www.wenku8.net/book/2882.htm","title+author","与电波系女神的同居日常","望月唯一","讲谈社","连载中","2021-02-05","90K","校园 青春 恋爱 青梅竹马","http://img.wenku8.com/image/2/2882/2882s.jpg","「要不要成为我的信徒呢？」一头金色长发在月光下闪闪动人、眼瞳如同宝石般碧蓝澄澈，…"
"https://raw.githubusercontent.com/ixinzhi/lightnovel-2021/master/生若冬花的你 - こがらし轮音 - 20210131.epub",2878,"https://www.wenku8.net/book/2878.htm","title+author","生若冬花的你","こがらし轮音","电击文库","已完结","2021-01-31","96K","校园 青春 女性视角","http://img.wenku8.com/image/2/2878/2878s.jpg","★两个生命观与人生道路截然不同的人，却因一场意外而灵魂互换……
「明天死了也没关…"
"https://raw.githubusercontent.com/ixinzhi/lightnovel-2021/master/我的青梅竹马山吹同学 - 道草よもぎ - 20210124.epub",2727,"https://www.wenku8.net/book/2727.htm","title+author","我的青梅竹马山吹同学","道草よもぎ","电击文库","已完结","2021-01-24","236K","校园 奇幻 青春 恋爱 青梅竹马","http://img.wenku8.com/image/2/2727/2727s.jpg","“灯里，我会遵守约定的。”——这是青叶喜一郎在儿时同青梅竹马山吹灯里立下的约定，…"
"https://raw.githubusercontent.com/ixinzhi/lightnovel-2021/master/异世界料理道 - EDA - 20210124.epub",2121,"https://www.wenku8.net/book/2121.htm","title+author","异世界料理道","EDA","HJ文库","连载中","2021-01-24","1326K","穿越 奇幻 美食 恋爱","http://img.wenku8.com/image/2/2121/2121s.jpg","津留见明日太是个见习厨师，在父亲经营的大众食堂帮忙。为了救出可说是父亲心魂所在的…"
"https://raw.githubusercontent.com/ixinzhi/lightnovel-2021/master/怎样都行人家想要回家啦 - 灰猫阳路 - 20210118.epub",2876,"https://www.wenku8.net/book/2876.htm","title+author","怎样都行人家想要回家啦","灰猫阳路","HJ文库","连载中","2021-01-18","93K","奇幻 恋爱 欢乐向 大小姐 女性视角","http://img.wenku8.com/image/2/2876/2876s.jpg","在学园的魔术技能测试中，意外地只得到“2分”的泰波特伯爵千金露露莉亚。哭丧着老师，…"
"https://raw.githubusercontent.com/ixinzhi/lightnovel-2021/master/尼尔：自动人形 - 映岛巡 - 20210115.epub",2463,"https://www.wenku8.net/book/2463.htm","title+author","尼尔：自动人形","映岛巡","GA文库","已完结/ 已动画化","2021-01-15","294K","科幻 战争 人外","http://img.wenku8.com/image/2/2463/2463s.jpg","当人造人以「人类的荣耀」为梦想时，
机械生命体是否也正作著梦？
西历五○一二年，…"
"https://raw.githubusercontent.com/ixinzhi/lightnovel-2021/master/十二大战 - 西尾维新 - 20210107.epub",2699,"https://www.wenku8.net/book/2699.htm","title+author","十二大战","西尾维新","集英社","已完结/ 已动画化","2021-01-07","191K","战斗 大逃杀","http://img.wenku8.com/image/2/2699/2699s.jpg","史上最激烈的生存游戏，开战！
代表「子」、「丑」、「寅」、「卯」、「辰」、「巳」…"
"https://raw.githubusercontent.com/ixinzhi/lightnovel-2021/master/键盘侦探小圈内 - 七尾与史 - 20210106.epub",2206,"https://www.wenku8.net/book/2206.htm","title+author","键盘侦探小圈内","七尾与史","其他文库","连载中","2021-01-06","220K","悬疑 犯罪 黑暗","http://img.wenku8.com/image/2/2206/2206s.jpg","网路和现实互相交错的连续猎奇杀人事件
11年前的悬案
左手掌被砍断的女性尸体一一出…"
"https://raw.githubusercontent.com/ixinzhi/lightnovel-2021/master/乔瑟与虎与鱼群 - 田边圣子 - 20210105.epub",2870,"https://www.wenku8.net/book/2870.htm","title+author","乔瑟与虎与鱼群","田边圣子","角川文库","已完结/ 已动画化","2021-01-05","79K","青春 恋爱 群像 女性视角","http://img.wenku8.com/image/2/2870/2870s.jpg","当乔瑟思考幸福时，那似乎与死亡是同义词。
完美无瑕的幸福，就是死亡本身。
田边圣…"
"https://raw.githubusercontent.com/ixinzhi/lightnovel-2021/master/公爵千金的本领 - 澪亚 - 20210103.epub",2280,"https://www.wenku8.net/book/2280.htm","title+author","公爵千金的本领","澪亚","角川文库","已完结","2021-01-03","835K","穿越 经营 恋爱 大小姐 女性视角","http://img.wenku8.com/image/2/2280/2280s.jpg","「这是乙女游戏的结局场景？」
我前世记忆复苏的时刻，正是反派角色的贵族千金（我）…"
"https://raw.githubusercontent.com/ixinzhi/lightnovel-2021/master/中选为坏人大小姐的话，就优雅地演出吧！ - 柚子れもん - 20210102.epub",2868,"https://www.wenku8.net/book/2868.htm","title+author","中选为坏人大小姐的话，就优雅地演出吧！","柚子れもん","其他文库","连载中","2021-01-02","94K","恋爱 大小姐 女性视角","http://img.wenku8.com/image/2/2868/2868s.jpg","国家级最大计画「推动王子恋情队伍」
这次的任务，就是要演出连撰写罗曼史的作者都相…"
"https://raw.githubusercontent.com/ixinzhi/lightnovel-2018to2020/master/THE NEW GATE - 风波しのぎ - 20201230.epub",2324,"https://www.wenku8.net/book/2324.htm","title+author","THE NEW GATE","风波しのぎ","其他文库","连载中/ 已动画化","2020-12-30","1222K","穿越 战斗 后宫 龙傲天 人外","http://img.wenku8.com/image/2/2324/2324s.jpg","The New Gate是一部大型多人线上游戏，而玩家被迫困在这个游戏里进行死亡游戏，若是不…"
"https://raw.githubusercontent.com/ixinzhi/lightnovel-2018to2020/master/不起眼女主角培育法(路人女主的养成方法) - 丸户史明 - 20201224.epub",1359,"https://www.wenku8.net/book/1359.htm","title+author","不起眼女主角培育法(路人女主的养成方法)","丸户史明","富士见文库","已完结/ 已动画化","2020-12-24","1680K","校园 青春 恋爱 后宫 青梅竹马","http://img.wenku8.com/image/1/1359/1359s.jpg","「我要将你栽培成令人心动得小鹿乱撞的第一女主角９
这个故事是叙述我——安艺伦也，…"
"https://raw.githubusercontent.com/ixinzhi/lightnovel-2018to2020/master/Fate Requiem - 星空流星 - 20201223.epub",2630,"https://www.wenku8.net/book/2630.htm","title+author","Fate Requiem","星空流星","其他文库","连载中","2020-12-23","245K","奇幻 青春 冒险 女性视角","http://img.wenku8.com/image/2/2630/2630s.jpg","──从前，曾经发生过一场大战。
战争终结，世界又恢复和平。如今每个人都拥有“圣杯…"
"https://raw.githubusercontent.com/ixinzhi/lightnovel-2018to2020/master/今晚即便被你杀了 - 濑川コウ - 20201222.epub",2862,"https://www.wenku8.net/book/2862.htm","title+author","今晚即便被你杀了","濑川コウ","讲谈社","连载中","2020-12-22","75K","校园 悬疑 犯罪","http://img.wenku8.com/image/2/2862/2862s.jpg","天使，抑或恶魔。你究竟是哪个？
我的房间里，藏着一个杀人魔妹妹。
终于杀到了第四…"
"https://raw.githubusercontent.com/ixinzhi/lightnovel-2018to2020/master/真·三国志妹 - 春日御影 - 20201222.epub",2669,"https://www.wenku8.net/book/2669.htm","title+author","真·三国志妹","春日御影","富士见文库","连载中","2020-12-22","398K","穿越 战争 后宫 青梅竹马 妹妹","http://img.wenku8.com/image/2/2669/2669s.jpg","一介高中生的我竟在某天，和义妹那波一起被召唤到三国世界！？而且我得到刘备，那波得…"
"https://raw.githubusercontent.com/ixinzhi/lightnovel-2018to2020/master/你在这里，能呼吸吗？ - 竹宫悠由子 - 20201215.epub",2858,"https://www.wenku8.net/book/2858.htm","title+author","你在这里，能呼吸吗？","竹宫悠由子","其他文库","已完结","2020-12-15","54K","穿越 校园 青春 恋爱 女性视角","http://img.wenku8.com/image/2/2858/2858s.jpg","为了你，我绝对、绝对不让这个世界毁灭。
为了你，这一次，我们要努力走向不同的结局…"
"https://raw.githubusercontent.com/ixinzhi/lightnovel-2018to2020/master/无尽黑夜的碎片~那天没能说出口的再见，对你 - 青海野灰 - 20201215.epub",2859,"https://www.wenku8.net/book/2859.htm","title+author","无尽黑夜的碎片~那天没能说出口的再见，对你","青海野灰","电击文库","已完结","2020-12-15","71K","青春 恋爱 女性视角","http://img.wenku8.com/image/2/2859/2859s.jpg","在事故中失去了恋人的灯，未能抚平内心伤痛的她就这样成为了高中生。
唯一能让她的得…"
"https://raw.githubusercontent.com/ixinzhi/lightnovel-2018to2020/master/MORTE ─水葬之少女─ - 缥けいか - 20201213.epub",2856,"https://www.wenku8.net/book/2856.htm","title+author","MORTE ─水葬之少女─","缥けいか","MF文库J","已完结","2020-12-13","114K","科幻 悬疑 冒险 黑暗 恋爱","http://img.wenku8.com/image/2/2856/2856s.jpg","遗传基因的陷阱——MORTE，数万人中便有一个罹患这种怪病，患者的症状是必定会在二十岁…"
"https://raw.githubusercontent.com/ixinzhi/lightnovel-2018to2020/master/神铠猎机布利冈德 - 榊一郎 - 20201205.epub",2854,"https://www.wenku8.net/book/2854.htm","title+author","神铠猎机布利冈德","榊一郎","集英社","连载中","2020-12-05","104K","奇幻 机战 校园 恋爱","http://img.wenku8.com/image/2/2854/2854s.jpg","知名轻小说作家榊一郎与绘师柴乃棹人联手打造的超乎想象英雄物语！否定英雄存在的少年…"
"https://raw.githubusercontent.com/ixinzhi/lightnovel-2018to2020/master/刀使巫女 琉球剑风录 - 朱白あおい - 20201205.epub",2855,"https://www.wenku8.net/book/2855.htm","title+author","刀使巫女 琉球剑风录","朱白あおい","集英社","已完结/ 已动画化","2020-12-05","68K","校园 战斗 百合 女性视角","http://img.wenku8.com/image/2/2855/2855s.jpg","2017年8月某日。平城学馆中等部三年&#12539;朝比奈北斗和镰府女学院中等部一年级&#12539…"
"https://raw.githubusercontent.com/ixinzhi/lightnovel-2018to2020/master/Hello，DEADLINE - 高坂はしやん - 20201203.epub",2658,"https://www.wenku8.net/book/2658.htm","title+author","Hello，DEADLINE","高坂はしやん","富士见文库","连载中","2020-12-03","231K","悬疑 犯罪 战斗","http://img.wenku8.com/image/2/2658/2658s.jpg","位于歌颂和平的皇都中的禁忌地区──「外区」，
自从七年前的「事件」后，遭到政府严…"
"https://raw.githubusercontent.com/ixinzhi/lightnovel-2018to2020/master/幽冥宫殿的死者之王(昏暗宫殿的死者之王) - 槻影 - 20201202.epub",2665,"https://www.wenku8.net/book/2665.htm","title+author","幽冥宫殿的死者之王(昏暗宫殿的死者之王)","槻影","角川文库","连载中","2020-12-02","147K","奇幻 战斗 恋爱","http://img.wenku8.com/image/2/2665/2665s.jpg","受病痛折磨而丧命的少年再次苏醒时——
发现自己因为邪恶死灵魔术师【Necromancer】的…"
"https://raw.githubusercontent.com/ixinzhi/lightnovel-2018to2020/master/物语系列 Monster Season - 西尾维新 - 20201202.epub",2330,"https://www.wenku8.net/book/2330.htm","title+author","物语系列 Monster Season(物语系列十四)","西尾维新","讲谈社","已完结","2025-11-23","771K","校园 奇幻 青春 恋爱 后宫 人外","http://img.wenku8.com/image/2/2330/2330s.jpg","物语系列第五季内容，描述阿良良木历大学四年的故事。前接《物语系列 Off Season》内容…"
"https://raw.githubusercontent.com/ixinzhi/lightnovel-2018to2020/master/降樱的小镇 - 小川晴央 - 20201126.epub",2828,"https://www.wenku8.net/book/2828.htm","title+author","降樱的小镇","小川晴央","其他文库","已完结","2020-11-26","87K","校园 青春 恋爱 百合 女性视角","http://img.wenku8.com/image/2/2828/2828s.jpg","神屋敷翼知道儿时玩伴环木日和的秘密。她引起的奇妙现象“雨樱”——花瓣从天而降，日…"
"https://raw.githubusercontent.com/ixinzhi/lightnovel-2018to2020/master/怪兽娘～奥特怪兽拟人化计划～ - 谷崎央佳 - 20201122.epub",2810,"https://www.wenku8.net/book/2810.htm","title+author","怪兽娘～奥特怪兽拟人化计划～","谷崎央佳","角川文库","连载中/ 已动画化","2020-11-22","139K","欢乐向 战斗 性转 人外","http://img.wenku8.com/image/2/2810/2810s.jpg","奥特怪兽们的灵魂转生为人类，而且还是美少女。被《奥特曼》系列中登场的怪兽灵魂缩寄…"
"https://raw.githubusercontent.com/ixinzhi/lightnovel-2018to2020/master/怕寂寞的春霞同学 - 鶏卵うどん - 20201121.epub",2851,"https://www.wenku8.net/book/2851.htm","title+author","怕寂寞的春霞同学","鶏卵うどん","MF文库J","连载中","2020-11-21","84K","校园 欢乐向 青春 恋爱","http://img.wenku8.com/image/2/2851/2851s.jpg","为了追求暗恋的女神——田径美女&#12539;大空真森，诚斗与谎言妖精——德比签下了契约：…"
"https://raw.githubusercontent.com/ixinzhi/lightnovel-2018to2020/master/普通攻击是全体二连击，这样的妈妈你喜欢吗？(平A=两次全体攻击的老妈你喜欢吗？) - 井中だちま - 20201120.epub",2259,"https://www.wenku8.net/book/2259.htm","title+author","普通攻击是全体二连击，这样的妈妈你喜欢吗","井中だちま","富士见文库","","","","穿越 欢乐向 战斗 冒险 后宫","http://img.wenku8.com/image/2/2259/2259s.jpg","“从今往后就跟老妈我一起各种冒险吧１
“不可能的……”被传送到朝思暮想的游戏世界…"
"https://raw.githubusercontent.com/ixinzhi/lightnovel-2018to2020/master/小狐狸们开饭啰！ - 松幸果步 - 20201116.epub",2847,"https://www.wenku8.net/book/2847.htm","title+author","小狐狸们开饭啰！","松幸果步","其他文库","连载中","2020-11-16","82K","穿越 美食 人外","http://img.wenku8.com/image/2/2847/2847s.jpg","担任厨师的秀尚因为工作不顺而来到深山里的神社参拜，没想到却意外闯入稻荷大神养育「…"
"https://raw.githubusercontent.com/ixinzhi/lightnovel-2018to2020/master/乃木若叶是勇者 - タカヒロ - 20201114.epub",2845,"https://www.wenku8.net/book/2845.htm","title_only","乃木若叶是勇者(勇者部系列三)","朱白あおい","电击文库","已完结","2020-11-14","171K","奇幻 战斗 冒险 百合 女性视角","http://img.wenku8.com/image/2/2845/2845s.jpg","故事发生在结城友奈是勇者剧情三百年前。西元2018年,日本四国丸龟市,Vertex首次侵略人…"
"https://raw.githubusercontent.com/ixinzhi/lightnovel-2018to2020/master/罪人与龙共舞 - 浅井ラボ - 20201113.epub",712,"https://www.wenku8.net/book/712.htm","title+author","罪人与龙共舞","浅井ラボ","小学馆","连载中/ 已动画化","2020-11-13","1612K","奇幻 战争 黑暗 恋爱 NTR","http://img.wenku8.com/image/0/712/712s.jpg","咒式与谋略、爱以及因爱而生的背叛──
所谓的咒式，乃操作作用子定数h，让物理法则发…"
"https://raw.githubusercontent.com/ixinzhi/lightnovel-2018to2020/master/异世界转生…才怪！ - 碳酸 - 20201112.epub",2750,"https://www.wenku8.net/book/2750.htm","title+author","异世界转生…才怪！","碳酸","其他文库","连载中","2020-11-12","158K","奇幻 战斗 冒险 后宫","http://img.wenku8.com/image/2/2750/2750s.jpg","结城幸助在一个纯白的房间醒来，他依稀记得今天原本是满心期待的高中生活第一天，却在…"
"https://raw.githubusercontent.com/ixinzhi/lightnovel-2018to2020/master/第101篇百物语 - サイトウケンジ - 20201109.epub",990,"https://www.wenku8.net/book/990.htm","title_only","第101篇百物语","サイトウケンジ","MF文库J","已完结","2020-11-09","824K","奇幻 异能 战斗 欢乐向 后宫","http://img.wenku8.com/image/0/990/990s.jpg","会追杀人的玩偶、于厕所出没的花子，还有以『Lore』为食的魔女。
世界上充满了各式各…"
"https://raw.githubusercontent.com/ixinzhi/lightnovel-2018to2020/master/女高中生小春在异世界成为娼妓summer - 平鸟コウ - 20201108.epub",2841,"https://www.wenku8.net/book/2841.htm","title+author","女高中生小春在异世界成为娼妓summer","平鸟コウ","其他文库","已完结","2020-11-08","113K","穿越 冒险 黑暗 JK 女性视角","http://img.wenku8.com/image/2/2841/2841s.jpg","本篇《女高中生小春在异世界成为娼妓》(这本轻小说真厉害！2019单行本部门第七名)因尺…"
"https://raw.githubusercontent.com/ixinzhi/lightnovel-2018to2020/master/御徒町辉夜姬骑士团 - 浅原ナオト - 20201031.epub",2839,"https://www.wenku8.net/book/2839.htm","title+author","御徒町辉夜姬骑士团","浅原ナオト","角川文库","已完结","2020-10-31","126K","校园 青春 群像","http://img.wenku8.com/image/2/2839/2839s.jpg","耍帅的14岁国中生，与来自月球的少女，
为了少女的明天，少年们自中二岁月毕业——
…"
"https://raw.githubusercontent.com/ixinzhi/lightnovel-2018to2020/master/女装皇家教师(女装家教) - 野村美月 - 20201026.epub",1266,"https://www.wenku8.net/book/1266.htm","title+author","女装皇家教师(女装家教)","野村美月","Fami通文库","已完结","2020-10-26","803K","青春 恋爱 欢乐向 后宫 伪娘","http://img.wenku8.com/image/1/1266/1266s.jpg","「我不当古兰德·道伊了。」被誉为万能天才的古兰德只留下这句话，在即将受派到盟国的…"
"https://raw.githubusercontent.com/ixinzhi/lightnovel-2018to2020/master/异世界超商繁盛记 - 新木伸 - 20201023.epub",2166,"https://www.wenku8.net/book/2166.htm","title+author","异世界超商繁盛记","新木伸","集英社","连载中","2020-10-23","249K","穿越 欢乐向 职场 后宫 人外","http://img.wenku8.com/image/2/2166/2166s.jpg","在巷子里拐个弯，就来到了异世界。
异世界×精灵×超商，而我就是店主。
决定『放弃…"
"https://raw.githubusercontent.com/ixinzhi/lightnovel-2018to2020/master/地狱幽暗亦无花 - 路生よる - 20201022.epub",2732,"https://www.wenku8.net/book/2732.htm","title+author","地狱幽暗亦无花","路生よる","角川文库","连载中","2020-10-22","308K","奇幻 悬疑 犯罪","http://img.wenku8.com/image/2/2732/2732s.jpg","究竟是案件引来了他们，还是他们引来了案件……
无工作、无学籍又无处栖身的远野青儿…"
"https://raw.githubusercontent.com/ixinzhi/lightnovel-2018to2020/master/圣语皇弟与魔剑骑士公主～苍雪记事～ - 春楡遥 - 20201016.epub",2833,"https://www.wenku8.net/book/2833.htm","title+author","圣语皇弟与魔剑骑士公主～苍雪记事～","春楡遥","MF文库J","连载中","2020-10-16","93K","奇幻 校园 魔法 后宫 青梅竹马","http://img.wenku8.com/image/2/2833/2833s.jpg","语言，人类思考的工具，亦可改写物理世界──
这时代之下，〈圣语〉此一语言体系能如…"
"https://raw.githubusercontent.com/ixinzhi/lightnovel-2018to2020/master/梦魔·危机 - 镰池和马 - 20201014.epub",2589,"https://www.wenku8.net/book/2589.htm","title+author","梦魔·危机","镰池和马","电击文库","已完结","2020-10-14","440K","科幻 战斗 后宫 人外","http://img.wenku8.com/image/2/2589/2589s.jpg","允许任何合法或不合法交易行为的假想空间「Money(game)Master」的最强Dealer·苏芳要…"
"https://raw.githubusercontent.com/ixinzhi/lightnovel-2018to2020/master/VRMMO学园快乐魔改造推荐方案 - ハヤケン - 20201012.epub",2831,"https://www.wenku8.net/book/2831.htm","title_only","VRMMO学园快乐魔改造推荐方案","ハヤケン","HJ文库","连载中","2020-10-12","105K","校园 战斗 冒险 龙傲天 后宫","http://img.wenku8.com/image/2/2831/2831s.jpg","把最弱职业魔改造成最强的VRMMO奇幻故事！
热爱游戏的少年&#8231;高代莲的兴趣，是魔改…"
"https://raw.githubusercontent.com/ixinzhi/lightnovel-2018to2020/master/轻小说的快乐写作法 - 本田透 - 20201010.epub",88,"https://www.wenku8.net/book/88.htm","title+author","轻小说的快乐写作法","本田透","GA文库","已完结","2020-10-10","894K","校园 青春 恋爱 欢乐向 后宫 妹妹","http://img.wenku8.com/image/0/88/88s.jpg","想写好轻小说，先进行恋爱模拟训练吧！
与八云意外得知一个惊人的秘密——原来跟自己…"
"https://raw.githubusercontent.com/ixinzhi/lightnovel-2018to2020/master/CHiLD 来自境界的降临者 - 箕崎准 - 20201009.epub",2830,"https://www.wenku8.net/book/2830.htm","title+author","CHiLD 来自境界的降临者","箕崎准","其他文库","连载中","2020-10-09","104K","奇幻 战斗 校园 恋爱 后宫","http://img.wenku8.com/image/2/2830/2830s.jpg","身为平凡高中生的筱宫总司，思緖一片混乱。因为在他面前出现一名突然从天而降，并称他…"
"https://raw.githubusercontent.com/ixinzhi/lightnovel-2018to2020/master/Wizard＇s brain - 三枝零一 - 20201001.epub",356,"https://www.wenku8.net/book/356.htm","title+author","Wizard＇s brain","三枝零一","电击文库","连载中","2020-10-01","893K","科幻 冒险 战斗 恋爱","http://img.wenku8.com/image/0/356/356s.jpg","因为大气操控设备的暴走和战争，人类濒临灭亡的危机。
少年天树炼是能够通过改写存在…"
"https://raw.githubusercontent.com/ixinzhi/lightnovel-2018to2020/master/从毁婚开始的反派千金监狱慢活人生 - 山崎响 - 20200929.epub",2825,"https://www.wenku8.net/book/2825.htm","title+author","从毁婚开始的反派千金监狱慢活人生","山崎响","角川文库","已完结","2020-09-29","203K","欢乐向 复仇 大小姐 女性视角","http://img.wenku8.com/image/2/2825/2825s.jpg","公爵千金蕾切尔被未婚夫艾略特王子以莫须有的罪为理由毁婚，并关进了地牢。
这是情敌…"
"https://raw.githubusercontent.com/ixinzhi/lightnovel-2018to2020/master/魔术学园领域的拳王 - 下等妙人 - 20200928.epub",2565,"https://www.wenku8.net/book/2565.htm","title+author","魔术学园领域的拳王","下等妙人","富士见文库","已完结","2020-09-28","429K","奇幻 校园 战斗 龙傲天 后宫","http://img.wenku8.com/image/2/2565/2565s.jpg","跟著我吧，
我会让你变成最强的男人──
以自身灵魂为武器而战的现代魔术师──
就…"
"https://raw.githubusercontent.com/ixinzhi/lightnovel-2018to2020/master/Only Sense Online绝对神境 - アロハ座长 - 20200926.epub",1730,"https://www.wenku8.net/book/1730.htm","title+author","Only Sense Online 绝对神境","アロハ座长","富士见文库","连载中","2023-06-05","1737K","科幻 魔法 战斗 伪娘 妹妹 青梅竹马","http://img.wenku8.com/image/1/1730/1730s.jpg","「ONLY SENSE ONLINE」──这是一款需要玩家拼凑、组合名为【天赋】的能力，以「独一无…"
"https://raw.githubusercontent.com/ixinzhi/lightnovel-2018to2020/master/吞噬技能的英雄谭 - 浅叶ルウイ - 20200926.epub",2531,"https://www.wenku8.net/book/2531.htm","title+author","吞噬技能的英雄谭","浅叶ルウイ","HJ文库","已完结","2020-09-26","306K","奇幻 冒险 龙傲天 后宫","http://img.wenku8.com/image/2/2531/2531s.jpg","若是为了拯救你，我可以变得无限强大。
充满梦想与希望的《加尔德尼亚七迷宫》。新手…"
"https://raw.githubusercontent.com/ixinzhi/lightnovel-2018to2020/master/废线上的爱丽丝 - マサト真希 - 20200922.epub",2114,"https://www.wenku8.net/book/2114.htm","title+author","废线上的爱丽丝","マサト真希","其他文库","已完结","2020-09-22","247K","青春 恋爱 妹妹","http://img.wenku8.com/image/2/2114/2114s.jpg","「找到了。你就是我的心跳——」
不登校的十七岁·让羽朗逃离东京来到了生别的父亲所…"
"https://raw.githubusercontent.com/ixinzhi/lightnovel-2018to2020/master/学生会侦探桐香 - 杉井光 - 20200922.epub",1215,"https://www.wenku8.net/book/1215.htm","title+author","学生会侦探桐香","杉井光","讲谈社","已完结","2020-09-22","619K","校园 悬疑 欢乐向 百合 后宫","http://img.wenku8.com/image/1/1215/1215s.jpg","我念的高中是一所学生人数多达八千人的大型学园，但执掌学生会的竟是三个女孩子──身…"
"https://raw.githubusercontent.com/ixinzhi/lightnovel-2018to2020/master/生存游戏GO!! - 朝浦 - 20200921.epub",2824,"https://www.wenku8.net/book/2824.htm","title+author","生存游戏GO!!","朝浦","其他文库","连载中","2020-09-21","128K","竞技 战斗 青春 恋爱","http://img.wenku8.com/image/2/2824/2824s.jpg","第一次体验到这么有趣的活动！
这就是生存游戏的奥妙之处！
浑浑噩噩度日的青年贞夫…"
"https://raw.githubusercontent.com/ixinzhi/lightnovel-2018to2020/master/转生!白之王国物语 - 白泽戌亥 - 20200920.epub",1595,"https://www.wenku8.net/book/1595.htm","title+author","转生!白之王国物语","白泽戌亥","其他文库","连载中","2020-09-20","1011K","穿越 奇幻 战争 后宫","http://img.wenku8.com/image/1/1595/1595s.jpg","性格消极、凡事容易死心的男人丧命之后，意外在异世界的雅尔多狄斯提尼亚王国复活。
…"
"https://raw.githubusercontent.com/ixinzhi/lightnovel-2018to2020/master/创始魔法师 - 石之宫カント - 20200920.epub",2571,"https://www.wenku8.net/book/2571.htm","title+author","创始魔法师","石之宫カント","富士见文库","连载中","2020-09-20","466K","奇幻 校园 魔法 后宫 人外","http://img.wenku8.com/image/2/2571/2571s.jpg","久远以前的神话时代中，曾经出现一位魔法师。
他被称为「老师」，传授语言与文化，还…"
"https://raw.githubusercontent.com/ixinzhi/lightnovel-2018to2020/master/学园都市OF THE DEAD - 三河ごーすと - 20200919.epub",2823,"https://www.wenku8.net/book/2823.htm","title+author","学园都市OF THE DEAD","三河ごーすと","其他文库","已完结","2020-09-19","88K","末日 战斗 冒险 妹妹","http://img.wenku8.com/image/2/2823/2823s.jpg","「过去我曾看过这种景象。我是……第二次了埃」
在所有学生都须接受分级的巨大学园都…"
"https://raw.githubusercontent.com/ixinzhi/lightnovel-2018to2020/master/堕女神尤莉丝 - 北泽庆 - 20200918.epub",2822,"https://www.wenku8.net/book/2822.htm","title+author","堕女神尤莉丝","北泽庆","富士见文库","连载中","2020-09-18","92K","奇幻 冒险 战斗 后宫","http://img.wenku8.com/image/2/2822/2822s.jpg","因为诅咒的缘故，剑士扎乌艾尔至今没有同伴。一如既往地不断进行单人冒险的他，在某一…"
"https://raw.githubusercontent.com/ixinzhi/lightnovel-2018to2020/master/想变成宅女，就让我当现充！ - 村上凛 - 20200915.epub",1263,"https://www.wenku8.net/book/1263.htm","title+author","想变成宅女，就让我当现充！","村上凛","富士见文库","已完结","2020-09-15","1441K","校园 青春 恋爱 后宫","http://img.wenku8.com/image/1/1263/1263s.jpg","想要过美好的现充人生，得先把辣妹改造成宅女！？
恋崎桃是个恣意妄为、很Sweets（笑…"
"https://raw.githubusercontent.com/ixinzhi/lightnovel-2018to2020/master/讨伐魔王之后不想出名，于是成为公会会长 - 朱月十话 - 20200915.epub",2572,"https://www.wenku8.net/book/2572.htm","title+author","讨伐魔王之后不想出名，于是成为公会会长","朱月十话","富士见文库","连载中","2020-09-15","482K","奇幻 魔法 龙傲天 人外 女儿","http://img.wenku8.com/image/2/2572/2572s.jpg","具备SSS级超规格能力的奇迹五人之一「迪克&#8231;西佛」在讨伐魔王之后，成为公会的会长…"
"https://raw.githubusercontent.com/ixinzhi/lightnovel-2018to2020/master/最弱无败神装机龙《巴哈姆特》 - 明月千里 - 20200913.epub",1639,"https://www.wenku8.net/book/1639.htm","title+author","最弱无败神装机龙《巴哈姆特》","明月千里","GA文库","已完结/ 已动画化","2020-09-13","2243K","校园 机战 后宫 青梅竹马 妹妹","http://img.wenku8.com/image/1/1639/1639s.jpg","五年前，在革命中遭到推翻的帝国王子·路克斯，不小心误闯女生宿舍的浴池，遇见新王国…"
"https://raw.githubusercontent.com/ixinzhi/lightnovel-2018to2020/master/好歹把猪肝热一下啊！ - 逆井卓马 - 20200911.epub",2817,"https://www.wenku8.net/book/2817.htm","title+author","猪肝记得煮熟再吃(好歹把猪肝热一下啊！)","逆井卓马","电击文库","连载中/ 已动画化","2025-04-09","950K","穿越 欢乐向 恋爱 人外","http://img.wenku8.com/image/2/2817/2817s.jpg","我是个生吃猪肝后昏迷过去的不起眼阿宅。
才以为自己转生到了异世界，却只是变成一只…"
"https://raw.githubusercontent.com/ixinzhi/lightnovel-2018to2020/master/时间 - 镜花 - 20200908.epub",2814,"https://www.wenku8.net/book/2814.htm","title+author","时间","镜花","其他文库","已完结","2020-09-08","81K","奇幻 恋爱 NTR","http://img.wenku8.com/image/2/2814/2814s.jpg","“KA文库最大的感动”
一个男人贯彻爱的悲伤故事
在大学研究室担任助教的有马觉，决…"
"https://raw.githubusercontent.com/ixinzhi/lightnovel-2018to2020/master/同班同学成了我的使魔 - 鹤城东 - 20200908.epub",2815,"https://www.wenku8.net/book/2815.htm","title+author","同班同学成了我的使魔","鹤城东","小学馆","连载中","2020-09-08","139K","奇幻 校园 战斗 欢乐向 恋爱","http://img.wenku8.com/image/2/2815/2815s.jpg","想要让班上的美少女随侍在侧──这种事情，相信任何人都至少想过一两次吧。不过，哎，…"
"https://raw.githubusercontent.com/ixinzhi/lightnovel-2018to2020/master/美少年系列(美少年侦探团) - 西尾维新 - 20200906.epub",2813,"https://www.wenku8.net/book/2813.htm","title+author","美少年系列(美少年侦探团)","西尾维新","讲谈社","连载中/ 已动画化","2020-09-06","93K","校园 悬疑 青春 女性视角","http://img.wenku8.com/image/2/2813/2813s.jpg","「没有我们解不开的心结与谜题９
少女遇见了五位潇洒又耀眼的美少年──
在他们之中…"
"https://raw.githubusercontent.com/ixinzhi/lightnovel-2018to2020/master/我就是要玩TRPG！异端法庭闪边去 - おかゆまさき - 20200904.epub",2126,"https://www.wenku8.net/book/2126.htm","title_only","我就是要玩TRPG！异端法庭闪边去","おかゆまさき","电击文库","已完结","2020-09-04","177K","穿越 战斗 冒险 欢乐向 人外","http://img.wenku8.com/image/2/2126/2126s.jpg","魔王级吸血鬼琉德蜜娜突然参选学生会长，居然是为了要将全校学生推入「T (table-talk)…"
"https://raw.githubusercontent.com/ixinzhi/lightnovel-2018to2020/master/究极初心者 - 田尾典丈 - 20200903.epub",2182,"https://www.wenku8.net/book/2182.htm","title+author","究极初心者","田尾典丈","富士见文库","已完结","2020-09-03","463K","战斗 冒险 欢乐向 后宫","http://img.wenku8.com/image/2/2182/2182s.jpg","「一旦等级达到99，将会有事情发生」伴随这样的传说，数位化MMORPG〈星界变革者〉瞬间…"
"https://raw.githubusercontent.com/ixinzhi/lightnovel-2018to2020/master/我会将这份温暖称为你 - 悠木りん - 20200903.epub",2812,"https://www.wenku8.net/book/2812.htm","title_only","将这股温度称为你(我会将这份温暖称为你)","悠木凛","小学馆","已完结","2020-09-03","121K","科幻 冒险 青春 百合 女性视角","http://img.wenku8.com/image/2/2812/2812s.jpg","虚假的天空，显而易见的人工太阳。在一切都是伪物的地下都市里寻求著真实的「什么」的…"
"https://raw.githubusercontent.com/ixinzhi/lightnovel-2018to2020/master/魔术士奥芬的无赖之旅 - 秋田祯信 - 20200902.epub",1032,"https://www.wenku8.net/book/1032.htm","title+author","魔术士奥芬的无赖之旅(魔术士欧菲流浪之旅)","秋田祯信","富士见文库","连载中/ 已动画化","2024-11-22","1410K","奇幻 战斗 冒险 旅行 后宫","http://img.wenku8.com/image/1/1032/1032s.jpg","“你这混蛋要是再鬼扯，看我怎么用压路机碾死你１
在我熟睡正酣的时候，忽然响起了某…"
"https://raw.githubusercontent.com/ixinzhi/lightnovel-2018to2020/master/带着外挂转生为公会柜台小姐 - 夏にコタツ - 20200829.epub",2471,"https://www.wenku8.net/book/2471.htm","title+author","带着外挂转生为公会柜台小姐","夏にコタツ","其他文库","连载中","2020-08-29","634K","穿越 冒险 性转 人外 百合","http://img.wenku8.com/image/2/2471/2471s.jpg","某一天，迷糊的神明一时失误，夺走了秋野友昭的生命。为了表达歉意，在友昭转生时，神…"
"https://raw.githubusercontent.com/ixinzhi/lightnovel-2018to2020/master/来到异世界迷宫都市的我成了治愈魔法师 - 幼驯じみ - 20200828.epub",1938,"https://www.wenku8.net/book/1938.htm","title+author","来到异世界迷宫都市的我成了治愈魔法师","幼驯じみ","其他文库","已完结","2020-08-28","441K","穿越 魔法 冒险 后宫 人外","http://img.wenku8.com/image/1/1938/1938s.jpg","大学生佐藤四季清醒时，发现自己已经身处异世界迷宫都市。
在这个世界拥有治愈魔法的…"
"https://raw.githubusercontent.com/ixinzhi/lightnovel-2018to2020/master/妖怪变奏曲 - 三云岳斗 - 20200822.epub",2808,"https://www.wenku8.net/book/2808.htm","title+author","妖怪变奏曲","三云岳斗","其他文库","已完结","2020-08-22","89K","奇幻 异能 战斗 冒险","http://img.wenku8.com/image/2/2808/2808s.jpg","那间店里，栖息着妖魔鬼怪──
负责处理怪异古物的特殊骨董处理业者「杠屋」，
他们…"
"https://raw.githubusercontent.com/ixinzhi/lightnovel-2018to2020/master/魔帚学院 - 逢空万太 - 20200820.epub",2807,"https://www.wenku8.net/book/2807.htm","title+author","魔帚学院","逢空万太","其他文库","连载中","2020-08-20","128K","校园 青春 后宫","http://img.wenku8.com/image/2/2807/2807s.jpg","跨坐在名为布鲁姆的扫把型道具上飞行的竞技，俗称「飞帚」，为世界上有名的竞技。竞技…"
"https://raw.githubusercontent.com/ixinzhi/lightnovel-2018to2020/master/与勇者的你再一次由此开始 - みかみてれん - 20200817.epub",2806,"https://www.wenku8.net/book/2806.htm","title_only","与勇者的你再一次由此开始","みかみてれん","其他文库","已完结","2020-08-17","124K","奇幻 魔法 战斗 冒险 恋爱","http://img.wenku8.com/image/2/2806/2806s.jpg","2019年最令人感动落泪的奇幻故事！
这是未能获得救赎的少女，以及一度接近放弃的青年…"
"https://raw.githubusercontent.com/ixinzhi/lightnovel-2018to2020/master/叛乱机械 - ミサキナギ - 20200816.epub",2744,"https://www.wenku8.net/book/2744.htm","title_only","叛乱机械","ミサキナギ","电击文库","连载中","2020-08-16","196K","奇幻 机战 战斗 后宫 人外","http://img.wenku8.com/image/2/2744/2744s.jpg","对吸血鬼战斗用机关骑士「白檀式」──
海尔怀兹公国引以为傲的天才技师白檀博士所创…"
"https://raw.githubusercontent.com/ixinzhi/lightnovel-2018to2020/master/魔导骇客》暴露吧，魔法的脆弱性 - 镰池和马 - 20200815.epub",2804,"https://www.wenku8.net/book/2804.htm","title+author","魔导骇客》暴露吧，魔法的脆弱性","镰池和马","其他文库","连载中","2020-08-15","172K","科幻 魔法 战斗 冒险 后宫","http://img.wenku8.com/image/2/2804/2804s.jpg","日本畅销轻小说家镰池和马呈献的新作品，不是科学与魔法交错，而是在犹如科学的魔法世…"
"https://raw.githubusercontent.com/ixinzhi/lightnovel-2018to2020/master/冰剑的魔术师将会统一世界 - 御子柴奈奈 - 20200811.epub",2803,"https://www.wenku8.net/book/2803.htm","title+author","冰剑的魔术师将会统一世界","御子柴奈奈","讲谈社","连载中/ 已动画化","2020-08-11","111K","奇幻 战斗 冒险 龙傲天 后宫","http://img.wenku8.com/image/2/2803/2803s.jpg","无数伟大魔术师辈出的名门，阿诺德魔术学院。
少年雷伊·怀特，作为学院有史以来唯一…"
"https://raw.githubusercontent.com/ixinzhi/lightnovel-2018to2020/master/恶魔×胆小鬼 勇气灵魂 - 橘ぱん - 20200809.epub",2799,"https://www.wenku8.net/book/2799.htm","title+author","恶魔×胆小鬼 勇气灵魂","橘ぱん","其他文库","连载中","2020-08-09","102K","欢乐向 战斗 性转 后宫 青梅竹马","http://img.wenku8.com/image/2/2799/2799s.jpg","魔界的七名皇帝候补成员之一，亚雷莎．库亚弗鲁斯特．西迪有个弱点，那就是胆小且缺乏…"
"https://raw.githubusercontent.com/ixinzhi/lightnovel-2018to2020/master/在异世界与黑精灵妻子轻松开拓黑暗大陆 - 斧名田マニマニ - 20200809.epub",2800,"https://www.wenku8.net/book/2800.htm","title+author","在异世界与黑精灵妻子轻松开拓黑暗大陆","斧名田マニマニ","集英社","连载中","2020-08-09","67K","奇幻 战斗 龙傲天 后宫 人外","http://img.wenku8.com/image/2/2800/2800s.jpg","前勇者悠闲自得、随心所欲的自给自足生活&#9834;
当主角转生到异世界成为勇者，过了六…"
"https://raw.githubusercontent.com/ixinzhi/lightnovel-2018to2020/master/COP CRAFT(全缉毒狂潮) - 贺东招二 - 20200808.epub",827,"https://www.wenku8.net/book/827.htm","title+author","COP CRAFT(全缉毒狂潮)","贺东招二","小学馆","连载中/ 已动画化","2020-08-08","508K","奇幻 冒险 悬疑 战斗 恋爱","http://img.wenku8.com/image/0/827/827s.jpg","十五年前，太平洋上赫然出现了一个连接异世界的大门。对面的世界——塞玛尼世界拥有着…"
"https://raw.githubusercontent.com/ixinzhi/lightnovel-2018to2020/master/项羽小姐与刘邦先生 - 春日御影 - 20200808.epub",2798,"https://www.wenku8.net/book/2798.htm","title+author","项羽小姐与刘邦先生","春日御影","其他文库","连载中","2020-08-08","130K","穿越 冒险 恋爱 后宫","http://img.wenku8.com/image/2/2798/2798s.jpg","平凡上班族转生为（可能是）未发迹的汉高祖刘邦，跟女体化的众多秦末汉初知名历史人物…"
"https://raw.githubusercontent.com/ixinzhi/lightnovel-2018to2020/master/书与钥匙的季节 - 米泽穗信 - 20200804.epub",2797,"https://www.wenku8.net/book/2797.htm","title+author","图书委员系列(书与钥匙的季节)","米泽穗信","集英社","已完结","2024-11-26","245K","校园 悬疑 青春","http://img.wenku8.com/image/2/2797/2797s.jpg","这里是某所高中的图书室。
担任图书委员的我们老是遇到有人带著谜题找上门。
我是堀…"
"https://raw.githubusercontent.com/ixinzhi/lightnovel-2018to2020/master/就算是哥哥有爱就没问题了对吧 - 铃木大辅 - 20200803.epub",973,"https://www.wenku8.net/book/973.htm","title+author","就算是哥哥有爱就没问题了对吧","铃木大辅","MF文库J","已完结/ 已动画化","2020-08-03","921K","校园 欢乐向 后宫 妹妹 青梅竹马","http://img.wenku8.com/image/0/973/973s.jpg","原本因为家庭因素而不得不分居的姬小路家兄妹，如今终于能重逢并住在同一个屋檐下。面…"
"https://raw.githubusercontent.com/ixinzhi/lightnovel-2018to2020/master/SSSS.GRIDMAN - 水泽梦 - 20200731.epub",2737,"https://www.wenku8.net/book/2737.htm","title+author","SSSS.GRIDMAN","水泽梦","小学馆","已完结/ 已动画化","2020-07-31","216K","科幻 机战 战斗 青春","http://img.wenku8.com/image/2/2737/2737s.jpg","这是古立特不为人知的另一场战斗。
丧失记忆的少年·响裕太，与“超级特工”古立特合…"
"https://raw.githubusercontent.com/ixinzhi/lightnovel-2018to2020/master/舞铲幼女与魔眼王 - 丁々发止 - 20200729.epub",2795,"https://www.wenku8.net/book/2795.htm","title+author","舞铲幼女与魔眼王","丁々发止","讲谈社","连载中","2020-07-29","103K","穿越 冒险","http://img.wenku8.com/image/2/2795/2795s.jpg","以某个事件为契机，在憎恨和后悔中结束了人生的高中生炭原继人。本应该死了的他醒来的…"
"https://raw.githubusercontent.com/ixinzhi/lightnovel-2018to2020/master/心中满是一旁的你 - 城崎 - 20200729.epub",2746,"https://www.wenku8.net/book/2746.htm","title+author","心中满是一旁的你","城崎","MF文库J","连载中","2020-07-29","165K","校园 欢乐向 异能 青春 恋爱","http://img.wenku8.com/image/2/2746/2746s.jpg","成为同班同学的如月似乎能够『读得到他人的想法』。不过这个『读得到』和『读得了』的…"
"https://raw.githubusercontent.com/ixinzhi/lightnovel-2018to2020/master/千剑魔术剑士 - 高光晶 - 20200728.epub",2585,"https://www.wenku8.net/book/2585.htm","title+author","千剑魔术剑士","高光晶","角川文库","已完结","2020-07-28","337K","魔法 冒险 龙傲天 后宫 女儿","http://img.wenku8.com/image/2/2585/2585s.jpg","阿尔迪斯身怀历史上从未有纪录的魔术「剑魔术」。
身为佣兵的他，某天接受委托的归途…"
"https://raw.githubusercontent.com/ixinzhi/lightnovel-2018to2020/master/欢迎来到日本，妖精小姐 - まきしま铃木 - 20200727.epub",2794,"https://www.wenku8.net/book/2794.htm","title+author","欢迎来到日本，妖精小姐","まきしま铃木","HJ文库","连载中/ 已动画化","2020-07-27","84K","奇幻 穿越 冒险 恋爱 人外","http://img.wenku8.com/image/2/2794/2794s.jpg","透过睡眠往来与异世界的平凡上班族，在意外情况下从异世界将妖精小姐带到了日本……
…"
"https://raw.githubusercontent.com/ixinzhi/lightnovel-2018to2020/master/水木繁子同学与我被红线紧紧相系 - 真坂マサル - 20200725.epub",2793,"https://www.wenku8.net/book/2793.htm","title+author","水木繁子同学与我被红线紧紧相系","真坂マサル","电击文库","连载中","2020-07-25","97K","悬疑 欢乐向 青春 恋爱","http://img.wenku8.com/image/2/2793/2793s.jpg","今天是我转学的第一天，现在这个时间原本非抵达学校不可，我却在挖洞，准备埋尸体。
…"
"https://raw.githubusercontent.com/ixinzhi/lightnovel-2018to2020/master/没有做完的告别作业 - 小川晴央 - 20200724.epub",2790,"https://www.wenku8.net/book/2790.htm","title+author","没有做完的告别作业","小川晴央","电击文库","已完结","2020-07-24","70K","奇幻 悬疑 青春 恋爱","http://img.wenku8.com/image/2/2790/2790s.jpg","小学生青斗所居住的沿海乡村有一个传说。那是向土岐波神社请求的话，神的常子大人想重…"
"https://raw.githubusercontent.com/ixinzhi/lightnovel-2018to2020/master/底层剑士与神兽〈女儿〉的日常生活 - 番棚葵 - 20200718.epub",2363,"https://www.wenku8.net/book/2363.htm","title+author","底层剑士与神兽〈女儿〉的日常生活","番棚葵","MF文库J","已完结","2020-07-18","397K","奇幻 冒险 青梅竹马 人外 女儿","http://img.wenku8.com/image/2/2363/2363s.jpg","住在迷宫都市的少年剑士·亚德，因为本身受到【厄运】的祝福，无法以冒险维生。有一天…"
"https://raw.githubusercontent.com/ixinzhi/lightnovel-2018to2020/master/SAO刀剑神域外传 Clover’s regret - 渡濑草一郎 - 20200717.epub",2337,"https://www.wenku8.net/book/2337.htm","title+author","SAO刀剑神域外传 Clover’s regret","渡濑草一郎","电击文库","已完结","2020-07-17","342K","悬疑 战斗","http://img.wenku8.com/image/2/2337/2337s.jpg","战巫女那由他与忍者小历。在「飞鸟帝国」里成为好朋友的两名少女，也在这款游戏遇见了…"
"https://raw.githubusercontent.com/ixinzhi/lightnovel-2018to2020/master/垃圾游戏 online(暂定) - つちせ八十八 - 20200715.epub",2783,"https://www.wenku8.net/book/2783.htm","title+author","垃圾游戏 online(暂定)","つちせ八十八","MF文库J","连载中","2020-07-15","149K","欢乐向 经营 后宫","http://img.wenku8.com/image/2/2783/2783s.jpg","一无所有的最烂网游上线啦!!
不只打怪练等，玩家甚至要包下所有营运工作!?
《剑与魔…"
"https://raw.githubusercontent.com/ixinzhi/lightnovel-2018to2020/master/Fate Apocrypha - 东出佑一郎 - 20200711.epub",1383,"https://www.wenku8.net/book/1383.htm","title+author","Fate Apocrypha","东出佑一郎","其他文库","已完结/ 已动画化","2020-07-11","817K","奇幻 魔法 战争 大逃杀 恋爱","http://img.wenku8.com/image/1/1383/1383s.jpg","曾经，在名为冬木的城市，七组魔术师与英灵展开了圣杯战争。但是，趁着第二次世界大战…"
"https://raw.githubusercontent.com/ixinzhi/lightnovel-2018to2020/master/第8号学生食堂少女 - 石原宙 - 20200707.epub",1908,"https://www.wenku8.net/book/1908.htm","title+author","第8号学生食堂少女","石原宙","集英社","已完结","2020-07-07","223K","职场 美食 战斗 后宫 妹妹","http://img.wenku8.com/image/1/1908/1908s.jpg","高中二年级的米田白由于有重度味噌过敏而逃到了东京。有一天，妹妹那古乃为了将白带回…"
"https://raw.githubusercontent.com/ixinzhi/lightnovel-2018to2020/master/中了40亿圆乐透的我要搬到异世界去住了 - すずの木くろ - 20200705.epub",1866,"https://www.wenku8.net/book/1866.htm","title+author","中了40亿圆乐透的我要搬到异世界去住了","すずの木くろ","其他文库","连载中","2020-07-05","762K","穿越 经营 后宫","http://img.wenku8.com/image/1/1866/1866s.jpg","偶尔买的乐透中了40亿元，
一夕致富的志野一良为了逃避闻到钱味而聚集的鬣狗们，躲到…"
"https://raw.githubusercontent.com/ixinzhi/lightnovel-2018to2020/master/非宅女友对我的H游戏感到兴致勃勃…… - 泷泽慧 - 20200630.epub",2257,"https://www.wenku8.net/book/2257.htm","title+author","非宅女友对我的H游戏感到兴致勃勃……","泷泽慧","富士见文库","连载中","2020-06-30","319K","校园 欢乐向 青春 后宫","http://img.wenku8.com/image/2/2257/2257s.jpg","考试全科满分，谨守校规的资优生。当然也不知道什么成人游戏的非宅美少女&#12539;水崎萌…"
"https://raw.githubusercontent.com/ixinzhi/lightnovel-2018to2020/master/恋爱至上都市的双骑士 - 筱宫夕 - 20200629.epub",2487,"https://www.wenku8.net/book/2487.htm","title+author","恋爱至上都市的双骑士","筱宫夕","富士见文库","已完结","2020-06-29","294K","奇幻 战斗 欢乐向 恋爱","http://img.wenku8.com/image/2/2487/2487s.jpg","最强的双骑士勇也及蓝叶被派去执行任务的世界──
竟是恋爱产生的情愫会转变为高强力…"
"https://raw.githubusercontent.com/ixinzhi/lightnovel-2018to2020/master/等待彩虹的女孩 - 逸木裕 - 20200629.epub",2779,"https://www.wenku8.net/book/2779.htm","title+author","等待彩虹的女孩","逸木裕","角川文库","已完结","2020-06-29","168K","科幻 悬疑 恋爱","http://img.wenku8.com/image/2/2779/2779s.jpg","选择以剧场型自杀事件结束生命的天才女孩，
内心隐藏的秘密，将透过再生的AI而揭露……"
"https://raw.githubusercontent.com/ixinzhi/lightnovel-2018to2020/master/罗德斯岛战记 誓约之宝冠 - 水野良 - 20200626.epub",2778,"https://www.wenku8.net/book/2778.htm","title+author","罗德斯岛战记 誓约之宝冠","水野良","角川文库","连载中","2020-06-26","94K","奇幻 冒险 战争 恋爱 人外","http://img.wenku8.com/image/2/2778/2778s.jpg","★少年将与「永远之少女」展开新的冒险旅程……
「被诅咒之岛」罗德斯。
笼罩战乱的…"
"https://raw.githubusercontent.com/ixinzhi/lightnovel-2018to2020/master/在这个世界中，与你再度相恋 - 望月くらげ - 20200625.epub",2777,"https://www.wenku8.net/book/2777.htm","title+author","在这个世界中，与你再度相恋","望月くらげ","角川文库","已完结","2020-06-25","93K","穿越 青春 恋爱 女性视角","http://img.wenku8.com/image/2/2777/2777s.jpg","我改变了过去，纵然那是不被允许的。
少年&#8231;新与交往中的少女&#8231;旭，突然分手…"
"https://raw.githubusercontent.com/ixinzhi/lightnovel-2018to2020/master/现实主义勇者的王国重建记 - どぜう丸 - 20200624.epub",2443,"https://www.wenku8.net/book/2443.htm","title+author","现实主义勇者的王国重建记","どぜう丸","其他文库","连载中/ 已动画化","2020-06-24","514K","穿越 奇幻 经营 战争 后宫","http://img.wenku8.com/image/2/2443/2443s.jpg","「哦哦，勇者啊９
被这种千篇一律的字句召唤至异世界的相马一也的冒险──并未展开。…"
"https://raw.githubusercontent.com/ixinzhi/lightnovel-2018to2020/master/美少女忍者们偷窥了老师秘密的结果 - 镰池和马 - 20200623.epub",2776,"https://www.wenku8.net/book/2776.htm","title+author","美少女忍者们偷窥了老师秘密的结果","镰池和马","其他文库","连载中","2020-06-23","121K","战斗 欢乐向 恋爱 后宫","http://img.wenku8.com/image/2/2776/2776s.jpg","老师，请教给我们各种事情吧！
比现在更远的未来，架空的日本。在与外国的骑士与枪士…"
"https://raw.githubusercontent.com/ixinzhi/lightnovel-2018to2020/master/成为星星的少女 - 高山一实 - 20200623.epub",2775,"https://www.wenku8.net/book/2775.htm","title+author","成为星星的少女","高山一实","角川文库","已完结","2020-06-23","68K","校园 青春 女性视角","http://img.wenku8.com/image/2/2775/2775s.jpg","这个梦想，让四名少女相遇。
高中一年级的主角东由宇立志「一定要当上偶像」，她的校…"
"https://raw.githubusercontent.com/ixinzhi/lightnovel-2018to2020/master/野花通信(野野小花通信) - 三浦紫苑 - 20200621.epub",2773,"https://www.wenku8.net/book/2773.htm","title+author","野花通信(野野小花通信)","三浦紫苑","角川文库","已完结","2020-06-21","221K","校园 恋爱 百合 NTR 女性视角","http://img.wenku8.com/image/2/2773/2773s.jpg","横滨，教会系贵族女校上学的，野野原茜（野野）和牧田花。
出身平民家庭，头脑清晰，…"
"https://raw.githubusercontent.com/ixinzhi/lightnovel-2018to2020/master/躺着也中枪的异世界召唤记 - 结城ヒロ - 20200619.epub",2553,"https://www.wenku8.net/book/2553.htm","title+author","躺着也中枪的异世界召唤记","结城ヒロ","MF文库J","连载中","2020-06-19","287K","穿越 战斗 校园 青春 恋爱","http://img.wenku8.com/image/2/2553/2553s.jpg","卷入异世界召唤的少年们，
迎接他们的命运将会是──！？
清醒过来时，他们发现自己…"
"https://raw.githubusercontent.com/ixinzhi/lightnovel-2018to2020/master/与僵尸并行 致我们已经彻底腐烂的青春 - 折辉真透 - 20200618.epub",2771,"https://www.wenku8.net/book/2771.htm","title+author","与僵尸并行 致我们已经彻底腐烂的青春","折辉真透","集英社","已完结","2020-06-18","86K","校园 奇幻 青春","http://img.wenku8.com/image/2/2771/2771s.jpg","憧憬费兹杰罗的大学生藤堂，由于感染了僵尸病毒而从内脏开始腐败。
虽然聚集在社团教…"
"https://raw.githubusercontent.com/ixinzhi/lightnovel-2018to2020/master/最后再拜托您一件事可以吗 - 凤ナナ - 20200615.epub",2770,"https://www.wenku8.net/book/2770.htm","title+author","最后再拜托您一件事可以吗","凤ナナ","其他文库","连载中/ 已动画化","2020-06-15","87K","奇幻 魔法 战斗 冒险 大小姐 女性视角","http://img.wenku8.com/image/2/2770/2770s.jpg","第二王子凯尔的未婚妻，公爵大小姐斯卡蕾特，在舞会上突然被宣布解除婚约。
不仅被莫…"
"https://raw.githubusercontent.com/ixinzhi/lightnovel-2018to2020/master/绝对的孤独者 - 川原砾 - 20200615.epub",1814,"https://www.wenku8.net/book/1814.htm","title+author","绝对的孤独者","川原砾","电击文库","","","","科幻 异能 战斗 后宫","http://img.wenku8.com/image/1/1814/1814s.jpg","二○一九年八月。 人类初次接触的地球外有机生命体，有复数坠落至地球上的几座城市内。…"
"https://raw.githubusercontent.com/ixinzhi/lightnovel-2018to2020/master/堕天的狗神 -SLASHDOG- - 石踏一荣 - 20200609.epub",2524,"https://www.wenku8.net/book/2524.htm","title+author","堕天的狗神 -SLASHDOG-","石踏一荣","富士见文库","连载中","2020-06-09","302K","奇幻 魔法 战斗 后宫","http://img.wenku8.com/image/2/2524/2524s.jpg","★《恶魔高校D×D》「刃狗」小队队长几濑鸢雄的起始！
★故事发生在兵藤一诚转生成恶…"
"https://raw.githubusercontent.com/ixinzhi/lightnovel-2018to2020/master/我想告诉你十年份的『　』 - 天野中 - 20200606.epub",2765,"https://www.wenku8.net/book/2765.htm","title+author","我想告诉你十年份的『　』","天野中","少女文库","已完结","2020-06-06","96K","青春 恋爱","http://img.wenku8.com/image/2/2765/2765s.jpg","即使忘了你，还是想见你！
抵挡不住的泪腺失守大溃堤！一口气哭出十年份的想念！
那…"
"https://raw.githubusercontent.com/ixinzhi/lightnovel-2018to2020/master/悠闲VRMMO记 - まぐろ猫＠恢猫 - 20200605.epub",2764,"https://www.wenku8.net/book/2764.htm","title+author","悠闲VRMMO记","まぐろ猫＠恢猫","其他文库","连载中","2020-06-05","84K","奇幻 冒险 欢乐向 妹妹","http://img.wenku8.com/image/2/2764/2764s.jpg","被双胞胎的妹妹们拜托成为保护者，青年九重鹈参加了最新的VRMO游戏『REAL&MAKE』。
在…"
"https://raw.githubusercontent.com/ixinzhi/lightnovel-2018to2020/master/自由人生～异世界万事通奋斗记～ - 気がつけば毛玉 - 20200601.epub",2545,"https://www.wenku8.net/book/2545.htm","title+author","自由人生～异世界万事通奋斗记～","気がつけば毛玉","角川文库","连载中","2020-06-01","312K","奇幻 冒险 龙傲天 后宫 人外","http://img.wenku8.com/image/2/2545/2545s.jpg","在异世界生活第三年的佐山贵大，
是万事通「自由人生」的懒散店主。
但他的真实身分…"
"https://raw.githubusercontent.com/ixinzhi/lightnovel-2018to2020/master/异世界迷宫最深部为目标 - 割内タリサ - 20200601.epub",2377,"https://www.wenku8.net/book/2377.htm","title+author","异世界迷宫最深部为目标","割内タリサ","其他文库","连载中","2020-06-01","1504K","穿越 魔法 战斗 悬疑 后宫","http://img.wenku8.com/image/2/2377/2377s.jpg","“我绝对要救你。只要能救你，我会——！１
在一个陌生的回廊中苏醒的相川涡波遭到了…"
"https://raw.githubusercontent.com/ixinzhi/lightnovel-2018to2020/master/自称恶役大小姐的婚约者观察记录 - しき - 20200531.epub",2539,"https://www.wenku8.net/book/2539.htm","title_only","自称恶役大小姐的婚约者观察记录","しき","其他文库","已完结/ 已动画化","2020-05-31","203K","穿越 奇幻 恋爱 欢乐向 大小姐 青梅竹马","http://img.wenku8.com/image/2/2539/2539s.jpg","塞西尔王子太着美好轻松的生活。过着无聊日子的他，有一天，和侯爵千金芭提雅订了婚，…"
"https://raw.githubusercontent.com/ixinzhi/lightnovel-2018to2020/master/遗落的公主与圆桌骑士 - 石田里奈 - 20200531.epub",2139,"https://www.wenku8.net/book/2139.htm","title+author","遗落的公主与圆桌骑士","石田里奈","少女文库","连载中","2020-05-31","1400K","穿越 冒险 恋爱 女性视角","http://img.wenku8.com/image/2/2139/2139s.jpg","从王兄们手中获得遗落下来的王位——公主蕾蒂丝雅。为什么她知道自己一开始就会成为了…"
"https://raw.githubusercontent.com/ixinzhi/lightnovel-2018to2020/master/黑猫的王手！ - 八奈川景晶 - 20200529.epub",2762,"https://www.wenku8.net/book/2762.htm","title+author","黑猫的王手！","八奈川景晶","富士见文库","连载中","2020-05-29","75K","青春 恋爱 欢乐向","http://img.wenku8.com/image/2/2762/2762s.jpg","一名少女向没有女性存在的职业世界发起挑战
关东年轻棋士团体『东龙门』担任监修并倾…"
"https://raw.githubusercontent.com/ixinzhi/lightnovel-2018to2020/master/闪偶大叔与幼女前辈 - 岩泽蓝 - 20200528.epub",2321,"https://www.wenku8.net/book/2321.htm","title+author","闪偶大叔与幼女前辈","岩泽蓝","电击文库","已完结","2020-05-28","287K","校园 欢乐向 后宫 青梅竹马","http://img.wenku8.com/image/2/2321/2321s.jpg","黑崎翔吾是一名把自己的热情投注在女童向偶像街机游戏《闪亮偶像》的高中生。
就算被…"
"https://raw.githubusercontent.com/ixinzhi/lightnovel-2018to2020/master/我的宅女神(宅居的她是神的说) - すえばしけん - 20200527.epub",1214,"https://www.wenku8.net/book/1214.htm","title_only","我的宅女神(宅居的她是神的说)","すえばしけん","HJ文库","已完结","2020-05-27","775K","校园 奇幻 战斗 欢乐向 后宫 青梅竹马","http://img.wenku8.com/image/1/1214/1214s.jpg","拥有半神半人血统的半天使&#8231;名冢天人，决心告别自己过去热爱打抱不平，惩奸扶弱的…"
"https://raw.githubusercontent.com/ixinzhi/lightnovel-2018to2020/master/史莱姆转生。大贤者成为精灵养女的宠物了 - 月夜泪 - 20200526.epub",2528,"https://www.wenku8.net/book/2528.htm","title+author","史莱姆转生。大贤者成为精灵养女的宠物了","月夜泪","其他文库","连载中","2020-05-26","296K","穿越 旅行 冒险 人外 女儿","http://img.wenku8.com/image/2/2528/2528s.jpg","身为稀世英雄，完成诸多丰功伟业的「大贤者」马林·耶莱特，在身染不治之症后，于心爱…"
"https://raw.githubusercontent.com/ixinzhi/lightnovel-2018to2020/master/英雄霸道的狐巫女 - 岩山驱 - 20200524.epub",2760,"https://www.wenku8.net/book/2760.htm","title+author","英雄霸道的狐巫女","岩山驱","其他文库","连载中","2020-05-24","99K","奇幻 冒险 后宫 人外","http://img.wenku8.com/image/2/2760/2760s.jpg","在一个人类与「精灵兽」共存，一同走过漫长历史的世界。继承英雄血脉的少年&#8231;亚尔…"
"https://raw.githubusercontent.com/ixinzhi/lightnovel-2018to2020/master/佣兵团的伙房兵 - 川井昂 - 20200523.epub",2721,"https://www.wenku8.net/book/2721.htm","title+author","佣兵团的伙房兵","川井昂","其他文库","连载中","2020-05-23","250K","穿越 美食 冒险","http://img.wenku8.com/image/2/2721/2721s.jpg","故事要从志愿成为厨师的青年&#8226;东朱里穿越到异世界的地方开始说起。捡到朱里的人是…"
"https://raw.githubusercontent.com/ixinzhi/lightnovel-2018to2020/master/异世界迷宫探索者 - サカモト666 - 20200522.epub",2713,"https://www.wenku8.net/book/2713.htm","title+author","异世界迷宫探索者","サカモト666","其他文库","已完结","2020-05-22","507K","穿越 冒险 复仇 黑暗 猎奇","http://img.wenku8.com/image/2/2713/2713s.jpg","有一天高中生武田顺平因为「神」的一时兴起被召唤到异世界，作为祭品被推入了凶恶的迷…"
"https://raw.githubusercontent.com/ixinzhi/lightnovel-2018to2020/master/摩登男女 - 结城弘 - 20200520.epub",2758,"https://www.wenku8.net/book/2758.htm","title+author","摩登男女","结城弘","其他文库","已完结","2020-05-20","126K","穿越 青春 恋爱","http://img.wenku8.com/image/2/2758/2758s.jpg","「大正娘的时间跳跃」
拥有着掌控时间之力的钟表——借时表。
大正7年（1918年），暂…"
"https://raw.githubusercontent.com/ixinzhi/lightnovel-2018to2020/master/人造生命体与美丽新世界 - 绯月剃 - 20200520.epub",2261,"https://www.wenku8.net/book/2261.htm","title+author","人造生命体与美丽新世界","绯月剃","HJ文库","已完结","2020-05-20","389K","奇幻 恋爱 青梅竹马 人外 女儿","http://img.wenku8.com/image/2/2261/2261s.jpg","在特里提斯教国中，卡利亚斯堪称首屈一指的实力派骑士。他和儿时玩伴费安娜一起在遗迹…"
"https://raw.githubusercontent.com/ixinzhi/lightnovel-2018to2020/master/世界的中心、针山先生 - 成田良悟 - 20200518.epub",688,"https://www.wenku8.net/book/688.htm","title+author","世界的中心、针山先生","成田良悟","电击文库","已完结","2020-05-18","380K","奇幻 脑洞","http://img.wenku8.com/image/0/688/688s.jpg","以埼玉县所泽市为舞台发生的种种事件。斧男藏于床下的都市传说，突然冲破天花板飞舞降…"
"https://raw.githubusercontent.com/ixinzhi/lightnovel-2018to2020/master/为了女儿，我说不定连魔王都能干掉 - CHIROLU - 20200517.epub",2247,"https://www.wenku8.net/book/2247.htm","title+author","为了女儿，我说不定连魔王都能干掉","CHIROLU","HJ文库","已完结/ 已动画化","2020-05-17","974K","战斗 欢乐向 旅行 冒险 女儿","http://img.wenku8.com/image/2/2247/2247s.jpg","我捡到一名魔族少女，并开始当她的监护人。
以高超的战斗技术及冷静的判断力作为武器…"
"https://raw.githubusercontent.com/ixinzhi/lightnovel-2018to2020/master/让笨蛋登上舞台吧！(为那个笨蛋也打上脚灯！) - 昼熊 - 20200516.epub",2323,"https://www.wenku8.net/book/2323.htm","title+author","让笨蛋登上舞台吧！(为那个笨蛋也打上脚灯！","昼熊","角川文库","已完结","2020-05-16","675K","奇幻 战斗 冒险 欢乐向","http://img.wenku8.com/image/2/2323/2323s.jpg","「一旦没钱，自然也没有女人９
（自称）统治初学者城镇阿克塞尔的小混混冒险者达斯特…"
"https://raw.githubusercontent.com/ixinzhi/lightnovel-2018to2020/master/我喜欢的男孩，其实也是女孩 - 犬饲鲷音 - 20200513.epub",2755,"https://www.wenku8.net/book/2755.htm","title+author","我喜欢的男孩，其实也是女孩","犬饲鲷音","角川文库","已完结","2020-05-13","103K","青春 恋爱 伪娘 女性视角","http://img.wenku8.com/image/2/2755/2755s.jpg","升上高中的小春谈了人生第一场恋爱。
对象是坐在她旁边的「胧同学」──有著男孩子的…"
"https://raw.githubusercontent.com/ixinzhi/lightnovel-2018to2020/master/龙族娇妻爱撒娇 - 初美阳一 - 20200512.epub",2547,"https://www.wenku8.net/book/2547.htm","title+author","龙族娇妻爱撒娇","初美阳一","富士见文库","已完结","2020-05-12","385K","校园 青春 恋爱 后宫 人外","http://img.wenku8.com/image/2/2547/2547s.jpg","「勇海，跟我战斗，然后──娶我吧９
才走进校门一秒就对我发出挑战书，更正，是展开…"
"https://raw.githubusercontent.com/ixinzhi/lightnovel-2018to2020/master/夏天结束时，你一死就完美无缺 - 斜线堂有纪 - 20200510.epub",2754,"https://www.wenku8.net/book/2754.htm","title+author","夏天结束时，你一死就完美无缺","斜线堂有纪","电击文库","已完结","2020-05-10","72K","青春 恋爱","http://img.wenku8.com/image/2/2754/2754s.jpg","★画在疗养院白墙上的孤独鲸鱼，和倾注在西洋跳棋盘上的心愿。
★无处可去的少年与罹…"
"https://raw.githubusercontent.com/ixinzhi/lightnovel-2018to2020/master/爱好谜题的少女 - 濑川コウ - 20200509.epub",2408,"https://www.wenku8.net/book/2408.htm","title+author","爱好谜题的少女","濑川コウ","其他文库","已完结","2020-05-09","391K","校园 悬疑 青春 恋爱","http://img.wenku8.com/image/2/2408/2408s.jpg","藤崎高中第一美少女，早伊原树里对恋爱没有兴趣。对友情也没有兴趣。当然，对社团活动…"
"https://raw.githubusercontent.com/ixinzhi/lightnovel-2018to2020/master/浴火之龙「沙罗曼达」的网路炎上事件簿 - 汀こるもの - 20200509.epub",2752,"https://www.wenku8.net/book/2752.htm","title+author","浴火之龙「沙罗曼达」的网路炎上事件簿","汀こるもの","电击文库","已完结","2020-05-09","109K","悬疑","http://img.wenku8.com/image/2/2752/2752s.jpg","以网路焰火为食的狂人们，狂妄厨二青年&#10005;傲娇女高中生&#10005;电波系小学生&#10005…"
"https://raw.githubusercontent.com/ixinzhi/lightnovel-2018to2020/master/谁是最强鉴定士？～吃饱喝足的异世界生活～ - 港濑つかさ - 20200506.epub",2564,"https://www.wenku8.net/book/2564.htm","title+author","谁是最强鉴定士？～吃饱喝足的异世界生活～","港濑つかさ","角川文库","连载中","2020-05-06","773K","穿越 冒险 美食 后宫","http://img.wenku8.com/image/2/2564/2564s.jpg","钉宫悠利是突然被传送到异世界的高中男生，他在地下城中迷路的时候，《深红的山猫》的…"
"https://raw.githubusercontent.com/ixinzhi/lightnovel-2018to2020/master/与你共度的第四次学园祭 - 天音マサキ - 20200505.epub",2749,"https://www.wenku8.net/book/2749.htm","title+author","与你共度的第四次学园祭","天音マサキ","角川文库","已完结","2020-05-05","92K","校园 科幻 青春 恋爱 青梅竹马","http://img.wenku8.com/image/2/2749/2749s.jpg","能继续保持这样的关系就足够了。我是这么想的——。
高二的秋天。
学园祭5天后将到来…"
"https://raw.githubusercontent.com/ixinzhi/lightnovel-2018to2020/master/终奏的莉芙莲 Refrain of Outro - 物草纯平 - 20200503.epub",2748,"https://www.wenku8.net/book/2748.htm","title+author","终奏的莉芙莲 Refrain of Outro","物草纯平","电击文库","已完结","2020-05-03","135K","奇幻 战斗 恋爱 人外","http://img.wenku8.com/image/2/2748/2748s.jpg","这是『缺失人性』的少年与『不像物件』的少女携手谱写的恋爱故事。由旋律、齿轮与心打…"
"https://raw.githubusercontent.com/ixinzhi/lightnovel-2018to2020/master/她宣告到：已至毁灭之时 - 久我悠真 - 20200502.epub",2747,"https://www.wenku8.net/book/2747.htm","title+author","她宣告到：已至毁灭之时","久我悠真","电击文库","已完结","2020-05-02","116K","悬疑 犯罪 异能","http://img.wenku8.com/image/2/2747/2747s.jpg","「你已至毁灭之时。」
异能犯罪搜查〈零局〉，一个专门管制操控他人心灵的〈篡心者〉…"
"https://raw.githubusercontent.com/ixinzhi/lightnovel-2018to2020/master/彩云国物语 - 雪乃纱衣 - 20200422.epub",174,"https://www.wenku8.net/book/174.htm","title+author","彩云国物语","雪乃纱衣","少女文库","已完结/ 已动画化","2020-04-22","3434K","奇幻 青春 恋爱","http://img.wenku8.com/image/0/174/174s.jpg","故事的舞台为中国风的架空国度 - 彩云国。传说中，一名青年借助彩八仙的力量，建立彩云…"
"https://raw.githubusercontent.com/ixinzhi/lightnovel-2018to2020/master/Veildeman假说 - 西尾维新 - 20200421.epub",2740,"https://www.wenku8.net/book/2740.htm","title+author","Veildeman假说","西尾维新","讲谈社","已完结","2020-04-21","131K","悬疑 犯罪","http://img.wenku8.com/image/2/2740/2740s.jpg","第100本著作
天衣无缝的新时代entertainment（娱乐小说）
除我之外，全员「名侦探」…"
"https://raw.githubusercontent.com/ixinzhi/lightnovel-2018to2020/master/反恋主义同盟！ - 椎田十三 - 20200421.epub",2085,"https://www.wenku8.net/book/2085.htm","title+author","反恋主义同盟！","椎田十三","电击文库","已完结","2020-04-21","724K","校园 欢乐向 青春 恋爱","http://img.wenku8.com/image/2/2085/2085s.jpg","「放弃恋爱吧！所有的爱情都是幻想９
在下著雪的圣诞夜，涩谷到处都是情侣。对街上的…"
"https://raw.githubusercontent.com/ixinzhi/lightnovel-2018to2020/master/二十世纪电气目录 - 结城弘 - 20200419.epub",2738,"https://www.wenku8.net/book/2738.htm","title+author","二十世纪电气目录","结城弘","其他文库","已完结/ 已动画化","2020-04-19","147K","青春 恋爱","http://img.wenku8.com/image/2/2738/2738s.jpg","“你会和我一起死去，带我到那片极乐净土吗？”
明治四十年。夏季。住在京都伏见的百…"
"https://raw.githubusercontent.com/ixinzhi/lightnovel-2018to2020/master/赤村崎葵子的分析是瞎扯淡 - 十阶堂一系 - 20200418.epub",1842,"https://www.wenku8.net/book/1842.htm","title+author","赤村崎葵子的分析是瞎扯淡","十阶堂一系","电击文库","已完结","2020-04-18","263K","校园 悬疑 恋爱 青梅竹马 妹妹","http://img.wenku8.com/image/1/1842/1842s.jpg","这是认真的？果真是废话吧？新感觉“分析”系故事！
分析社——那是由社长赤村崎葵子…"
"https://raw.githubusercontent.com/ixinzhi/lightnovel-2018to2020/master/靠心理学的异世界后宫建国记 - ゆうきゆう - 20200417.epub",2648,"https://www.wenku8.net/book/2648.htm","title_only","靠心理学的异世界后宫建国记","ゆうきゆう","MF文库J","已完结","2020-04-17","201K","穿越 欢乐向 恋爱 后宫","http://img.wenku8.com/image/2/2648/2648s.jpg","难波心太是个虽然非常喜欢女生，却怀有女性恐惧症（兼沟通障碍），
甚至无法好好和女…"
"https://raw.githubusercontent.com/ixinzhi/lightnovel-2018to2020/master/魔王陛下RETRY！ - 神埼黑音 - 20200411.epub",2736,"https://www.wenku8.net/book/2736.htm","title+author","魔王陛下RETRY！(重来吧，魔王大人！)","神埼黑音","其他文库","连载中/ 已动画化","2020-04-11","121K","穿越 魔法 战斗 欢乐向 龙傲天 后宫","http://img.wenku8.com/image/2/2736/2736s.jpg","最强魔王为异世界带来恐怖与欢笑！
平凡无奇的社会人士&#8231;大野晶，在以人称「魔王…"
"https://raw.githubusercontent.com/ixinzhi/lightnovel-2018to2020/master/失落魔法·魔法新娘 - 藤原佑 - 20200409.epub",2263,"https://www.wenku8.net/book/2263.htm","title+author","失落魔法·魔法新娘","藤原佑","电击文库","已完结","2020-04-09","204K","奇幻 战斗 魔法 女性视角","http://img.wenku8.com/image/2/2263/2263s.jpg","锻冶目山市的少女们被卷入发生在异界——“魔法之国”的“成为女王的统合战争”。寄宿…"
"https://raw.githubusercontent.com/ixinzhi/lightnovel-2018to2020/master/即刻救世主 - 田山翔太 - 20200409.epub",2677,"https://www.wenku8.net/book/2677.htm","title+author","即刻救世主","田山翔太","其他文库","已完结","2020-04-09","107K","奇幻 复仇 后宫","http://img.wenku8.com/image/2/2677/2677s.jpg","“首失之地（First Lost）”──魔族进攻人类踏出的第一步造成某个小村庄自地图上消失…"
"https://raw.githubusercontent.com/ixinzhi/lightnovel-2018to2020/master/她的L～骗子们的攻防战～ - 三田千惠 - 20200407.epub",2733,"https://www.wenku8.net/book/2733.htm","title+author","她的L～骗子们的攻防战～","三田千惠","Fami通文库","已完结","2020-04-07","87K","校园 悬疑 青春 恋爱","http://img.wenku8.com/image/2/2733/2733s.jpg","她的「L」，究竟是「LOVE」还是「LIE」？ 
满口谎话的女生vs.不会说谎的女孩vs.能够看…"
"https://raw.githubusercontent.com/ixinzhi/lightnovel-2018to2020/master/神话传说英雄的异世界奇谭 - 奉 - 20200406.epub",2088,"https://www.wenku8.net/book/2088.htm","title+author","神话传说英雄的异世界奇谭","奉","其他文库","已完结","2020-04-06","1659K","穿越 战争 龙傲天 后宫","http://img.wenku8.com/image/2/2088/2088s.jpg","奥黑比吕过去曾被召唤到一个名为亚雷堤尔的异世界，以《军神》的身分与同伴携手拯救了…"
"https://raw.githubusercontent.com/ixinzhi/lightnovel-2018to2020/master/败犬之牙FANG OF UNDERDOG - 朝浦 - 20200403.epub",1956,"https://www.wenku8.net/book/1956.htm","title+author","败犬之牙FANG OF UNDERDOG","朝浦","集英社","连载中","2020-04-03","330K","奇幻 异能 战斗 人外","http://img.wenku8.com/image/1/1956/1956s.jpg","即使是丧家之犬，依然拥有獠牙。
所谓的「阵」，是一种可以操控世间万物的命令。这是…"
"https://raw.githubusercontent.com/ixinzhi/lightnovel-2018to2020/master/TARI TARI~既是萌芽 又是照耀 不时歌唱~ - 桥本昌和 - 20200331.epub",2704,"https://www.wenku8.net/book/2704.htm","title+author","TARI TARI~既是萌芽 又是照耀 不时歌唱~","桥本昌和","其他文库","连载中/ 已动画化","2020-03-31","87K","青春 恋爱 群像","http://img.wenku8.com/image/2/2704/2704s.jpg","“创作如今的我们的歌曲。”
合唱偶尔羽毛球部，时隔10年的夏日合宿！！
描写P.A.WO…"
"https://raw.githubusercontent.com/ixinzhi/lightnovel-2018to2020/master/七个时雨泽惠一 Seven sigsawa - 合作 - 20200331.epub",2726,"https://www.wenku8.net/book/2726.htm","title+author","七个时雨泽惠一 Seven sigsawa","合作","电击文库","已完结","2020-03-31","97K","脑洞","http://img.wenku8.com/image/2/2726/2726s.jpg","本书作者：木崎千秋、听猫芝居、九冈望、甲田学人、时雨泽恵一、夏海公司、成田良悟、…"
"https://raw.githubusercontent.com/ixinzhi/lightnovel-2018to2020/master/魔法师塔塔 - うーぱー - 20200328.epub",2555,"https://www.wenku8.net/book/2555.htm","title_only","魔法师塔塔","うーぱー","电击文库","已完结","2020-03-28","324K","穿越 魔法 战斗 青春 黑暗","http://img.wenku8.com/image/2/2555/2555s.jpg","2015年7月22日12点20分。
自称异世界魔法师的谜样女性塔塔突然间出现在弘桥高中一年A…"
"https://raw.githubusercontent.com/ixinzhi/lightnovel-2018to2020/master/突西亚战记 十二骑士团的反叛军师 - 大黑尚人 - 20200328.epub",2452,"https://www.wenku8.net/book/2452.htm","title+author","突西亚战记 十二骑士团的反叛军师","大黑尚人","富士见文库","连载中","2020-03-28","205K","复仇 战争 后宫 妹妹","http://img.wenku8.com/image/2/2452/2452s.jpg","号称西方大陆突西亚最强的格拉尼亚帝国〈黑天骑士团〉，身为其中一员的席昂遭到祖国出…"
"https://raw.githubusercontent.com/ixinzhi/lightnovel-2018to2020/master/恋爱的死神，与我遗忘的夏天 - 五十岚雄策 - 20200328.epub",2723,"https://www.wenku8.net/book/2723.htm","title+author","恋爱的死神，与我遗忘的夏天","五十岚雄策","电击文库","已完结","2020-03-28","65K","校园 奇幻 青春 恋爱","http://img.wenku8.com/image/2/2723/2723s.jpg","无论相遇、分离多少次，这场刻划在你我心头的恋爱，永不褪色——
那一天，我与死神少…"
"https://raw.githubusercontent.com/ixinzhi/lightnovel-2018to2020/master/金色文字使 被四名勇者波及的独特外挂 - 十本翠 - 20200328.epub",1853,"https://www.wenku8.net/book/1853.htm","title+author","金色文字使 被四名勇者波及的独特外挂","十本翠","富士见文库","已完结","2020-03-28","1458K","穿越 魔法 龙傲天 后宫 人外","http://img.wenku8.com/image/1/1853/1853s.jpg","热爱美食与阅读的「独行侠」高中生丘村日色，和班上的四个现充同学一起闯入了异世界。…"
"https://raw.githubusercontent.com/ixinzhi/lightnovel-2018to2020/master/在大国开外挂，轻松征服异世界！ - 棹末高彰 - 20200328.epub",2481,"https://www.wenku8.net/book/2481.htm","title+author","在大国开外挂，轻松征服异世界！","棹末高彰","MF文库J","连载中","2020-03-28","267K","穿越 欢乐向 龙傲天 后宫 人外","http://img.wenku8.com/image/2/2481/2481s.jpg","平凡高中生──日和常信一醒来，
发现自己被召唤到异世界，当上了冒牌皇帝。
被从属…"
"https://raw.githubusercontent.com/ixinzhi/lightnovel-2018to2020/master/华志摩同学 - 天宫伊佐 - 20200327.epub",2722,"https://www.wenku8.net/book/2722.htm","title+author","华志摩同学","天宫伊佐","小学馆","已完结","2020-03-27","181K","悬疑 犯罪","http://img.wenku8.com/image/2/2722/2722s.jpg","位于北关东地区某县的韵雅市发生了猎奇杀人事件。尽管惨绝人寰的事情接连发生，警方仍…"
"https://raw.githubusercontent.com/ixinzhi/lightnovel-2018to2020/master/OUTBREAK COMPANY 萌萌侵略者 - 榊一郎 - 20200326.epub",1361,"https://www.wenku8.net/book/1361.htm","title+author","OUTBREAK COMPANY 萌萌侵略者","榊一郎","讲谈社","已完结/ 已动画化","2020-03-26","1797K","穿越 欢乐向 后宫 人外","http://img.wenku8.com/image/1/1361/1361s.jpg","单纯只是个高中辍学生的慎一，有一天忽然被带到如此脱离常轨的状况中。虽然慎一拥有轻…"
"https://raw.githubusercontent.com/ixinzhi/lightnovel-2018to2020/master/少女妄想中 - 入间人间 - 20200326.epub",2291,"https://www.wenku8.net/book/2291.htm","title+author","少女妄想中","入间人间","电击文库","已完结","2020-03-26","104K","青春 恋爱 百合 女性视角","http://img.wenku8.com/image/2/2291/2291s.jpg","「我想，这应该就是我的初恋吧９
我总是追著那个人的身后，「向往」著她。
在梦中，…"
"https://raw.githubusercontent.com/ixinzhi/lightnovel-2018to2020/master/外挂级补师勇闯异世界迷宫！ - dy冷冻 - 20200325.epub",2569,"https://www.wenku8.net/book/2569.htm","title+author","外挂级补师勇闯异世界迷宫！","dy冷冻","富士见文库","已完结","2020-03-25","291K","穿越 冒险 后宫 龙傲天 人外","http://img.wenku8.com/image/2/2569/2569s.jpg","身为MMORPG「实况迷宫９废人玩家的努，
才因为终于打倒最终头目而开心没多久，
睁开…"
"https://raw.githubusercontent.com/ixinzhi/lightnovel-2018to2020/master/没路用的魔兽炼磨师 - 见波タクミ - 20200323.epub",2034,"https://www.wenku8.net/book/2034.htm","title+author","没路用的魔兽炼磨师","见波タクミ","富士见文库","连载中","2020-03-23","565K","奇幻 校园 战斗 后宫","http://img.wenku8.com/image/2/2034/2034s.jpg","在这个世界里，一切优劣胜败都由与生俱来的魔兽纹章来决定。
「魔兽炼磨师」能够驯服…"
"https://raw.githubusercontent.com/ixinzhi/lightnovel-2018to2020/master/在海边医院对她说过的那些故事 - 石川博品 - 20200323.epub",2718,"https://www.wenku8.net/book/2718.htm","title+author","在海边医院对她说过的那些故事","石川博品","角川文库","已完结","2020-03-23","133K","科幻 异能 恋爱","http://img.wenku8.com/image/2/2718/2718s.jpg","上原苍造访了海边医院，探望一位沉睡的少女，与一位迟迟无法出院的少女。
过去，苍突…"
"https://raw.githubusercontent.com/ixinzhi/lightnovel-2018to2020/master/Steins；Gate命运石之门 变移空间的八重奏 - 海法纪光 - 20200321.epub",2715,"https://www.wenku8.net/book/2715.htm","title+author","Steins；Gate命运石之门 变移空间的八重奏","海法纪光","富士见文库","已完结","2020-03-21","197K","科幻 悬疑 恋爱 后宫 青梅竹马","http://img.wenku8.com/image/2/2715/2715s.jpg","命运石之门8bit游戏小说化，世界线变动率「1.048728」。 
2010年夏，冈部伦太郎经过「…"
"https://raw.githubusercontent.com/ixinzhi/lightnovel-2018to2020/master/再也不绑架了 - 东川笃哉 - 20200320.epub",2714,"https://www.wenku8.net/book/2714.htm","title+author","再也不绑架了","东川笃哉","其他文库","已完结","2020-03-20","173K","悬疑 青春 恋爱","http://img.wenku8.com/image/2/2714/2714s.jpg","七月半，学校放暑假。大学生樽井翔太郎想要打工，赚点零花钱，但是，怎么找都找不到，…"
"https://raw.githubusercontent.com/ixinzhi/lightnovel-2018to2020/master/夏日时光旅人 Summer／Time／Traveler - 新城十马 - 20200320.epub",2708,"https://www.wenku8.net/book/2708.htm","title+author","夏日时光旅人 Summer／Time／Traveler","新城十马","其他文库","已完结","2020-03-20","185K","科幻 青春","http://img.wenku8.com/image/2/2708/2708s.jpg","那个奇妙的夏天，在被未来抛弃的我们的小城边里，我的青梅竹马悠有第一次向未来跳跃了…"
"https://raw.githubusercontent.com/ixinzhi/lightnovel-2018to2020/master/地球星人 - 村田沙耶香 - 20200319.epub",2712,"https://www.wenku8.net/book/2712.htm","title+author","地球星人","村田沙耶香","其他文库","已完结","2020-03-19","92K","犯罪 黑暗 猎奇 女性视角","http://img.wenku8.com/image/2/2712/2712s.jpg","小五的奈月，从小就跟人与众不同，因为她是位「魔法少女」。
堂兄弟的由宇是唯一知道…"
"https://raw.githubusercontent.com/ixinzhi/lightnovel-2018to2020/master/异裤星人大作战 - 为三 - 20200319.epub",2706,"https://www.wenku8.net/book/2706.htm","title+author","异裤星人大作战","为三","MF文库J","已完结","2020-03-19","199K","奇幻 校园 欢乐向 青春 人外","http://img.wenku8.com/image/2/2706/2706s.jpg","★本作荣获第9届MF文库J轻小说新人赏优秀赏！
★以条纹内裤为主角的变态系（有点色色…"
"https://raw.githubusercontent.com/ixinzhi/lightnovel-2018to2020/master/真传勇传·革命篇 堕落黑勇者的传说 - 镜贵也 - 20200318.epub",2710,"https://www.wenku8.net/book/2710.htm","title+author","真传勇传·革命篇 堕落黑勇者的传说","镜贵也","富士见文库","连载中","2020-03-18","36K","奇幻 魔法 冒险 战争 后宫","http://img.wenku8.com/image/2/2710/2710s.jpg","《传说中勇者的传说》前传小说
曾经有一个腐败的国家。疯狂的国王，充满欲望的贵族，…"
"https://raw.githubusercontent.com/ixinzhi/lightnovel-2018to2020/master/旅猫日记 - 有川浩 - 20200318.epub",2711,"https://www.wenku8.net/book/2711.htm","title+author","旅猫日记","有川浩","讲谈社","已完结","2020-03-18","103K","旅行 人外","http://img.wenku8.com/image/2/2711/2711s.jpg","可以遇见你，仅只如此，就能让我感受到巨大的幸福。
我和悟，原本只是不即不离的泛泛…"
"https://raw.githubusercontent.com/ixinzhi/lightnovel-2018to2020/master/伯爵与妖精 - 谷瑞惠 - 20200317.epub",20,"https://www.wenku8.net/book/20.htm","title+author","伯爵与妖精","谷瑞惠","少女文库","已完结/ 已动画化","2020-03-17","3159K","奇幻 恋爱","http://img.wenku8.com/image/0/20/20s.jpg","莉迪雅是位可以看见妖精并与他们沟通的女子，玩伴是一只可以幻化成长毛猫咪还有点不太…"
"https://raw.githubusercontent.com/ixinzhi/lightnovel-2018to2020/master/SLAYERS！秀逗魔导士(魔剑美神) - 神坂一 - 20200317.epub",221,"https://www.wenku8.net/book/221.htm","title+author","SLAYERS！秀逗魔导士(魔剑美神)","神坂一","富士见文库","已完结/ 已动画化","2020-03-17","1078K","奇幻 冒险 战斗 欢乐向","http://img.wenku8.com/image/0/221/221s.jpg","史上最平胸、魔法最强、脾气最暴躁美少女魔导士－－莉娜&#8231;因巴斯，亮丽登场！
大…"
"https://raw.githubusercontent.com/ixinzhi/lightnovel-2018to2020/master/Realia大地女神传说 - 雪乃纱衣 - 20200317.epub",2380,"https://www.wenku8.net/book/2380.htm","title+author","Realia大地女神传说","雪乃纱衣","其他文库","连载中","2020-03-17","337K","奇幻 恋爱 女性视角","http://img.wenku8.com/image/2/2380/2380s.jpg","即使在未来等待的，是地狱中微笑的你。
这是个帝国与王朝长年相争的世界。
掌管帝国…"
"https://raw.githubusercontent.com/ixinzhi/lightnovel-2018to2020/master/MUV-LUV - 北侧寒围 - 20200317.epub",845,"https://www.wenku8.net/book/845.htm","title+author","MUV-LUV","北侧寒围","集英社","已完结/ 已动画化","2020-03-17","881K","校园 机战 战争 后宫 青梅竹马","http://img.wenku8.com/image/0/845/845s.jpg","白银武是白陵大附属柊学园的3年级学生，过着每天早上由住在隔壁的青梅竹马．鉴纯夏叫自…"
"https://raw.githubusercontent.com/ixinzhi/lightnovel-2018to2020/master/七星的刻印使 - 凉暮皐 - 20200317.epub",2230,"https://www.wenku8.net/book/2230.htm","title+author","七星的刻印使","凉暮皐","HJ文库","连载中","2020-03-17","178K","奇幻 战斗 冒险 后宫","http://img.wenku8.com/image/2/2230/2230s.jpg","魔术师亚斯塔·塞埃尔，是传说中的冒险者团体《七星旅团》第六席。被施加诅咒、魔力受…"
"https://raw.githubusercontent.com/ixinzhi/lightnovel-2018to2020/master/指引之星 - 小川一水 - 20200316.epub",1030,"https://www.wenku8.net/book/1030.htm","title+author","指引之星","小川一水","其他文库","连载中","2020-03-16","301K","科幻 冒险 战争 人外","http://img.wenku8.com/image/1/1030/1030s.jpg","与很多进出银河的外星人邂逅的地球，为了帮助文明落后的宇宙航行种族设立了“外文明支…"
"https://raw.githubusercontent.com/ixinzhi/lightnovel-2018to2020/master/吾辈是欧克。女骑士还没出现。 - 内田俊 - 20200315.epub",2264,"https://www.wenku8.net/book/2264.htm","title+author","吾辈是欧克。女骑士还没出现。","内田俊","MF文库J","已完结","2020-03-15","93K","校园 欢乐向 后宫 人外","http://img.wenku8.com/image/2/2264/2264s.jpg","矢泽琢郎是一名欧克。是个虚有其名的文艺社社长，还没有任何新生加入。
「从今天起这…"
"https://raw.githubusercontent.com/ixinzhi/lightnovel-2018to2020/master/全金属狂潮(惊爆危机) - 贺东招二 - 20200315.epub",8,"https://www.wenku8.net/book/8.htm","title+author","全金属狂潮(惊爆危机)","贺东招二","富士见文库","","","","校园 科幻 战争 机战 恋爱 欢乐向","http://img.wenku8.com/image/0/8/8s.jpg","在和平的阵代高校中，过著寻常高中生活的千鸟要面前，突然出现了一名转学生。这位名叫…"
"https://raw.githubusercontent.com/ixinzhi/lightnovel-2018to2020/master/你在月夜里闪耀光辉(月下，有你绽放光芒) - 佐野彻夜 - 20200315.epub",2272,"https://www.wenku8.net/book/2272.htm","title+author","你在月夜里闪耀光辉(月下，有你绽放光芒)","佐野彻夜","电击文库","已完结","2020-03-15","148K","青春 恋爱","http://img.wenku8.com/image/2/2272/2272s.jpg","重要之人辞世后，冈田卓也只是浑浑噩噩活著，
直到他在高中邂逅一位罹患「发光补的少…"
"https://raw.githubusercontent.com/ixinzhi/lightnovel-2018to2020/master/15X24 - 新城十马 - 20200315.epub",966,"https://www.wenku8.net/book/966.htm","title+author","15X24","新城十马","集英社","已完结","2020-03-15","602K","悬疑 冒险 青春 黑暗","http://img.wenku8.com/image/0/966/966s.jpg","在迎来2005年除夕的东京，一个少年跟在网上认识的名为“17”的人相约一起死去。然而，…"
"https://raw.githubusercontent.com/ixinzhi/lightnovel-2018to2020/master/Vamp！ - 成田良悟 - 20200315.epub",448,"https://www.wenku8.net/book/448.htm","title+author","Vamp！","成田良悟","电击文库","连载中","2020-03-15","450K","奇幻 犯罪 冒险 战斗 黑暗","http://img.wenku8.com/image/0/448/448s.jpg","成田良悟所描绘的“这个世上最不像吸血鬼的吸血鬼”的故事。
“亲爱的绅士们淑女们！…"
"https://raw.githubusercontent.com/ixinzhi/lightnovel-2018to2020/master/物语系列 Off Season - 西尾维新 - 20200315.epub",2294,"https://www.wenku8.net/book/2294.htm","title+author","物语系列 Off Season(物语系列十三)","西尾维新","讲谈社","已完结/ 已动画化","2020-03-15","467K","校园 奇幻 青春 恋爱 后宫 人外","http://img.wenku8.com/image/2/2294/2294s.jpg","物语系列第四季内容，前接《续·终物语》，包含《愚物语》、《业物语》、《抚物语》、…"
"https://raw.githubusercontent.com/ixinzhi/lightnovel-2018to2020/master/神曲奏界 红S - 榊一郎 - 20200315.epub",704,"https://www.wenku8.net/book/704.htm","title+author","神曲奏界 红S","榊一郎","GA文库","已完结/ 已动画化","2020-03-15","721K","校园 奇幻 音乐 战斗 后宫 人外","http://img.wenku8.com/image/0/704/704s.jpg","十二年前，一名少年在孤儿院的屋顶上邂逅了一柱红发精灵女性——克缇卡儿蒂。而这场邂…"
"https://raw.githubusercontent.com/ixinzhi/lightnovel-2018to2020/master/六花的勇者 - 山形石雄 - 20200315.epub",1175,"https://www.wenku8.net/book/1175.htm","title+author","六花的勇者","山形石雄","集英社","已完结/ 已动画化","2020-03-15","885K","奇幻 悬疑 战斗 冒险","http://img.wenku8.com/image/1/1175/1175s.jpg","当「魔神」自暗黑深渊苏醒，命运之神将会挑选六名勇者，授与其拯救世界的力量。 
自称…"
"https://raw.githubusercontent.com/ixinzhi/lightnovel-2018to2020/master/机动战士高达W 冰结的泪滴(Frozen Teardrop) - 隅泽克之 - 20200315.epub",1366,"https://www.wenku8.net/book/1366.htm","title+author","机动战士高达W 冰结的泪滴(Frozen Teardrop","隅泽克之","角川文库","已完结","2020-03-15","635K","科幻 机战 战争","http://img.wenku8.com/image/1/1366/1366s.jpg","《钢弹W》十年后的世界，揭发那段曾被隐密的历史!!
故事舞台是电视动画版的数十年后未…"
"https://raw.githubusercontent.com/ixinzhi/lightnovel-2018to2020/master/弹丸论破Dangan Ronpa∕Zero - 小高和刚 - 20200315.epub",1302,"https://www.wenku8.net/book/1302.htm","title+author","弹丸论破Dangan Ronpa∕Zero","小高和刚","讲谈社","已完结/ 已动画化","2020-03-15","264K","校园 悬疑 犯罪 斗智 猎奇 大逃杀","http://img.wenku8.com/image/1/1302/1302s.jpg","基于“才能才是人类的希望”这一理念，聚集了各种《超高校级》的才能，私立希望之峰学…"
"https://raw.githubusercontent.com/ixinzhi/lightnovel-2018to2020/master/舰队收藏(舰队Collection 阳炎，起锚！) - 筑地俊彦 - 20200315.epub",1610,"https://www.wenku8.net/book/1610.htm","title+author","舰队收藏(舰队Collection 阳炎，起锚！)","筑地俊彦","Fami通文库","已完结/ 已动画化","2020-03-15","643K","科幻 战斗 冒险 百合","http://img.wenku8.com/image/1/1610/1610s.jpg","舰娘阳炎到任横须贺镇守府。作为阳炎级的命名船，她本想鼓起干劲发奋训练，却怎么也无…"
"https://raw.githubusercontent.com/ixinzhi/lightnovel-2018to2020/master/鹫尾须美是勇者 - タカヒロ - 20200314.epub",1810,"https://www.wenku8.net/book/1810.htm","title_only","鹫尾须美是勇者(勇者部系列一)","タカヒロ","电击文库","","","","奇幻 战斗 冒险 百合 女性视角","http://img.wenku8.com/image/1/1810/1810s.jpg","这是三名勇者的物语。被神选中的少女们的故事。被神选中的纯洁的少女们。在这尽头的结…"
"https://raw.githubusercontent.com/ixinzhi/lightnovel-2018to2020/master/新娘恋曲 - 小田菜摘 - 20200314.epub",858,"https://www.wenku8.net/book/858.htm","title+author","新娘恋曲","小田菜摘","少女文库","连载中","2020-03-14","285K","恋爱 女性视角","http://img.wenku8.com/image/0/858/858s.jpg","布兰纳帝国的公主艾琳娜突然被告知即将要结婚。据说对方是邻国法斯堤玛的年轻国王阿尔…"
"https://raw.githubusercontent.com/ixinzhi/lightnovel-2018to2020/master/金属球棒少女 - ちゅーばちばちこ - 20200314.epub",2063,"https://www.wenku8.net/book/2063.htm","title_only","金属球棒少女","ちゅーばちばちこ","HJ文库","已完结","2020-03-14","56K","悬疑 犯罪 黑暗 恋爱","http://img.wenku8.com/image/2/2063/2063s.jpg","5月中的酷热的一天，在车站遇见了一个世界上第一可爱的少女。在第二天，起床的时候发现…"
"https://raw.githubusercontent.com/ixinzhi/lightnovel-2018to2020/master/驱魔少年 - 城崎火也 - 20200314.epub",672,"https://www.wenku8.net/book/672.htm","title+author","驱魔少年","城崎火也","集英社","已完结/ 已动画化","2020-03-14","180K","奇幻 冒险 战斗","http://img.wenku8.com/image/0/672/672s.jpg","他们是黑色教团的黑暗圣职者、拥有异能感的驱魔师，在很久很久以前，千年伯爵曾经想霸…"
"https://raw.githubusercontent.com/ixinzhi/lightnovel-2018to2020/master/华氏9999 - 朝仓勋 - 20200314.epub",1993,"https://www.wenku8.net/book/1993.htm","title+author","华氏9999","朝仓勋","集英社","已完结","2020-03-14","219K","科幻 间谍 战斗 后宫 青梅竹马","http://img.wenku8.com/image/1/1993/1993s.jpg","动画、漫画、游戏、轻小说、公仔模型——在这个时代里全部成为管制项目。在警视厅新设…"
"https://raw.githubusercontent.com/ixinzhi/lightnovel-2018to2020/master/藤宫十贵子系列 - 铃木大辅 - 20200314.epub",756,"https://www.wenku8.net/book/756.htm","title+author","藤宫十贵子系列","铃木大辅","富士见文库","连载中","2020-03-14","179K","校园 奇幻 欢乐向 恋爱","http://img.wenku8.com/image/0/756/756s.jpg","「今天开始我就是你的狗，以后请多多关照,你这个混球」 
眼前的美少女摆着一张生气的脸…"
"https://raw.githubusercontent.com/ixinzhi/lightnovel-2018to2020/master/聆听陌生电影的原声带 - 竹宫悠由子 - 20200314.epub",2069,"https://www.wenku8.net/book/2069.htm","title+author","聆听陌生电影的原声带","竹宫悠由子","其他文库","已完结","2020-03-14","121K","青春 恋爱 女性视角","http://img.wenku8.com/image/2/2069/2069s.jpg","这是恋爱？还是赎罪？压倒性的恋爱小说。
锦户枇杷，23岁，待业中。夜夜踩者厕所拖鞋…"
"https://raw.githubusercontent.com/ixinzhi/lightnovel-2018to2020/master/我家有个地下城 - 天羽伊吹清 - 20200314.epub",2089,"https://www.wenku8.net/book/2089.htm","title+author","我家有个地下城","天羽伊吹清","电击文库","连载中","2020-03-14","102K","奇幻 欢乐向 冒险 妹妹","http://img.wenku8.com/image/2/2089/2089s.jpg","从某个时期开始世界上出现了大量的地下城，结果让整个世界充斥了魔物与魔法。
这样非…"
"https://raw.githubusercontent.com/ixinzhi/lightnovel-2018to2020/master/16：00的召唤魔法 - 木绪那智 - 20200313.epub",1537,"https://www.wenku8.net/book/1537.htm","title+author","16:00的召唤魔法","木绪那智","其他文库","已完结","2020-03-13","142K","穿越 魔法 战斗 后宫 青梅竹马","http://img.wenku8.com/image/1/1537/1537s.jpg","患有轻度中二病的弘树。某日，他的手机收到一封陌生的简讯。
——求求你！救救我们。…"
"https://raw.githubusercontent.com/ixinzhi/lightnovel-2018to2020/master/期待您大驾光临 老街和果子店栗丸堂 - 似鸟航一 - 20200313.epub",1884,"https://www.wenku8.net/book/1884.htm","title+author","期待您大驾光临 老街和果子店栗丸堂","似鸟航一","电击文库","","","","悬疑 美食 恋爱","http://img.wenku8.com/image/1/1884/1884s.jpg","细致的甜蜜滋味，浓厚的老街人情味，温暖疗愈的昔日美好时光。
——欢迎光临「栗丸堂…"
"https://raw.githubusercontent.com/ixinzhi/lightnovel-2018to2020/master/怪物猎人 - ゆうきりん - 20200313.epub",308,"https://www.wenku8.net/book/308.htm","title_only","怪物猎人","ゆうきりん","其他文库","已完结","2020-03-13","324K","奇幻 冒险 战斗","http://img.wenku8.com/image/0/308/308s.jpg","年轻气盛的少年&#8231;吉格，凭著在村庄时累积的些许经验就不知天高地厚地自以为是个能…"
"https://raw.githubusercontent.com/ixinzhi/lightnovel-2018to2020/master/精灵、战车与我的日常 - 佐藤大辅 - 20200313.epub",2232,"https://www.wenku8.net/book/2232.htm","title+author","精灵、战车与我的日常","佐藤大辅","富士见文库","连载中","2020-03-13","254K","穿越 战争 后宫 人外","http://img.wenku8.com/image/2/2232/2232s.jpg","「呜哇！耳朵在动耶，耳朵。而且还尖尖的…这么说来是精灵喽？
我、我、我来到异世界…"
"https://raw.githubusercontent.com/ixinzhi/lightnovel-2018to2020/master/怪物猎人2G 灵魂继承者 - 冰上慧一 - 20200313.epub",479,"https://www.wenku8.net/book/479.htm","title+author","怪物猎人2G 灵魂继承者","冰上慧一","Fami通文库","已完结","2020-03-13","567K","奇幻 冒险 战斗","http://img.wenku8.com/image/0/479/479s.jpg","以成为一名优秀怪物猎人为目标的青年片手剑猎人基奥与拍档女性弓手埃迪卡、大剑战士罗…"
"https://raw.githubusercontent.com/ixinzhi/lightnovel-2018to2020/master/风水学园 - 夏绿 - 20200312.epub",594,"https://www.wenku8.net/book/594.htm","title+author","风水学园","夏绿","MF文库J","已完结","2020-03-12","779K","校园 奇幻 战斗 欢乐向 后宫 人外","http://img.wenku8.com/image/0/594/594s.jpg","""魔法建筑师""是一种使用风水术法来解决因风水地理所引发的各种离奇事件的职业。立志要当…"
"https://raw.githubusercontent.com/ixinzhi/lightnovel-2018to2020/master/默示录爱丽丝(默示录Alice) - 镜贵也 - 20200311.epub",1629,"https://www.wenku8.net/book/1629.htm","title+author","默示录爱丽丝(默示录Alice)","镜贵也","富士见文库","","","","奇幻 校园 战斗 后宫 妹妹","http://img.wenku8.com/image/1/1629/1629s.jpg","「各位同学，让我们一起去杀死少女，拯救世界９
世界走样了。就为了一种只有少女会染…"
"https://raw.githubusercontent.com/ixinzhi/lightnovel-2018to2020/master/BOY MEETS HEART！她的旗子久攻不下？ - 鸟羽彻 - 20200311.epub",1293,"https://www.wenku8.net/book/1293.htm","title+author","BOY MEETS HEART！她的旗子久攻不下？","鸟羽彻","GA文库","已完结","2020-03-11","179K","校园 异能 战斗 后宫 青梅竹马","http://img.wenku8.com/image/1/1293/1293s.jpg","如果预知能力者与透视能力者产生纠纷，想要一决胜负时──该怎么办呢？
超能力者所居…"
"https://raw.githubusercontent.com/ixinzhi/lightnovel-2018to2020/master/BLACK BLOOD BROTHERS 黑血兄弟 - 字野耕平 - 20200310.epub",141,"https://www.wenku8.net/book/141.htm","title+author","BLACK BLOOD BROTHERS 黑血兄弟","字野耕平","富士见文库","已完结/ 已动画化","2020-03-10","1855K","奇幻 悬疑 犯罪 战斗 人外","http://img.wenku8.com/image/0/141/141s.jpg","四月当空。
如疾风一般穿梭的赤红身影沐浴在月光下。他手持一把日本刀，不断从一栋大…"
"https://raw.githubusercontent.com/ixinzhi/lightnovel-2018to2020/master/境界迷宫与异界魔术师 - 小野崎えいじ - 20200310.epub",2188,"https://www.wenku8.net/book/2188.htm","title+author","境界迷宫与异界魔术师","小野崎えいじ","其他文库","连载中","2020-03-10","433K","穿越 战斗 冒险 龙傲天 后宫","http://img.wenku8.com/image/2/2188/2188s.jpg","身为贵族庶子、常受到其他兄弟欺凌的堤欧德鲁&#8231;贾特拿被推进水渠里濒死之际，意外…"
"https://raw.githubusercontent.com/ixinzhi/lightnovel-2018to2020/master/二线级Love Story - 持崎汤叶 - 20200310.epub",2008,"https://www.wenku8.net/book/2008.htm","title+author","二线级Love Story","持崎汤叶","讲谈社","已完结","2020-03-10","87K","校园 青春 恋爱","http://img.wenku8.com/image/2/2008/2008s.jpg","心意是单向的。
高中二年生松尾家之助，与担任学生会长的挚友，完美超人一之濑秋，及…"
"https://raw.githubusercontent.com/ixinzhi/lightnovel-2018to2020/master/人类衰退之后 - 田中罗密欧 - 20200310.epub",278,"https://www.wenku8.net/book/278.htm","title+author","人类衰退之后","田中罗密欧","小学馆","已完结/ 已动画化","2020-03-10","947K","科幻 末日 女性视角","http://img.wenku8.com/image/0/278/278s.jpg","我们人类迎接缓慢的衰退，已经过了好几个世纪。如今地球已经属于“妖精”的了。
我身…"
"https://raw.githubusercontent.com/ixinzhi/lightnovel-2018to2020/master/千之魔剑与盾之少女 - 川口士 - 20200310.epub",1240,"https://www.wenku8.net/book/1240.htm","title+author","千之魔剑与盾之少女","川口士","一迅社","已完结","2020-03-10","1904K","奇幻 战斗 冒险 后宫","http://img.wenku8.com/image/1/1240/1240s.jpg","这是人类的黑暗世纪。富庶丰饶的大陆被魔物占据，人类被迫迁居至漂浮海上的都市以及其…"
"https://raw.githubusercontent.com/ixinzhi/lightnovel-2018to2020/master/封神演戏 - 森田季节 - 20200310.epub",2093,"https://www.wenku8.net/book/2093.htm","title+author","封神演戏","森田季节","集英社","已完结","2020-03-10","309K","穿越 战斗 欢乐向 后宫","http://img.wenku8.com/image/2/2093/2093s.jpg","仙人太公望，是个不断请带薪假，成天在家里打电动的尼特族。某天，昆仑为了导正历史，…"
"https://raw.githubusercontent.com/ixinzhi/lightnovel-2018to2020/master/玉高社交舞社欢迎您 - 三萩千夜 - 20200310.epub",2374,"https://www.wenku8.net/book/2374.htm","title+author","玉高社交舞社欢迎您","三萩千夜","角川文库","已完结","2020-03-10","89K","校园 竞技 青春 恋爱 后宫","http://img.wenku8.com/image/2/2374/2374s.jpg","遭受食物诱惑而被拐进「社交舞社」的雪也，在三名个性十足的女社员启蒙下，逐渐深陷社…"
"https://raw.githubusercontent.com/ixinzhi/lightnovel-2018to2020/master/读者与主人公以及这两人之后 - 岬鹭宫 - 20200310.epub",2404,"https://www.wenku8.net/book/2404.htm","title+author","读者与主人公以及这两人之后","岬鹭宫","电击文库","已完结","2020-03-10","82K","校园 青春 恋爱","http://img.wenku8.com/image/2/2404/2404s.jpg","——所以，我的初恋是在尾声之后开始的。
只要有这个故事，其他什么都不需要。如果这…"
"https://raw.githubusercontent.com/ixinzhi/lightnovel-2018to2020/master/星图咏的理娜 - 川口士 - 20200310.epub",1146,"https://www.wenku8.net/book/1146.htm","title+author","星图咏的理娜","川口士","一迅社","已完结","2020-03-10","415K","奇幻 战斗 冒险 旅行 恋爱","http://img.wenku8.com/image/1/1146/1146s.jpg","「我要将我走过的道路与看见的东西描绘下来。这就是我的地图。」
聪慧又年轻的公主「…"
"https://raw.githubusercontent.com/ixinzhi/lightnovel-2018to2020/master/红龙(红龙战役) - 三田诚 - 20200309.epub",1337,"https://www.wenku8.net/book/1337.htm","title+author","红龙(红龙战役)","三田诚","讲谈社","已完结/ 已动画化","2020-03-09","561K","奇幻 战争","http://img.wenku8.com/image/1/1337/1337s.jpg","多纳提亚和黄烂是争夺世界霸权的两个超级大国，在这两个大国的夹缝中，存在着一个神秘…"
"https://raw.githubusercontent.com/ixinzhi/lightnovel-2018to2020/master/我想吃掉你的胰脏(我想吃了，你的胰脏) - 住野夜 - 20200309.epub",2032,"https://www.wenku8.net/book/2032.htm","title+author","我想吃掉你的胰脏(我想吃了，你的胰脏)","住野夜","其他文库","已完结/ 已动画化","2020-03-09","123K","青春 恋爱","http://img.wenku8.com/image/2/2032/2032s.jpg","用普通的句子来表达我和你的关系，实在太可惜了，我果然还是，想吃掉你的胰脏！
一直…"
"https://raw.githubusercontent.com/ixinzhi/lightnovel-2018to2020/master/圣剑锻造师 - 三浦勇雄 - 20200309.epub",888,"https://www.wenku8.net/book/888.htm","title+author","圣剑锻造师","三浦勇雄","MF文库J","","","","奇幻 冒险 战争 后宫 人外","http://img.wenku8.com/image/0/888/888s.jpg","过去，大陆曾经在”恶魔契约”的驱使下展开一场禁忌的战争。
如今── 身属骑士团旧的…"
"https://raw.githubusercontent.com/ixinzhi/lightnovel-2018to2020/master/无头骑士异闻录DuRaRaRa!! - 成田良悟 - 20200309.epub",412,"https://www.wenku8.net/book/412.htm","title+author","无头骑士异闻录DuRaRaRa!!","成田良悟","电击文库","","","","犯罪 黑暗 冒险 战斗 群像","http://img.wenku8.com/image/0/412/412s.jpg","“我最喜欢人了。你问我喜欢谁？不对，不是那种意思！我喜欢这世上所有的人类！
喜欢…"
"https://raw.githubusercontent.com/ixinzhi/lightnovel-2018to2020/master/未来／咖啡，她的恋爱 - 千岁绫 - 20200309.epub",2155,"https://www.wenku8.net/book/2155.htm","title+author","未来／咖啡，她的恋爱","千岁绫","GA文库","连载中","2020-03-09","139K","欢乐向 恋爱 青梅竹马 女儿","http://img.wenku8.com/image/2/2155/2155s.jpg","「父亲，您看我的眼神很不纯洁哦」 某一天，高中生凑辽太郎回到家里，却发现了一个完全…"
"https://raw.githubusercontent.com/ixinzhi/lightnovel-2018to2020/master/她们做菜难吃的百种理由 - 高野小鹿 - 20200309.epub",1706,"https://www.wenku8.net/book/1706.htm","title+author","她们做菜难吃的百种理由","高野小鹿","角川文库","连载中","2020-03-09","398K","校园 欢乐向 后宫 青梅竹马 妹妹","http://img.wenku8.com/image/1/1706/1706s.jpg","爱内叶介目前的烦恼，就是每天的饭菜！烹饪研究家的母亲去了英国，我的生活全部托给了…"
"https://raw.githubusercontent.com/ixinzhi/lightnovel-2018to2020/master/Fate Prototype 苍银的碎片 - 樱井光 - 20200309.epub",1793,"https://www.wenku8.net/book/1793.htm","title+author","Fate Prototype 苍银的碎片","樱井光","角川文库","","","","奇幻 魔法 战斗 大逃杀 恋爱 女性视角","http://img.wenku8.com/image/1/1793/1793s.jpg","七名魔术师与七骑英灵结订契约，为争夺传说中能实现任何愿望的愿望机──圣杯而相互厮…"
"https://raw.githubusercontent.com/ixinzhi/lightnovel-2018to2020/master/True Tears 真实之泪 - 藤本透 - 20200309.epub",2703,"https://www.wenku8.net/book/2703.htm","title+author","True Tears 真实之泪","藤本透","其他文库","已完结/ 已动画化","2020-03-09","149K","校园 青春 恋爱 青梅竹马","http://img.wenku8.com/image/2/2703/2703s.jpg","这是“真实之泪”的故事。
富山县门前町代代相传的酿酒世家的独子——仲上真一郎，是…"
"https://raw.githubusercontent.com/ixinzhi/lightnovel-2018to2020/master/MUV-LUV Schwarzes marken(死亡黑标) - 内田弘树 - 20200309.epub",1278,"https://www.wenku8.net/book/1278.htm","title+author","MUV-LUV Schwarzes marken(死亡黑标)","内田弘树","Fami通文库","已完结/ 已动画化","2020-03-09","1077K","科幻 战争 机战 后宫 妹妹","http://img.wenku8.com/image/1/1278/1278s.jpg","原作AGE+人设CARNELIAN+剧本内田弘树
由豪华阵容打造的<<MUV-LUVALTERNATIVE>>系列新故事…"
"https://raw.githubusercontent.com/ixinzhi/lightnovel-2018to2020/master/神不在的星期天 - 入江君人 - 20200309.epub",1033,"https://www.wenku8.net/book/1033.htm","title+author","神不在的星期天","入江君人","富士见文库","","","","奇幻 冒险 旅行 末日 黑暗 恋爱","http://img.wenku8.com/image/1/1033/1033s.jpg","十五年前，神舍弃了世界。人类不再出生，死者不再死去。在这抹上绝望色彩的世界里，唯…"
"https://raw.githubusercontent.com/ixinzhi/lightnovel-2018to2020/master/我的狐仙女友 - 西野かつみ - 20200309.epub",48,"https://www.wenku8.net/book/48.htm","title+author","我的狐仙女友","西野かつみ","MF文库J","连载中/ 已动画化","2020-03-09","1342K","校园 奇幻 欢乐向 后宫 人外","http://img.wenku8.com/image/0/48/48s.jpg","「爷爷，大城市的学校实在太猛了──」
高一生耕太在转学第一天，就被陌生的学姐叫出…"
"https://raw.githubusercontent.com/ixinzhi/lightnovel-2018to2020/master/剑神的继承者(剑神之继承者) - 镜游 - 20200308.epub",1260,"https://www.wenku8.net/book/1260.htm","title+author","剑神的继承者(剑神之继承者)","镜游","MF文库J","已完结","2020-03-08","1294K","校园 战斗 冒险 后宫 青梅竹马","http://img.wenku8.com/image/1/1260/1260s.jpg","东京苏迪亚——那里是由擅长剑技，恋上剑的种族「苏迪人」所支配的城市。少年库罗身为…"
"https://raw.githubusercontent.com/ixinzhi/lightnovel-2018to2020/master/光明之风 公主们的冒险 - 加纳新太 - 20200308.epub",2702,"https://www.wenku8.net/book/2702.htm","title+author","光明之风 公主们的冒险","加纳新太","Fami通文库","已完结","2020-03-08","108K","奇幻 战斗 冒险","http://img.wenku8.com/image/2/2702/2702s.jpg","柯拉拉克兰公主前往讨伐蹂躏国境的兽人势力时，心里却有个无法对任何人坦白的目的………"
"https://raw.githubusercontent.com/ixinzhi/lightnovel-2018to2020/master/高校女仆警察 - 泽上水也 - 20200308.epub",142,"https://www.wenku8.net/book/142.htm","title+author","高校女仆警察","泽上水也","GA文库","已完结","2020-03-08","824K","冒险 战斗 欢乐向 后宫","http://img.wenku8.com/image/0/142/142s.jpg","穿著女仆装的她们……是警察！？ 
久我原桂一，跟稚嫩的外表截然不同，是个IQ极高的天…"
"https://raw.githubusercontent.com/ixinzhi/lightnovel-2018to2020/master/恶之娘 - 恶之P（mothy） - 20200308.epub",926,"https://www.wenku8.net/book/926.htm","title+author","恶之娘","恶之P（mothy）","其他文库","已完结","2020-03-08","369K","音乐 奇幻 战斗 恋爱","http://img.wenku8.com/image/0/926/926s.jpg","日本著名动画网站NICONICO超人气同人动画
超级虚拟偶像·镜音双子
三大悲剧之一「恶…"
"https://raw.githubusercontent.com/ixinzhi/lightnovel-2018to2020/master/魔法使与我 - 十文字青 - 20200308.epub",2256,"https://www.wenku8.net/book/2256.htm","title+author","魔法使与我","十文字青","其他文库","连载中","2020-03-08","112K","旅行 冒险 恋爱","http://img.wenku8.com/image/2/2256/2256s.jpg","一名少年被夺走了故乡及同袍，一名少女在旅途中失去所有行李横倒路旁。
加鲁尔与艾露…"
"https://raw.githubusercontent.com/ixinzhi/lightnovel-2018to2020/master/鲤之洼学园侦探部 - 东川笃哉 - 20200307.epub",1252,"https://www.wenku8.net/book/1252.htm","title+author","鲤之洼学园侦探部","东川笃哉","其他文库","已完结","2020-03-07","384K","校园 悬疑 欢乐向","http://img.wenku8.com/image/1/1252/1252s.jpg","刚转学来到私立鲤之洼学园的赤坂通，原本打算参加文艺社，却糊里糊涂地被学长多摩川、…"
"https://raw.githubusercontent.com/ixinzhi/lightnovel-2018to2020/master/夏日魔术 - 田中芳树 - 20200307.epub",234,"https://www.wenku8.net/book/234.htm","title+author","夏日魔术","田中芳树","其他文库","已完结","2020-03-07","364K","科幻 冒险 战斗","http://img.wenku8.com/image/0/234/234s.jpg","时间是八月底的某一天，大学生能户耕平和一群旅客在山上的一个无人车站被放下来。 “哥…"
"https://raw.githubusercontent.com/ixinzhi/lightnovel-2018to2020/master/29岁单身汉在异世界想自由生活却事与愿违！？ - リュート - 20200307.epub",2147,"https://www.wenku8.net/book/2147.htm","title_only","29岁单身汉在异世界想自由生活却事与愿违！","リュート","富士见文库","已完结","2020-03-07","948K","穿越 魔法 冒险 后宫 人外","http://img.wenku8.com/image/2/2147/2147s.jpg","我是三叶大志。
一个今年即将迈入三十岁的大叔，身材肥胖的约聘员工……
原本应该是…"
"https://raw.githubusercontent.com/ixinzhi/lightnovel-2018to2020/master/传说中勇者的传说 - 镜贵也 - 20200307.epub",180,"https://www.wenku8.net/book/180.htm","title+author","传说中勇者的传说","镜贵也","富士见文库","已完结/ 已动画化","2020-03-07","1783K","奇幻 魔法 冒险 战争 后宫","http://img.wenku8.com/image/0/180/180s.jpg","莱纳·琉德毫无干劲。
在这里，罗兰德帝国王立特殊学院的学生所追求的，只是作为战争…"
"https://raw.githubusercontent.com/ixinzhi/lightnovel-2018to2020/master/魔法使玛莉伊 - 东川笃哉 - 20200307.epub",1227,"https://www.wenku8.net/book/1227.htm","title+author","魔法使玛莉伊","东川笃哉","其他文库","连载中","2020-03-07","126K","悬疑 欢乐向 恋爱","http://img.wenku8.com/image/1/1227/1227s.jpg","谁说推理一定要侦探，魔法使也来凑一脚！
无厘头魔法使玛莉伊、色色刑警小山田与抖S警…"
"https://raw.githubusercontent.com/ixinzhi/lightnovel-2018to2020/master/翼之归处 - 妹尾由布子 - 20200307.epub",697,"https://www.wenku8.net/book/697.htm","title+author","翼之归处","妹尾由布子","其他文库","已完结","2020-03-07","1498K","奇幻 战争 斗智 恋爱","http://img.wenku8.com/image/0/697/697s.jpg","帝国史官亚尔德拥有『过去视』的能力。体弱多病的他，梦想着能在新的就任地北岭过上朴…"
"https://raw.githubusercontent.com/ixinzhi/lightnovel-2018to2020/master/Steins；Gate命运石之门(剧场版小说) - 浜崎达也 - 20200307.epub",2701,"https://www.wenku8.net/book/2701.htm","title+author","Steins；Gate命运石之门(剧场版小说)","浜崎达也","角川文库","已完结/ 已动画化","2020-03-07","161K","科幻 悬疑 恋爱 后宫 青梅竹马","http://img.wenku8.com/image/2/2701/2701s.jpg","命运石之门动画剧场版的小说化。
自称为“狂妄的疯狂科学家”,至今仍是中二病的大学生…"
"https://raw.githubusercontent.com/ixinzhi/lightnovel-2018to2020/master/公主心 - 高殿円 - 20200306.epub",512,"https://www.wenku8.net/book/512.htm","title+author","公主心","高殿円","少女文库","已完结","2020-03-06","1175K","恋爱","http://img.wenku8.com/image/0/512/512s.jpg","孩提时期在帕尔梅尼亚王国当人质的路希德，十八岁时推翻了父王，成为艾兹森公国的国王…"
"https://raw.githubusercontent.com/ixinzhi/lightnovel-2018to2020/master/光速蒙面侠(冲锋21) - 合作 - 20200306.epub",777,"https://www.wenku8.net/book/777.htm","title+author","光速蒙面侠(冲锋21)","合作","集英社","已完结","2020-03-06","110K","青春 竞技","http://img.wenku8.com/image/0/777/777s.jpg","第一卷作者：长谷川胜己；第二卷作者：映岛巡
美式足球！
这足让美国两亿球迷疯狂的…"
"https://raw.githubusercontent.com/ixinzhi/lightnovel-2018to2020/master/虫与眼球 - 日日日 - 20200306.epub",176,"https://www.wenku8.net/book/176.htm","title+author","虫与眼球","日日日","MF文库J","已完结","2020-03-06","644K","校园 奇幻 冒险 战斗 恋爱 JK","http://img.wenku8.com/image/0/176/176s.jpg","智力、体力、财力、魅力皆完美无缺的美青年老师──贤木愚龙，死心塌地地爱着一贫如洗…"
"https://raw.githubusercontent.com/ixinzhi/lightnovel-2018to2020/master/今天开始做魔王 - 乔林知 - 20200306.epub",121,"https://www.wenku8.net/book/121.htm","title+author","今天开始做魔王","乔林知","少女文库","已完结/ 已动画化","2020-03-06","1754K","穿越 奇幻 冒险 欢乐向 耽美","http://img.wenku8.com/image/0/121/121s.jpg","正义感和不服输的个性比一般人强一倍的我，名叫涩谷有利，今年15岁。在某日回家途中，…"
"https://raw.githubusercontent.com/ixinzhi/lightnovel-2018to2020/master/女神异闻录3 - 藤原健市 - 20200306.epub",754,"https://www.wenku8.net/book/754.htm","title+author","女神异闻录3","藤原健市","Fami通文库","已完结/ 已动画化","2020-03-06","367K","校园 异能 战斗","http://img.wenku8.com/image/0/754/754s.jpg","霹哩一声，龟裂迸走于那张蓝黑色的面具上。戴着面具的黑色暗影打算要逃走。暗影。那是…"
"https://raw.githubusercontent.com/ixinzhi/lightnovel-2018to2020/master/爱的魔法 - 筑地俊彦 - 20200306.epub",190,"https://www.wenku8.net/book/190.htm","title+author","爱的魔法","筑地俊彦","富士见文库","连载中/ 已动画化","2020-03-06","1416K","校园 魔法 战斗 欢乐向 后宫","http://img.wenku8.com/image/0/190/190s.jpg","主人公·式森和树是一个17岁的高中生，就读于培养精英魔法师的葵学院，成绩用倒数来比…"
"https://raw.githubusercontent.com/ixinzhi/lightnovel-2018to2020/master/最终幻想VII - 野岛一成 - 20200306.epub",663,"https://www.wenku8.net/book/663.htm","title+author","最终幻想VII","野岛一成","其他文库","已完结/ 已动画化","2020-03-06","99K","科幻 战争","http://img.wenku8.com/image/0/663/663s.jpg","七代的故事构筑在一个以魔光能源为基础的世界里。
在经历了六代的那个中世纪结合现实…"
"https://raw.githubusercontent.com/ixinzhi/lightnovel-2018to2020/master/锁锁美小姐@不好好努力(锁锁美同学@提不起劲) - 日日日 - 20200306.epub",1207,"https://www.wenku8.net/book/1207.htm","title+author","锁锁美小姐@不好好努力(锁锁美同学@提不起劲","日日日","小学馆","已完结/ 已动画化","2020-03-06","1238K","奇幻 冒险 欢乐向 妹妹 女性视角","http://img.wenku8.com/image/1/1207/1207s.jpg","锁锁美是个不敢出门的女孩，每天都懒洋洋地蹲在家里，吃饭和换衣服都要靠她最讨厌的哥…"
"https://raw.githubusercontent.com/ixinzhi/lightnovel-2018to2020/master/钢壳都市雷吉欧斯 - 雨木秀介 - 20200306.epub",147,"https://www.wenku8.net/book/147.htm","title+author","钢壳都市雷吉欧斯","雨木秀介","富士见文库","已完结/ 已动画化","2020-03-06","2376K","校园 异能 战斗 冒险 后宫","http://img.wenku8.com/image/0/147/147s.jpg","异形遍布的，荒芜世界，为了守护重要的人，少年与少女挺身迎战！
舍弃战斗的少年与一…"
"https://raw.githubusercontent.com/ixinzhi/lightnovel-2018to2020/master/额头轻触 - 野岛研二 - 20200306.epub",987,"https://www.wenku8.net/book/987.htm","title+author","额头轻触","野岛研二","GA文库","已完结","2020-03-06","526K","校园 异能 战斗 后宫 妹妹","http://img.wenku8.com/image/0/987/987s.jpg","说到这里，心爱的脸顿时垮了下来，扑簌簌地开始流下泪水。
被认同具有神触人（Innoce…"
"https://raw.githubusercontent.com/ixinzhi/lightnovel-2018to2020/master/森罗万象统御者 - 水月纱鸟 - 20200305.epub",1425,"https://www.wenku8.net/book/1425.htm","title+author","森罗万象统御者","水月纱鸟","MF文库J","已完结","2020-03-05","341K","校园 战斗 恋爱 青梅竹马 妹妹","http://img.wenku8.com/image/1/1425/1425s.jpg","御园日向在和青梅竹马绫川铃莉在一起生活七年后，终于被铃莉告白，过著梦寐以求的甜蜜…"
"https://raw.githubusercontent.com/ixinzhi/lightnovel-2018to2020/master/沙漠国物语 - 仓吹智绘 - 20200305.epub",405,"https://www.wenku8.net/book/405.htm","title+author","沙漠国物语","仓吹智绘","少女文库","连载中","2020-03-05","914K","奇幻 冒险 旅行 恋爱","http://img.wenku8.com/image/0/405/405s.jpg","N在沙漠圣地卡巴尔长大的男装少女拉比萨将以“西穆西穆使者”的身份踏上旅途。
西穆西…"
"https://raw.githubusercontent.com/ixinzhi/lightnovel-2018to2020/master/释迦牟尼也凝望 - 今野绪雪 - 20200305.epub",875,"https://www.wenku8.net/book/875.htm","title+author","释迦牟尼也凝望","今野绪雪","少女文库","连载中","2020-03-05","426K","校园 青春 欢乐向 耽美","http://img.wenku8.com/image/0/875/875s.jpg","选源氏还是选平氏？
在佛教系学校——花寺学院高中入学日的早晨，福泽祐麒面临这项抉…"
"https://raw.githubusercontent.com/ixinzhi/lightnovel-2018to2020/master/中之下! - 长冈真纪子 - 20200304.epub",1232,"https://www.wenku8.net/book/1232.htm","title+author","中之下!","长冈真纪子","富士见文库","已完结","2020-03-04","484K","校园 青春 欢乐向 后宫","http://img.wenku8.com/image/1/1232/1232s.jpg","「──总之，你身为男人的等级就只有『中之下』。」
以变态闻名的圣☆重藏学园高中里…"
"https://raw.githubusercontent.com/ixinzhi/lightnovel-2018to2020/master/诅咒 - 甲田学人 - 20200304.epub",2031,"https://www.wenku8.net/book/2031.htm","title+author","诅咒","甲田学人","电击文库","连载中","2020-03-04","448K","悬疑 惊悚 黑暗 妹妹 青梅竹马","http://img.wenku8.com/image/2/2031/2031s.jpg","「……就因为那样，我才把她纳为收藏的肮
真木现人以前讨厌自己的双胞胎哥哥梦人。哥…"
"https://raw.githubusercontent.com/ixinzhi/lightnovel-2018to2020/master/Are you Alice？你是爱丽丝？ - 诸口正巳 - 20200304.epub",1273,"https://www.wenku8.net/book/1273.htm","title+author","Are you Alice？你是爱丽丝？","诸口正巳","少女文库","已完结","2020-03-04","231K","奇幻 游戏 悬疑 黑暗","http://img.wenku8.com/image/1/1273/1273s.jpg","『我，到底是谁？』
抛弃梦想的少年，莫名闯入不可思议王国，甚至被冠上猎杀白兔游戏…"
"https://raw.githubusercontent.com/ixinzhi/lightnovel-2018to2020/master/迷途猫(娇蛮猫娘大横行!) - 松智洋 - 20200304.epub",515,"https://www.wenku8.net/book/515.htm","title+author","迷途猫(娇蛮猫娘大横行!)","松智洋","集英社","连载中/ 已动画化","2020-03-04","964K","校园 青春 欢乐向 后宫 青梅竹马","http://img.wenku8.com/image/0/515/515s.jpg","中生都筑巧与姊姊同住一个屋檐下。姊姊身兼濒临倒闭的西点小铺『斯特雷凯滋』之店长重…"
"https://raw.githubusercontent.com/ixinzhi/lightnovel-2018to2020/master/9S - 叶山透 - 20200304.epub",131,"https://www.wenku8.net/book/131.htm","title+author","9S","叶山透","电击文库","","","","科幻 冒险 战斗 恋爱","http://img.wenku8.com/image/0/131/131s.jpg","过去有位人称「疯狂天才」的科学家，他所留下的种种惊人发明被称为「遗产」，现在仍不…"
"https://raw.githubusercontent.com/ixinzhi/lightnovel-2018to2020/master/勇者与魔王的电击联盟 - あごバリア - 20200304.epub",2117,"https://www.wenku8.net/book/2117.htm","title_only","勇者与魔王的电击联盟","あごバリア","MF文库J","已完结","2020-03-04","95K","欢乐向 恋爱 后宫","http://img.wenku8.com/image/2/2117/2117s.jpg","勇者与魔王，赌上世界的命运的最终决战——明明是这样才对，但是勇者雷路对魔王的亲信…"
"https://raw.githubusercontent.com/ixinzhi/lightnovel-2018to2020/master/SE-X神秘档案 - 五十岚雄策 - 20200304.epub",2372,"https://www.wenku8.net/book/2372.htm","title+author","SE-X神秘档案","五十岚雄策","电击文库","连载中","2020-03-04","93K","校园 欢乐向 青春 恋爱","http://img.wenku8.com/image/2/2372/2372s.jpg","我，护田映一朗在高中这段时间的目标是，用闪耀七彩光辉的青春活动，填满自己那本至今…"
"https://raw.githubusercontent.com/ixinzhi/lightnovel-2018to2020/master/战姬 - 夏绿 - 20200304.epub",608,"https://www.wenku8.net/book/608.htm","title+author","战姬","夏绿","HJ文库","已完结","2020-03-04","313K","科幻 战争 机战 恋爱","http://img.wenku8.com/image/0/608/608s.jpg","神秘机甲少女们在日本造成了破坏性的打击，当这十二名身带羽翼的少女从发出红黑色光芒…"
"https://raw.githubusercontent.com/ixinzhi/lightnovel-2018to2020/master/超自然异象研究社 - 耳目口司 - 20200304.epub",956,"https://www.wenku8.net/book/956.htm","title+author","超自然异象研究社","耳目口司","角川文库","已完结","2020-03-04","487K","校园 奇幻 冒险 悬疑 后宫","http://img.wenku8.com/image/0/956/956s.jpg","就读神乐咲高中的咲丘，一看到「丘研」的社团招生广告就有一种直觉──这正是为了热爱…"
"https://raw.githubusercontent.com/ixinzhi/lightnovel-2018to2020/master/两个爱丽丝与不可思议的少女们 - 冈崎いずみ - 20200304.epub",532,"https://www.wenku8.net/book/532.htm","title+author","两个爱丽丝与不可思议的少女们","冈崎いずみ","Fami通文库","已完结","2020-03-04","65K","穿越 冒险 游戏 后宫 人外","http://img.wenku8.com/image/0/532/532s.jpg","男大学生——亚梨须，在某一天突然被一个谜样的兔耳少女给推进洞里……一回过神来，他…"
"https://raw.githubusercontent.com/ixinzhi/lightnovel-2018to2020/master/我当上魔王军的军师了 - 长野圣树 - 20200303.epub",1770,"https://www.wenku8.net/book/1770.htm","title+author","我当上魔王军的军师了","长野圣树","讲谈社","连载中","2020-03-03","217K","校园 欢乐向 后宫 青梅竹马 妹妹","http://img.wenku8.com/image/1/1770/1770s.jpg","壬生赖光想要当一个非常普通的高中生，但是由于家里的一点因素，使他在班上老是受到疏…"
"https://raw.githubusercontent.com/ixinzhi/lightnovel-2018to2020/master/社团文集 - 合作 - 20200303.epub",1490,"https://www.wenku8.net/book/1490.htm","title+author","社团文集(我们的社团活动才刚刚开始)","合作","Fami通文库","已完结","2020-03-03","204K","校园 青春 冒险 竞技","http://img.wenku8.com/image/1/1490/1490s.jpg","描绘出一切纠纷都用大贫民来解决的「大贫民部」最后一战，更伊俊介《B·E·T》。隐藏在…"
"https://raw.githubusercontent.com/ixinzhi/lightnovel-2018to2020/master/方舟九号 ARK NINE - 安井健太郎 - 20200303.epub",1921,"https://www.wenku8.net/book/1921.htm","title+author","方舟九号 ARK NINE","安井健太郎","讲谈社","连载中/ 已动画化","2020-03-03","226K","科幻 悬疑 战斗","http://img.wenku8.com/image/1/1921/1921s.jpg","那一天，人类失去了半个世界——为阻挡「黑雾」的威胁而建造的巨大「高墙」划分地球，…"
"https://raw.githubusercontent.com/ixinzhi/lightnovel-2018to2020/master/男高中生的哈利路亚！ - 一之濑六树 - 20200303.epub",1385,"https://www.wenku8.net/book/1385.htm","title+author","男高中生的哈利路亚！","一之濑六树","GA文库","连载中","2020-03-03","157K","校园 欢乐向 伪娘 后宫","http://img.wenku8.com/image/1/1385/1385s.jpg","「没错，那正是亮点。你既身为一位美少女，又是一位男生９
「理事长，你的日语有毛病…"
"https://raw.githubusercontent.com/ixinzhi/lightnovel-2018to2020/master/死亡重生、为了拯救一切成为最强 - shiryu - 20200303.epub",2645,"https://www.wenku8.net/book/2645.htm","title+author","死亡重生、为了拯救一切成为最强","shiryu","小学馆","连载中","2020-03-03","165K","穿越 战斗 恋爱 后宫 青梅竹马","http://img.wenku8.com/image/2/2645/2645s.jpg","艾力克失去了一切。家人、青梅竹马、好友、还有——心爱之人。
失去一切的艾力克，…"
"https://raw.githubusercontent.com/ixinzhi/lightnovel-2018to2020/master/说谎的天使死了！ - 叶巡明治 - 20200303.epub",1913,"https://www.wenku8.net/book/1913.htm","title+author","说谎的天使死了！","叶巡明治","集英社","连载中","2020-03-03","112K","青春 欢乐向 后宫 青梅竹马","http://img.wenku8.com/image/1/1913/1913s.jpg","立志成为小说家的消极高中生&#8231;夏彦的面前，一位可爱天使少女以超快速度从天而降。…"
"https://raw.githubusercontent.com/ixinzhi/lightnovel-2018to2020/master/兽之奏者 - 上桥菜穗子 - 20200303.epub",878,"https://www.wenku8.net/book/878.htm","title+author","兽之奏者","上桥菜穗子","讲谈社","已完结/ 已动画化","2020-03-03","571K","奇幻 青春 恋爱 冒险","http://img.wenku8.com/image/0/878/878s.jpg","少女艾琳拥有古老而神秘的“雾民”血统，从小便在斗蛇村与担任兽医的母亲相依为命。然…"
"https://raw.githubusercontent.com/ixinzhi/lightnovel-2018to2020/master/吃掉死神的少女 - 七泽またり - 20200303.epub",1826,"https://www.wenku8.net/book/1826.htm","title+author","吃掉死神的少女","七泽またり","Fami通文库","已完结","2020-03-03","269K","奇幻 战争 黑暗 女性视角","http://img.wenku8.com/image/1/1826/1826s.jpg","生于贫穷村落的少女——雪拉，在袭击她的JF军士兵身后，看见了「似乎很好吃」的死神。…"
"https://raw.githubusercontent.com/ixinzhi/lightnovel-2018to2020/master/路克斯·索利斯的侦探军师 - 是钟龙二 - 20200303.epub",1930,"https://www.wenku8.net/book/1930.htm","title+author","路克斯·索利斯的侦探军师","是钟龙二","Fami通文库","已完结","2020-03-03","140K","校园 异能 战斗 恋爱 伪娘","http://img.wenku8.com/image/1/1930/1930s.jpg","天才少年侦探·羽澄悠清醒过来时，发现自己竟身处于汪洋中的一座孤岛上！
这时出现在…"
"https://raw.githubusercontent.com/ixinzhi/lightnovel-2018to2020/master/咱学校的暗杀社(学校的暗杀部) - 深见真 - 20200303.epub",1377,"https://www.wenku8.net/book/1377.htm","title+author","咱学校的暗杀社(学校的暗杀部)","深见真","Fami通文库","已完结","2020-03-03","226K","校园 科幻 战斗 复仇 黑暗","http://img.wenku8.com/image/1/1377/1377s.jpg","身高一百五十七公分，比同年纪的少女还要矮一公分的事实，对深作零士而言是相当迫切的…"
"https://raw.githubusercontent.com/ixinzhi/lightnovel-2018to2020/master/来狩猎吧！萩乃森高校狩猎专门课程 - 森月朝文 - 20200303.epub",1889,"https://www.wenku8.net/book/1889.htm","title+author","来狩猎吧！萩乃森高校狩猎专门课程","森月朝文","小学馆","已完结","2020-03-03","84K","校园 战斗 欢乐向 后宫","http://img.wenku8.com/image/1/1889/1889s.jpg","为了当成为游戏勇者所向往的狩猎怪兽们的生活，我铃鹿翔马就读的是日本国内第一所有狩…"
"https://raw.githubusercontent.com/ixinzhi/lightnovel-2018to2020/master/星降之夜殴打社畜 - 高桥佑一 - 20200303.epub",1710,"https://www.wenku8.net/book/1710.htm","title+author","星降之夜殴打社畜","高桥佑一","角川文库","连载中","2020-03-03","224K","职场 欢乐向 恋爱 后宫 青梅竹马","http://img.wenku8.com/image/1/1710/1710s.jpg","高中辍学的秋人就职的地点是黑心企业“雀跃食品”。是比起任何事情更加喜欢加班的社畜…"
"https://raw.githubusercontent.com/ixinzhi/lightnovel-2018to2020/master/天使小夜曲 - 小林且典 - 20200303.epub",994,"https://www.wenku8.net/book/994.htm","title+author","天使小夜曲","小林且典","其他文库","已完结","2020-03-03","104K","奇幻 青春 恋爱 后宫","http://img.wenku8.com/image/0/994/994s.jpg","工画堂2002年发售的游戏《天使小夜曲》的游戏剧情小说。小说只节选了游戏中的拉司蒂线…"
"https://raw.githubusercontent.com/ixinzhi/lightnovel-2018to2020/master/合奏女孩！ - 日日日 - 20200303.epub",1845,"https://www.wenku8.net/book/1845.htm","title+author","合奏女孩！","日日日","其他文库","已完结","2020-03-03","218K","校园 青春 恋爱 欢乐向 百合","http://img.wenku8.com/image/1/1845/1845s.jpg","欢迎来到君咲学院！
在风光明媚的大自然环绕中，有一间私立君咲学院，直到去年为止仍…"
"https://raw.githubusercontent.com/ixinzhi/lightnovel-2018to2020/master/鼻血店长就不行吗？ - 新木伸 - 20200303.epub",1429,"https://www.wenku8.net/book/1429.htm","title+author","鼻血店长就不行吗？","新木伸","Fami通文库","已完结","2020-03-03","141K","校园 职场 欢乐向 青春 后宫","http://img.wenku8.com/image/1/1429/1429s.jpg","成人漫画专卖店《MARVELOUS》今天也是和乐融融。自称A漫精灵的痴萝莉小姐，能探测A书气…"
"https://raw.githubusercontent.com/ixinzhi/lightnovel-2018to2020/master/F 黎明的少女与终焉的骑士 - 糸森环 - 20200303.epub",1856,"https://www.wenku8.net/book/1856.htm","title+author","F 黎明的少女与终焉的骑士","糸森环","少女文库","连载中","2020-03-03","176K","穿越 奇幻 恋爱 女性视角","http://img.wenku8.com/image/1/1856/1856s.jpg","春假时突然被召唤到异世界的三岛响，被自称为「福君」的人物宣告选择了她为继承人候选…"
"https://raw.githubusercontent.com/ixinzhi/lightnovel-2018to2020/master/我无法说明她有猫耳与尾巴的理由 - 三上康明 - 20200303.epub",1569,"https://www.wenku8.net/book/1569.htm","title+author","我无法说明她有猫耳与尾巴的理由","三上康明","MF文库J","连载中","2020-03-03","161K","校园 欢乐向 青梅竹马 妹妹 人外","http://img.wenku8.com/image/1/1569/1569s.jpg","「这个女孩，就拜托你了。」
话一说完，那名金发少女便倒在我面前——而且她身上还一…"
"https://raw.githubusercontent.com/ixinzhi/lightnovel-2018to2020/master/东池袋迷途猫(东池袋的流浪猫) - 杉井光 - 20200302.epub",2037,"https://www.wenku8.net/book/2037.htm","title+author","东池袋迷途猫(东池袋的流浪猫)","杉井光","电击文库","已完结","2020-03-02","96K","青春 恋爱 音乐 人外","http://img.wenku8.com/image/2/2037/2037s.jpg","我拒绝上学、终日关在房里听音乐后的某一夜，在垃圾集中处捡到一把红色吉他，命运也因…"
"https://raw.githubusercontent.com/ixinzhi/lightnovel-2018to2020/master/屠龙者的异世界生活 - 赤雪トナ - 20200302.epub",1578,"https://www.wenku8.net/book/1578.htm","title+author","屠龙者的异世界生活","赤雪トナ","其他文库","连载中","2020-03-02","412K","穿越 魔法 冒险 后宫 NTR","http://img.wenku8.com/image/1/1578/1578s.jpg","天空。青年来到异世界睁开眼皮首先看到的，正是蔚蓝的天空。事先没有任何徵兆也没有任…"
"https://raw.githubusercontent.com/ixinzhi/lightnovel-2018to2020/master/欢迎来到外星人村 - 松屋大好 - 20200302.epub",2018,"https://www.wenku8.net/book/2018.htm","title+author","欢迎来到外星人村","松屋大好","电击文库","已完结","2020-03-02","105K","冒险 猎奇 脑洞","http://img.wenku8.com/image/2/2018/2018s.jpg","很少会有人知道四之村。即使是在网络上面搜索，也不会有一个链接。简直就像是有意地想…"
"https://raw.githubusercontent.com/ixinzhi/lightnovel-2018to2020/master/密斯玛路卡兴国物语 - 林智明 - 20200302.epub",411,"https://www.wenku8.net/book/411.htm","title+author","密斯玛路卡兴国物语","林智明","角川文库","连载中","2020-03-02","1019K","奇幻 战争 斗智","http://img.wenku8.com/image/0/411/411s.jpg","位于大陆两大主要阵营之间的小国，密斯玛路卡王国。虽然是个和平的国家，但却首当其冲…"
"https://raw.githubusercontent.com/ixinzhi/lightnovel-2018to2020/master/伊奇西亚诺战物语 黑狼卿与天眼军师 - 凤乃一真 - 20200302.epub",2020,"https://www.wenku8.net/book/2020.htm","title+author","伊奇西亚诺战物语 黑狼卿与天眼军师","凤乃一真","Fami通文库","已完结","2020-03-02","264K","战斗 恋爱","http://img.wenku8.com/image/2/2020/2020s.jpg","被誉为阿利翁皇国最强的黑狼卿文森特，凭借其无人能敌的强悍令周围的一切闻风丧胆，他…"
"https://raw.githubusercontent.com/ixinzhi/lightnovel-2018to2020/master/枪械魔法异战 - 长田信织 - 20200302.epub",1915,"https://www.wenku8.net/book/1915.htm","title+author","枪械魔法异战","长田信织","电击文库","已完结","2020-03-02","218K","奇幻 魔法 战斗 机战 后宫","http://img.wenku8.com/image/1/1915/1915s.jpg","当亡国女王伊莉丝遭遇魔兽袭击陷入危机之际，《黑铠》突然从半空中现身。穿着铠甲的男…"
"https://raw.githubusercontent.com/ixinzhi/lightnovel-2018to2020/master/夏洛尔的管乐队 - 是钟リュウジ - 20200302.epub",1975,"https://www.wenku8.net/book/1975.htm","title+author","夏洛尔的管乐队","是钟リュウジ","Fami通文库","已完结","2020-03-02","112K","穿越 音乐 青春 恋爱","http://img.wenku8.com/image/1/1975/1975s.jpg","某天，在名校管乐社担任小号手的春人突然被一股谜样的光芒包覆后，来到了异世界！？而…"
"https://raw.githubusercontent.com/ixinzhi/lightnovel-2018to2020/master/实现网游废恶魔的请求吧 - 初心音コマ - 20200302.epub",1978,"https://www.wenku8.net/book/1978.htm","title+author","实现网游废恶魔的请求吧","初心音コマ","Fami通文库","已完结","2020-03-02","128K","奇幻 欢乐向 恋爱 妹妹","http://img.wenku8.com/image/1/1978/1978s.jpg","皮诺·梅尔佛特是绝无仅有的天才魔法师……原本应该是这样的。但是没想到名门世家梅尔…"
"https://raw.githubusercontent.com/ixinzhi/lightnovel-2018to2020/master/隐匿的存在 - 岩关昂道 - 20200302.epub",1982,"https://www.wenku8.net/book/1982.htm","title+author","隐匿的存在","岩关昂道","电击文库","已完结","2020-03-02","116K","音乐 校园 青春 青梅竹马","http://img.wenku8.com/image/1/1982/1982s.jpg","播放次数突破200万次，超人气VOCALOID曲「インビジブル」轻小说化！
看得见最讨厌讨厌…"
"https://raw.githubusercontent.com/ixinzhi/lightnovel-2018to2020/master/少女王子与魔兽骑士 - 柊游马 - 20200302.epub",2013,"https://www.wenku8.net/book/2013.htm","title+author","少女王子与魔兽骑士","柊游马","电击文库","已完结","2020-03-02","209K","奇幻 校园 战斗 复仇 恋爱","http://img.wenku8.com/image/2/2013/2013s.jpg","战无不胜的少年裘达，他的目标是向国王复仇。身为异端种族的幸存者，裘达为了接近处死…"
"https://raw.githubusercontent.com/ixinzhi/lightnovel-2018to2020/master/该出场了！辉夜大人 - 逢空万太 - 20200302.epub",2055,"https://www.wenku8.net/book/2055.htm","title+author","该出场了！辉夜大人","逢空万太","GA文库","连载中","2020-03-02","121K","科幻 校园 欢乐向 恋爱","http://img.wenku8.com/image/2/2055/2055s.jpg","「妾身名为辉夜·Zen·海因莱因。是统治月球的女王——原，女王就是了」
某天，美少女…"
"https://raw.githubusercontent.com/ixinzhi/lightnovel-2018to2020/master/血腥武器 - 筑地俊彦 - 20200302.epub",1992,"https://www.wenku8.net/book/1992.htm","title+author","血腥武器","筑地俊彦","集英社","连载中","2020-03-02","80K","冒险 犯罪 战斗 青春","http://img.wenku8.com/image/1/1992/1992s.jpg","比炸弹、金钱都还重要的是「同伴」——！！
在世界各地散佈杀人武器的父亲死后，留给…"
"https://raw.githubusercontent.com/ixinzhi/lightnovel-2018to2020/master/大神系列(大神与七位伙伴) - 冲田雅 - 20200302.epub",896,"https://www.wenku8.net/book/896.htm","title+author","大神系列(大神与七位伙伴)","冲田雅","电击文库","已完结/ 已动画化","2020-03-02","1159K","校园 冒险 欢乐向 恋爱","http://img.wenku8.com/image/0/896/896s.jpg","大神凉子，高中一年级生。拥有让小孩子恐惧的凌厉眼神。笑起来时会露出充满魅力的犬牙…"
"https://raw.githubusercontent.com/ixinzhi/lightnovel-2018to2020/master/怕寂寞的萝莉吸血鬼 - 相乐总 - 20200302.epub",2048,"https://www.wenku8.net/book/2048.htm","title+author","怕寂寞的萝莉吸血鬼","相乐总","小学馆","已完结","2020-03-02","92K","校园 欢乐向 人外","http://img.wenku8.com/image/2/2048/2048s.jpg","「汝著实无礼。基于何种理由造访此处？」「我煮了关东煮，要吃吗。」「……关东煮？」…"
"https://raw.githubusercontent.com/ixinzhi/lightnovel-2018to2020/master/你是我的圣剑 - 大树连司 - 20200302.epub",1324,"https://www.wenku8.net/book/1324.htm","title+author","你是我的圣剑","大树连司","GA文库","已完结","2020-03-02","299K","校园 异能 战斗 后宫 大小姐","http://img.wenku8.com/image/1/1324/1324s.jpg","因为失踪的家人留下的巨大欠款，高中生槙那一兔依约前往的，是由超巨大财阀所支配的最…"
"https://raw.githubusercontent.com/ixinzhi/lightnovel-2018to2020/master/今天开始兼职四天王 - 高远豹介 - 20200302.epub",1757,"https://www.wenku8.net/book/1757.htm","title+author","今天开始兼职四天王","高远豹介","电击文库","已完结","2020-03-02","340K","欢乐向 青春 后宫 青梅竹马 妹妹","http://img.wenku8.com/image/1/1757/1757s.jpg","初岛理央开始玩以勇者与魔王相互开战为背景的网络游戏「勇魔战争ONLINE」后，在游戏中…"
"https://raw.githubusercontent.com/ixinzhi/lightnovel-2018to2020/master/APRICOT RED 变态艺闻录 - 北国ばらっど - 20200302.epub",2016,"https://www.wenku8.net/book/2016.htm","title+author","APRICOT RED 变态艺闻录","北国ばらっど","集英社","已完结","2020-03-02","104K","校园 异能 战斗 欢乐向 伪娘","http://img.wenku8.com/image/2/2016/2016s.jpg","变态〈！？〉们，将艺术化为武力，大放异彩吧!!
在一个无聊会致人于死，创作者具有崇…"
"https://raw.githubusercontent.com/ixinzhi/lightnovel-2018to2020/master/闪电公主的怪兽王 - 小川淳次郎 - 20200302.epub",1958,"https://www.wenku8.net/book/1958.htm","title+author","闪电公主的怪兽王","小川淳次郎","讲谈社","已完结","2020-03-02","194K","穿越 奇幻 战斗 欢乐向 恋爱","http://img.wenku8.com/image/1/1958/1958s.jpg","高中生·龟乐神乐在陌生的山丘上醒来，眼前的少女突然说道：「我才没有召唤这种人，我…"
"https://raw.githubusercontent.com/ixinzhi/lightnovel-2018to2020/master/10岁的保健体育 - 竹井10日 - 20200302.epub",1271,"https://www.wenku8.net/book/1271.htm","title+author","10岁的保健体育","竹井10日","一迅社","连载中","2020-03-02","491K","校园 欢乐向 后宫 青梅竹马 妹妹","http://img.wenku8.com/image/1/1271/1271s.jpg","「你好，从今天起我就是这个家的小孩了。我的名字叫做叶美琉。」
某天，单身独居的姬…"
"https://raw.githubusercontent.com/ixinzhi/lightnovel-2018to2020/master/不哭不哭，痛痛飞走吧 - 三秋缒 - 20200302.epub",2015,"https://www.wenku8.net/book/2015.htm","title+author","不哭不哭，痛痛飞走吧","三秋缒","电击文库","已完结","2020-03-02","121K","悬疑 犯罪 复仇 黑暗 恋爱","http://img.wenku8.com/image/2/2015/2015s.jpg","「陪我一起愎仇吧！杀人凶手先生。」十天后,少女将会死去，而杀了她的人是我。
在二十…"
"https://raw.githubusercontent.com/ixinzhi/lightnovel-2018to2020/master/金钱＆智慧 - 稲波翔 - 20200302.epub",1974,"https://www.wenku8.net/book/1974.htm","title+author","金钱＆智慧","稲波翔","其他文库","连载中","2020-03-02","121K","穿越 经营 后宫","http://img.wenku8.com/image/1/1974/1974s.jpg","梦想成为稀有后宫之王的高中生──近江帝罗，他在某一天飞到了一个充满女人的异世界。…"
"https://raw.githubusercontent.com/ixinzhi/lightnovel-2018to2020/master/东京皇帝☆北条恋歌 - 竹井10日 - 20200302.epub",971,"https://www.wenku8.net/book/971.htm","title+author","东京皇帝☆北条恋歌","竹井10日","角川文库","连载中","2020-03-02","832K","校园 欢乐向 后宫 妹妹","http://img.wenku8.com/image/0/971/971s.jpg","「对了，去上学吧９东京皇帝．北条恋歌在得知好友，同时也是东京帝国宰相的南德原来珠…"
"https://raw.githubusercontent.com/ixinzhi/lightnovel-2018to2020/master/玉子爱情故事 - 一之濑六树 - 20200302.epub",1989,"https://www.wenku8.net/book/1989.htm","title+author","玉子爱情故事","一之濑六树","其他文库","已完结/ 已动画化","2020-03-02","79K","青春 恋爱 欢乐向 女性视角","http://img.wenku8.com/image/1/1989/1989s.jpg","电影《玉子爱情故事》本篇所未讲述的，凝缩了玉子和绿两人感情的《玉子爱情故事玉子篇…"
"https://raw.githubusercontent.com/ixinzhi/lightnovel-2018to2020/master/超饱和的次代勇者～失去勇者资格的少年～ - 物草纯平 - 20200301.epub",2072,"https://www.wenku8.net/book/2072.htm","title+author","超饱和的次代勇者～失去勇者资格的少年～","物草纯平","电击文库","已完结","2020-03-01","158K","奇幻 欢乐向 后宫","http://img.wenku8.com/image/2/2072/2072s.jpg","在始祖勇者与魔王之间的大战后，几经风霜。如今，「勇者因子」已遍及全人类，人们无一…"
"https://raw.githubusercontent.com/ixinzhi/lightnovel-2018to2020/master/寿司社 - 西野吾郎 - 20200301.epub",1873,"https://www.wenku8.net/book/1873.htm","title+author","寿司社","西野吾郎","Fami通文库","已完结","2020-03-01","214K","校园 欢乐向 美食 青春 后宫","http://img.wenku8.com/image/1/1873/1873s.jpg","「鲣是个很有趣的人呢。」
「那么，你愿意成为我的新娘了吗？」
「嗯，我拒绝。」
…"
"https://raw.githubusercontent.com/ixinzhi/lightnovel-2018to2020/master/不吸血的吸血鬼 - 刈野ミカタ - 20200301.epub",1349,"https://www.wenku8.net/book/1349.htm","title+author","不吸血的吸血鬼","刈野ミカタ","MF文库J","已完结","2020-03-01","237K","校园 欢乐向 后宫 青梅竹马","http://img.wenku8.com/image/1/1349/1349s.jpg","雨夜冥利虽然身为吸血鬼却不吸血，取而代之用知识代替鲜血，于是青梅竹马为她成立了一…"
"https://raw.githubusercontent.com/ixinzhi/lightnovel-2018to2020/master/罗姆尼亚帝国兴亡记 - 舞阪洸 - 20200301.epub",1804,"https://www.wenku8.net/book/1804.htm","title+author","罗姆尼亚帝国兴亡记","舞阪洸","富士见文库","连载中","2020-03-01","164K","战争 后宫","http://img.wenku8.com/image/1/1804/1804s.jpg","罗姆尼亚帝国的「傻瓜皇子」萨法卡尔接到皇帝的敕命，被派任至边境担任长官。
为争夺…"
"https://raw.githubusercontent.com/ixinzhi/lightnovel-2018to2020/master/扉之魔术师的召唤契约 - 空野一树 - 20200229.epub",1533,"https://www.wenku8.net/book/1533.htm","title+author","扉之魔术师的召唤契约","空野一树","HJ文库","连载中","2020-02-29","298K","穿越 奇幻 冒险 恋爱 女性视角","http://img.wenku8.com/image/1/1533/1533s.jpg","世界屈指可数的魔术师·罗伊成功地完成了史上首例的《异世界召唤》。
他所召唤出来的…"
"https://raw.githubusercontent.com/ixinzhi/lightnovel-2018to2020/master/春日坂高中漫画研究社 - あずまの章 - 20200229.epub",1888,"https://www.wenku8.net/book/1888.htm","title+author","春日坂高中漫画研究社","あずまの章","少女文库","连载中","2020-02-29","244K","校园 欢乐向 青春 恋爱 女性视角","http://img.wenku8.com/image/1/1888/1888s.jpg","漫画研究社的高中二年级生吉村里穗子，对恋爱或流行毫无兴趣，只要能画最喜欢的漫画就…"
"https://raw.githubusercontent.com/ixinzhi/lightnovel-2018to2020/master/勇者凛的传说 - 琴平稜 - 20200229.epub",1640,"https://www.wenku8.net/book/1640.htm","title+author","勇者凛的传说","琴平稜","富士见文库","已完结","2020-02-29","459K","校园 冒险 欢乐向 后宫","http://img.wenku8.com/image/1/1640/1640s.jpg","尤司塔西亚学园──那是一间『冒险者培育机构』，设立目的在于驱逐那些横行在大陆上的…"
"https://raw.githubusercontent.com/ixinzhi/lightnovel-2018to2020/master/鬼灵精行商人缇特可 - 井上树 - 20200229.epub",2167,"https://www.wenku8.net/book/2167.htm","title+author","鬼灵精行商人缇特可","井上树","GA文库","连载中","2020-02-29","79K","欢乐向 后宫 青梅竹马","http://img.wenku8.com/image/2/2167/2167s.jpg","「——那是最新的实●足球吗？」
「咦？……是…是啊，没错。」
某天从江口海人书桌…"
"https://raw.githubusercontent.com/ixinzhi/lightnovel-2018to2020/master/碧蓝幻想 - はせがわみやび - 20200229.epub",2135,"https://www.wenku8.net/book/2135.htm","title_only","碧蓝幻想","はせがわみやび","Fami通文库","连载中/ 已动画化","2020-02-29","75K","奇幻 战斗","http://img.wenku8.com/image/2/2135/2135s.jpg","在一个大地飘浮于天空，遭上帝舍弃的世界，少年格兰怀抱着前往星之岛「尹斯塔鲁西亚」…"
"https://raw.githubusercontent.com/ixinzhi/lightnovel-2018to2020/master/这样算是僵尸吗(这个是僵尸吗) - 木村心一 - 20200229.epub",567,"https://www.wenku8.net/book/567.htm","title+author","这样算是僵尸吗(这个是僵尸吗)","木村心一","富士见文库","","","","校园 奇幻 战斗 欢乐向 后宫 伪娘","http://img.wenku8.com/image/0/567/567s.jpg","平凡的高中生相川步，在莫名其妙的因缘下被卷入震惊社会的连环杀人案身亡，但他竟然死…"
"https://raw.githubusercontent.com/ixinzhi/lightnovel-2018to2020/master/黑锁姬芙洛莉卡 - 坂照铁平 - 20200229.epub",2697,"https://www.wenku8.net/book/2697.htm","title+author","黑锁姬芙洛莉卡","坂照铁平","富士见文库","连载中","2020-02-29","114K","悬疑 奇幻 恋爱 人外","http://img.wenku8.com/image/2/2697/2697s.jpg","「我是系在你身上的锁链的主人，
在这座圣堂内统领亡者的黑铁之锁。
想取悦我的话—…"
"https://raw.githubusercontent.com/ixinzhi/lightnovel-2018to2020/master/粗点心战争 另一个暑假 - 逢空万太 - 20200229.epub",2156,"https://www.wenku8.net/book/2156.htm","title+author","粗点心战争 另一个暑假","逢空万太","小学馆","已完结","2020-02-29","88K","欢乐向 青春","http://img.wenku8.com/image/2/2156/2156s.jpg","以某个乡村小镇为舞台，粗点心屋的儿子九，和来自大城市作为的粗点心狂热爱好者的美少…"
"https://raw.githubusercontent.com/ixinzhi/lightnovel-2018to2020/master/甘城辉煌乐园救世主 红枫召唤者 - 八奈川景晶 - 20200229.epub",1871,"https://www.wenku8.net/book/1871.htm","title+author","甘城辉煌乐园救世主 红枫召唤者","八奈川景晶","富士见文库","已完结/ 已动画化","2020-02-29","202K","欢乐向 青春 后宫","http://img.wenku8.com/image/1/1871/1871s.jpg","「甘城辉煌游乐园」是一群货真价实从魔法国度红枫乐园而来的妖精们工作的场所，职员们…"
"https://raw.githubusercontent.com/ixinzhi/lightnovel-2018to2020/master/苍之彼方的四重奏–Fly me to your sky !– - 渡辺僚一 - 20200227.epub",2698,"https://www.wenku8.net/book/2698.htm","title+author","苍之彼方的四重奏–Fly me to your sky !–","渡辺僚一","其他文库","已完结/ 已动画化","2020-02-27","98K","科幻 竞技 青春 恋爱 女性视角","http://img.wenku8.com/image/2/2698/2698s.jpg","本书是以美少女游戏「苍之彼方的四重奏」中的女主角鸢泽美咲的视点为基准，重新叙述鸢…"
"https://raw.githubusercontent.com/ixinzhi/lightnovel-2018to2020/master/我推是反派大小姐 - いのり。 - 20200226.epub",2635,"https://www.wenku8.net/book/2635.htm","title_only","我的推是坏人大小姐(我推是反派大小姐)","いのり。","少女文库","已完结/ 已动画化","2023-08-07","910K","穿越 校园 百合 欢乐向 大小姐 女性视角","http://img.wenku8.com/image/2/2635/2635s.jpg","「虽然我是女性向游戏的女主角，但我不能喜欢坏人大小姐吗？」
在黑心企业工作的社畜…"
"https://raw.githubusercontent.com/ixinzhi/lightnovel-2018to2020/master/又做了，相同的梦 - 住野夜 - 20200223.epub",2694,"https://www.wenku8.net/book/2694.htm","title+author","又做了，相同的梦","住野夜","其他文库","已完结","2020-02-23","88K","青春 女性视角","http://img.wenku8.com/image/2/2694/2694s.jpg","当你留意到最宝贵的事物时，
世界就会再一次开始转动！
没有朋友的小女孩、反覆割腕…"
"https://raw.githubusercontent.com/ixinzhi/lightnovel-2018to2020/master/宠溺任性可爱又病弱的她的方法 - 竹原汉字 - 20200223.epub",2465,"https://www.wenku8.net/book/2465.htm","title+author","宠溺任性可爱又病弱的她的方法","竹原汉字","角川文库","已完结","2020-02-23","176K","校园 悬疑 青春 恋爱","http://img.wenku8.com/image/2/2465/2465s.jpg","「接下来每天放学后，希望你都待在我身边」
病夜宫担当。
高中入学之后立刻被任命了…"
"https://raw.githubusercontent.com/ixinzhi/lightnovel-2018to2020/master/Owa Rande！梦魔召唤！ - 神秋昌史 - 20200218.epub",2691,"https://www.wenku8.net/book/2691.htm","title+author","Owa Rande！梦魔召唤！","神秋昌史","集英社","连载中","2020-02-18","149K","奇幻 欢乐向 恋爱","http://img.wenku8.com/image/2/2691/2691s.jpg","高中二年级的佐品直纯（自称奥兹），利用自学的魔术从异世界召唤梦魔。
他的动机相当…"
"https://raw.githubusercontent.com/ixinzhi/lightnovel-2018to2020/master/我的姐姐有中二病(姐姐是中二) - 藤孝刚志 - 20200218.epub",1510,"https://www.wenku8.net/book/1510.htm","title+author","我的姐姐有中二病(姐姐是中二)","藤孝刚志","HJ文库","已完结","2020-02-18","649K","校园 异能 战斗 欢乐向 后宫","http://img.wenku8.com/image/1/1510/1510s.jpg","高中生&#8231;坂木雄一在某天突然拥有了可以看到别人头上文字的力量，那就是可以看穿对…"
"https://raw.githubusercontent.com/ixinzhi/lightnovel-2018to2020/master/千变万化的交错连锁 - 刈野ミカタ - 20200218.epub",1909,"https://www.wenku8.net/book/1909.htm","title+author","千变万化的交错连锁","刈野ミカタ","MF文库J","已完结","2020-02-18","330K","科幻 战斗 后宫 青梅竹马","http://img.wenku8.com/image/1/1909/1909s.jpg","「拜托──和我一起阻止世界。」与神秘的银发美少女·祈刃悠里邂逅，千宫莲也再次回到…"
"https://raw.githubusercontent.com/ixinzhi/lightnovel-2018to2020/master/重启咲良田 - 河野裕 - 20200217.epub",1547,"https://www.wenku8.net/book/1547.htm","title+author","重启咲良田","河野裕","角川文库","","","","科幻 校园 异能 悬疑 青春 恋爱","http://img.wenku8.com/image/1/1547/1547s.jpg","咲良田，一座看似平凡普通、安详宁静的城镇，实际上城中半数居民都是拥有超能力并受到…"
"https://raw.githubusercontent.com/ixinzhi/lightnovel-2018to2020/master/书店的金狼 - 杉井光 - 20200217.epub",2458,"https://www.wenku8.net/book/2458.htm","title+author","书店的金狼","杉井光","角川文库","已完结","2020-02-17","86K","悬疑 犯罪","http://img.wenku8.com/image/2/2458/2458s.jpg","在新宿「鲸堂书店」担任店长的宫内直人，
曾是率领传说中的团队「SCARS」
名震黑社会…"
"https://raw.githubusercontent.com/ixinzhi/lightnovel-2018to2020/master/英国奇异谭 - 篠原美季 - 20200217.epub",599,"https://www.wenku8.net/book/599.htm","title+author","英国奇异谭","篠原美季","少女文库","连载中","2020-02-17","654K","校园 奇幻 冒险 惊悚 耽美","http://img.wenku8.com/image/0/599/599s.jpg","爱上湖之精灵的青年杰克的灵魂，为了寻求新的肉体而在深夜彷徨。
某个夏天的夜晚，男…"
"https://raw.githubusercontent.com/ixinzhi/lightnovel-2018to2020/master/你好哇，暗杀者 - 大泽めぐみ - 20200217.epub",2418,"https://www.wenku8.net/book/2418.htm","title+author","你好哇，暗杀者","大泽めぐみ","角川文库","已完结","2020-02-17","92K","奇幻 魔法 青春 恋爱 女性视角","http://img.wenku8.com/image/2/2418/2418s.jpg","中萱梓，昵称阿梓。
长相和成绩都不是很起眼，却因为「她好像在搞援交还是卖春什么的…"
"https://raw.githubusercontent.com/ixinzhi/lightnovel-2018to2020/master/冰川双子的生活 - やもば - 20200217.epub",2689,"https://www.wenku8.net/book/2689.htm","title_only","冰川双子的生活","やもば","其他文库","已完结","2020-02-17","27K","青春 恋爱 百合 女性视角","http://img.wenku8.com/image/2/2689/2689s.jpg","《BanG Dream!》登场角色，冰川双子——冰川日菜、冰川纱夜的同人小说。…"
"https://raw.githubusercontent.com/ixinzhi/lightnovel-2018to2020/master/伪恋 幕后花絮 - 田中创 - 20200217.epub",1759,"https://www.wenku8.net/book/1759.htm","title+author","伪恋 幕后花絮","田中创","集英社","连载中/ 已动画化","2020-02-17","137K","校园 青春 恋爱 青梅竹马","http://img.wenku8.com/image/1/1759/1759s.jpg","大受欢迎的恋爱漫画推出小说版第一集！！小野寺长出猫耳朵和猫尾巴！？万里花化身为杀…"
"https://raw.githubusercontent.com/ixinzhi/lightnovel-2018to2020/master/早安，愚者。晚安，我的世界 - 松村凉哉 - 20200217.epub",2393,"https://www.wenku8.net/book/2393.htm","title+author","早安，愚者。晚安，我的世界","松村凉哉","电击文库","已完结","2020-02-17","85K","悬疑 犯罪 青春 黑暗","http://img.wenku8.com/image/2/2393/2393s.jpg","某个社群网站上的留言引发了话题。
一名高中生「大村音彦」支配并恐吓勒索著好几名国…"
"https://raw.githubusercontent.com/ixinzhi/lightnovel-2018to2020/master/异世界超能魔术师 - 内田健 - 20200217.epub",1755,"https://www.wenku8.net/book/1755.htm","title+author","异世界超能魔术师","内田健","其他文库","连载中/ 已动画化","2020-02-17","592K","穿越 魔法 龙傲天 后宫 青梅竹马","http://img.wenku8.com/image/1/1755/1755s.jpg","身为普通高中生的太一与凛突然消逝在一道光芒里。当反应过来的时候，俩人已经身处在剑…"
"https://raw.githubusercontent.com/ixinzhi/lightnovel-2018to2020/master/记录的地平线 - 橙乃麻麻理 - 20200217.epub",1249,"https://www.wenku8.net/book/1249.htm","title+author","记录的地平线","橙乃麻麻理","Fami通文库","","","","穿越 奇幻 战斗 经营 斗智 后宫","http://img.wenku8.com/image/1/1249/1249s.jpg","这里是游戏的世界吗？抑或是——异世界!?
3万名日本玩家，受困于历史悠久的在线游戏—…"
"https://raw.githubusercontent.com/ixinzhi/lightnovel-2018to2020/master/明天，我要和昨天的你约会 - 七月隆文 - 20200217.epub",2445,"https://www.wenku8.net/book/2445.htm","title+author","明天，我要和昨天的你约会","七月隆文","其他文库","已完结","2020-02-17","65K","青春 恋爱","http://img.wenku8.com/image/2/2445/2445s.jpg","「未来的日子会越来越痛苦。」
……我知道你的未来。
「但我必须努力。」
……我看…"
"https://raw.githubusercontent.com/ixinzhi/lightnovel-2018to2020/master/残缺都市的机械月姬 - 永菜叶一 - 20200217.epub",2394,"https://www.wenku8.net/book/2394.htm","title+author","残缺都市的机械月姬","永菜叶一","角川文库","已完结","2020-02-17","76K","穿越 科幻 恋爱 后宫 人外","http://img.wenku8.com/image/2/2394/2394s.jpg","爱看动画与轻小说的少年樱井拓人在参加一个自称是去过未来的怪人科学家的实验时遇到了…"
"https://raw.githubusercontent.com/ixinzhi/lightnovel-2018to2020/master/盾之勇者成名录 - アネコユサギ - 20200217.epub",1707,"https://www.wenku8.net/book/1707.htm","title_only","盾之勇者成名录","アネコユサギ","MF文库J","","","","穿越 魔法 冒险 后宫 人外","http://img.wenku8.com/image/1/1707/1707s.jpg","作为盾之勇者被召唤至异世界的岩谷尚文。
谁知展开冒险才到第三天就被战友背叛，一口…"
"https://raw.githubusercontent.com/ixinzhi/lightnovel-2018to2020/master/田中的异世界称霸 - ぐり - 20200216.epub",2276,"https://www.wenku8.net/book/2276.htm","title_only","田中的异世界称霸","ぐり","HJ文库","连载中","2020-02-16","84K","穿越 魔法 冒险 欢乐向 龙傲天","http://img.wenku8.com/image/2/2276/2276s.jpg","有一天，异世界的布林王国魔术师们，召唤名叫剑崎神威的少年担任勇者。当时不起眼的大…"
"https://raw.githubusercontent.com/ixinzhi/lightnovel-2018to2020/master/现在、我讨厌你了 - 冰高悠 - 20200216.epub",2673,"https://www.wenku8.net/book/2673.htm","title+author","现在、我讨厌你了","冰高悠","讲谈社","已完结","2020-02-16","60K","校园 青春 恋爱","http://img.wenku8.com/image/2/2673/2673s.jpg","情绪激动时，最糟情况下会致死的勃—‘感情性自我免疫疾帛
自从听到这个诊断结果后，…"
"https://raw.githubusercontent.com/ixinzhi/lightnovel-2018to2020/master/皇帝圣印战记 - 水野良 - 20200216.epub",1850,"https://www.wenku8.net/book/1850.htm","title+author","皇帝圣印战记","水野良","富士见文库","","","","奇幻 魔法 战争 恋爱","http://img.wenku8.com/image/1/1850/1850s.jpg","浑沌支配了大陆──人民畏惧著各种灾害。
君王们手持著平息浑沌的〈圣拥守护百姓。
…"
"https://raw.githubusercontent.com/ixinzhi/lightnovel-2018to2020/master/相隔101米的爱恋 - こまつ れい - 20200216.epub",2661,"https://www.wenku8.net/book/2661.htm","title_only","相隔101米的爱恋","こまつ れい","讲谈社","已完结","2020-02-16","79K","性转 恋爱 百合 人外","http://img.wenku8.com/image/2/2661/2661s.jpg","男高中生浅田悠月一天醒来时变成了人偶的女孩子！
人偶的名字叫7号。
好像是一流的魔…"
"https://raw.githubusercontent.com/ixinzhi/lightnovel-2018to2020/master/灵感少女在盒中 - 甲田学人 - 20200216.epub",2286,"https://www.wenku8.net/book/2286.htm","title+author","灵感少女在盒中","甲田学人","电击文库","连载中","2020-02-16","262K","奇幻 悬疑 惊悚","http://img.wenku8.com/image/2/2286/2286s.jpg","鬼才·甲田学人呈现的新学院灵异奇幻剧，开幕！
「魔咒要是让别人看到，五个人之中便…"
"https://raw.githubusercontent.com/ixinzhi/lightnovel-2018to2020/master/Re：Stage！ - team yoree. - 20200216.epub",2306,"https://www.wenku8.net/book/2306.htm","title+author","Re:Stage！","team yoree.","角川文库","已完结/ 已动画化","2020-02-16","137K","校园 青春 百合 女性视角","http://img.wenku8.com/image/2/2306/2306s.jpg","私立稀星学园高尾分校初中部，那是与有着表演系的本校不同的非常普通的学校。某一天，…"
"https://raw.githubusercontent.com/ixinzhi/lightnovel-2018to2020/master/舰队Collection 瑞之海，凤之空 - 村崎幸也 - 20200216.epub",2502,"https://www.wenku8.net/book/2502.htm","title+author","舰队Collection 瑞之海，凤之空","村崎幸也","角川文库","已完结","2020-02-16","190K","战斗 恋爱","http://img.wenku8.com/image/2/2502/2502s.jpg","由于搭乘的船只突然遭到「深海栖舰」袭击，青年已有一死的觉悟。然而，突然出现的九九…"
"https://raw.githubusercontent.com/ixinzhi/lightnovel-2018to2020/master/今天城区依旧满是魔法案件 - 井上悠宇 - 20200216.epub",2271,"https://www.wenku8.net/book/2271.htm","title+author","今天城区依旧满是魔法案件","井上悠宇","角川文库","连载中","2020-02-16","85K","奇幻 悬疑 魔法 后宫","http://img.wenku8.com/image/2/2271/2271s.jpg","这是一个魔法深根于人们生活中的世界——那里所发生的案件真的是千奇百怪。隶属于保卫…"
"https://raw.githubusercontent.com/ixinzhi/lightnovel-2018to2020/master/前略。初恋的女孩，死而复生了。 - 天泽夏月 - 20200216.epub",2681,"https://www.wenku8.net/book/2681.htm","title+author","前略。初恋的女孩，死而复生了。","天泽夏月","电击文库","已完结","2020-02-16","79K","穿越 青春 恋爱","http://img.wenku8.com/image/2/2681/2681s.jpg","“好久不见。”
照理说在高中时期就因车祸身亡的同班同学，不知何故正站在我眼前笑着…"
"https://raw.githubusercontent.com/ixinzhi/lightnovel-2018to2020/master/剑风传奇之火龙骑士 - 深见真 - 20200216.epub",2296,"https://www.wenku8.net/book/2296.htm","title+author","剑风传奇之火龙骑士","深见真","其他文库","连载中","2020-02-16","58K","奇幻 冒险 战斗","http://img.wenku8.com/image/2/2296/2296s.jpg","《剑风传奇》的第一本外传小说！深见真主笔，描写了北方岛国的守护者——古伦贝鲁多。…"
"https://raw.githubusercontent.com/ixinzhi/lightnovel-2018to2020/master/Lady!？ Steady，GO!! - 井上坚二 - 20200216.epub",2319,"https://www.wenku8.net/book/2319.htm","title+author","Lady!? Steady，GO!!","井上坚二","Fami通文库","已完结","2020-02-16","95K","青春 欢乐向 青梅竹马","http://img.wenku8.com/image/2/2319/2319s.jpg","「来狩猎情侣吧９
我的名字叫做静目圭，有个年长自己一岁的儿时玩伴。
被我称为前辈…"
"https://raw.githubusercontent.com/ixinzhi/lightnovel-2018to2020/master/女孩不会对完美恋爱怦然心动的三个理由 - 土桥真二郎 - 20200216.epub",2356,"https://www.wenku8.net/book/2356.htm","title+author","女孩不会对完美恋爱怦然心动的三个理由","土桥真二郎","电击文库","连载中","2020-02-16","96K","校园 欢乐向 恋爱","http://img.wenku8.com/image/2/2356/2356s.jpg","女孩不会对完美恋爱怦然心动的三个理由
企图利用男女之间的恋爱感情在校内获得莫大权…"
"https://raw.githubusercontent.com/ixinzhi/lightnovel-2018to2020/master/Fate Labyrinth - 樱井光 - 20200216.epub",2587,"https://www.wenku8.net/book/2587.htm","title+author","Fate Labyrinth","樱井光","角川文库","已完结","2020-02-16","68K","奇幻 魔法 战斗 冒险","http://img.wenku8.com/image/2/2587/2587s.jpg","艾尔卡特拉斯第七迷宫──
那是恶名昭彰，传说存在于世界某处，会吞噬所有入侵者的魔…"
"https://raw.githubusercontent.com/ixinzhi/lightnovel-2018to2020/master/驱魔学园的叛教者 - 三河ごーすと - 20200216.epub",2686,"https://www.wenku8.net/book/2686.htm","title+author","驱魔学园的叛教者","三河ごーすと","电击文库","连载中","2020-02-16","117K","校园 奇幻 战斗 恋爱 后宫","http://img.wenku8.com/image/2/2686/2686s.jpg","驱魔师——那是一群使信仰的神佛精灵具现化，与恶魔契约者进行战斗的被选中之人，世间…"
"https://raw.githubusercontent.com/ixinzhi/lightnovel-2018to2020/master/成为魔导书作家吧！ - 岬鹭宫 - 20200216.epub",2170,"https://www.wenku8.net/book/2170.htm","title+author","成为魔导书作家吧！","岬鹭宫","电击文库","已完结","2020-02-16","226K","奇幻 魔法 冒险 欢乐向 后宫","http://img.wenku8.com/image/2/2170/2170s.jpg","我得到雷神魔导书大奖的冠军！这么一来，我也名正言顺成为一名魔导书作家！
――本应…"
"https://raw.githubusercontent.com/ixinzhi/lightnovel-2018to2020/master/我家的食客掌握全世界！ - 七条刚 - 20200216.epub",1604,"https://www.wenku8.net/book/1604.htm","title+author","我家的食客掌握全世界！","七条刚","GA文库","连载中","2020-02-16","982K","校园 青春 恋爱 欢乐向 后宫","http://img.wenku8.com/image/1/1604/1604s.jpg","「这个家，感觉很温暖呢。」
「……？现在是夏天，所以应该很热吧。」
位于日本的某…"
"https://raw.githubusercontent.com/ixinzhi/lightnovel-2018to2020/master/我是忍者，也是OL - 橘もも - 20200216.epub",2273,"https://www.wenku8.net/book/2273.htm","title+author","我是忍者，也是OL","橘もも","MF文库J","已完结","2020-02-16","151K","欢乐向 青梅竹马 女性视角","http://img.wenku8.com/image/2/2273/2273s.jpg","忍者OL阳菜子要拯救公司!?
「人家可以商量的对象就只有望月你了嘛。」明明身为上司却…"
"https://raw.githubusercontent.com/ixinzhi/lightnovel-2018to2020/master/魔王悬疑推理剧场 美女勇者遇害的真相 - 丹羽春信 - 20200216.epub",2288,"https://www.wenku8.net/book/2288.htm","title+author","魔王悬疑推理剧场 美女勇者遇害的真相","丹羽春信","角川文库","已完结","2020-02-16","105K","奇幻 悬疑 欢乐向","http://img.wenku8.com/image/2/2288/2288s.jpg","5名勇者终于抵达了魔王厅，在「受死吧！魔王９的呐喊声下，揭开了最终对决的幕廉——正…"
"https://raw.githubusercontent.com/ixinzhi/lightnovel-2018to2020/master/逃杀竞技场 - 土桥真二郎 - 20200216.epub",2107,"https://www.wenku8.net/book/2107.htm","title+author","逃杀竞技场","土桥真二郎","电击文库","已完结","2020-02-16","273K","悬疑 游戏 斗智 大逃杀 黑暗","http://img.wenku8.com/image/2/2107/2107s.jpg","「请各位在门另一边的竞技场互相残杀。」
少女一醒来，眼前是前所未见的空间。有人给…"
"https://raw.githubusercontent.com/ixinzhi/lightnovel-2018to2020/master/车站里的神明大人 - 峰月皓 - 20200216.epub",2318,"https://www.wenku8.net/book/2318.htm","title+author","车站里的神明大人","峰月皓","电击文库","已完结","2020-02-16","104K","奇幻 治愈","http://img.wenku8.com/image/2/2318/2318s.jpg","你知道吗？
东京某个一天会有数十万乘客利用的电车总站，「里头有神明存在」。那位神…"
"https://raw.githubusercontent.com/ixinzhi/lightnovel-2018to2020/master/BEATLESS─没有心跳的少女─ - 长谷敏司 - 20200216.epub",2246,"https://www.wenku8.net/book/2246.htm","title+author","BEATLESS─没有心跳的少女─","长谷敏司","角川文库","已完结/ 已动画化","2020-02-16","427K","科幻 战斗 冒险 恋爱 人外","http://img.wenku8.com/image/2/2246/2246s.jpg","距今一百年后的未来，是个几乎将社会的所有活动，都交给一种名叫hIE的人型机器人处理的…"
"https://raw.githubusercontent.com/ixinzhi/lightnovel-2018to2020/master/宝贝，早安 - 河野裕 - 20200216.epub",2671,"https://www.wenku8.net/book/2671.htm","title+author","宝贝，早安","河野裕","角川文库","已完结","2020-02-16","88K","奇幻 恋爱 治愈 人外","http://img.wenku8.com/image/2/2671/2671s.jpg","「我是死神。你原先预定在刚才死去。但是很抱歉，我擅自将你的寿命延长三天左右。」
…"
"https://raw.githubusercontent.com/ixinzhi/lightnovel-2018to2020/master/弑神英雄与七大誓约 - ウメ种 - 20200209.epub",2226,"https://www.wenku8.net/book/2226.htm","title+author","弑神英雄与七大誓约","ウメ种","其他文库","连载中","2020-02-09","477K","穿越 奇幻 战斗 后宫","http://img.wenku8.com/image/2/2226/2226s.jpg","「——大家都误会我了。」
山田莲司是从异世界被召唤来的十三位救世主之一。他和另外…"
"https://raw.githubusercontent.com/ixinzhi/lightnovel-2018to2020/master/Everlasting - 古宫九时 - 20200209.epub",2680,"https://www.wenku8.net/book/2680.htm","title+author","Everlasting","古宫九时","其他文库","已完结","2020-02-09","52K","奇幻 异能 战斗 百合 女性视角","http://img.wenku8.com/image/2/2680/2680s.jpg","“你无法获得幸福的世界，究竟有没有延续下去的意义呢。”
在自古以来就被异形秘密侵…"
"https://raw.githubusercontent.com/ixinzhi/lightnovel-2018to2020/master/DOG LIVE - 藤原健市 - 20200208.epub",1665,"https://www.wenku8.net/book/1665.htm","title+author","DOG LIVE","藤原健市","集英社","已完结","2020-02-08","258K","异能 战斗 犯罪 后宫 妹妹","http://img.wenku8.com/image/1/1665/1665s.jpg","〈J能力〉——体验过绝望的少年少女们所觉醒的特殊能力。绝望所带来的力量，将得到能力…"
"https://raw.githubusercontent.com/ixinzhi/lightnovel-2018to2020/master/Thunderbolt Fantasy 东离剑游纪 外传 - 合作 - 20200208.epub",2684,"https://www.wenku8.net/book/2684.htm","title+author","Thunderbolt Fantasy 东离剑游纪 外传","合作","其他文库","已完结","2020-02-08","104K","奇幻 战斗","http://img.wenku8.com/image/2/2684/2684s.jpg","「Thunderbolt Fantasy 东离剑游纪」外传小说，即将揭幕──
杀无生、刑亥与凛雪鸦
…"
"https://raw.githubusercontent.com/ixinzhi/lightnovel-2018to2020/master/我的老婆是兔耳少女！？ - 间宫夏生 - 20200208.epub",2683,"https://www.wenku8.net/book/2683.htm","title+author","我的老婆是兔耳少女！？","间宫夏生","电击文库","已完结","2020-02-08","109K","欢乐向 恋爱 人外","http://img.wenku8.com/image/2/2683/2683s.jpg","YOU来月球做什么？──我被幽浮撞到，然后就到月球了。
看样子，（在撞人之后）把我绑…"
"https://raw.githubusercontent.com/ixinzhi/lightnovel-2018to2020/master/异世界建国记 - 樱木樱 - 20200207.epub",2472,"https://www.wenku8.net/book/2472.htm","title+author","异世界建国记","樱木樱","Fami通文库","连载中","2020-02-07","428K","穿越 经营 战争 恋爱","http://img.wenku8.com/image/2/2472/2472s.jpg","转生到异世界的少年亚尔姆斯。当他在森林里彷徨时，神兽葛里芬出现在面前，强硬地将他…"
"https://raw.githubusercontent.com/ixinzhi/lightnovel-2018to2020/master/在监狱学校当看门守卫 - 古宫九时 - 20200203.epub",2074,"https://www.wenku8.net/book/2074.htm","title+author","在监狱学校当看门守卫","古宫九时","电击文库","连载中","2020-02-03","135K","奇幻 欢乐向 后宫 人外","http://img.wenku8.com/image/2/2074/2074s.jpg","监狱学校——
这所「囚凶集恶」的学校收容了一群国家认定的超危险人物，规定除非他们…"
"https://raw.githubusercontent.com/ixinzhi/lightnovel-2018to2020/master/漫画之神 - 苏之一行 - 20200202.epub",2675,"https://www.wenku8.net/book/2675.htm","title+author","漫画之神","苏之一行","电击文库","连载中","2020-02-02","119K","校园 欢乐向 青春 恋爱","http://img.wenku8.com/image/2/2675/2675s.jpg","漫画×恋爱×青春！！
由漫画之神引发的充满意外的青春恋爱喜剧☆
自从那一天在学校…"
"https://raw.githubusercontent.com/ixinzhi/lightnovel-2018to2020/master/直到杀了我最心爱的小说家为止 - 斜线堂有纪 - 20200131.epub",2679,"https://www.wenku8.net/book/2679.htm","title+author","直到杀了我最心爱的小说家为止","斜线堂有纪","电击文库","已完结","2020-01-31","96K","恋爱 黑暗","http://img.wenku8.com/image/2/2679/2679s.jpg","一封与众不同的遗书，揭露突然失踪的人气小说家遥川悠真的背后，有一名从不曾对他人透…"
"https://raw.githubusercontent.com/ixinzhi/lightnovel-2018to2020/master/从末日开始的世界延命法 - 秋月煌介 - 20200126.epub",2328,"https://www.wenku8.net/book/2328.htm","title+author","从末日开始的世界延命法","秋月煌介","MF文库J","已完结","2020-01-26","294K","奇幻 欢乐向 人外 NTR","http://img.wenku8.com/image/2/2328/2328s.jpg","世界随机出现名为〈默示录之兽〉的怪物，导致人类陷入灭绝危机。人类在对抗怪物的这两…"
"https://raw.githubusercontent.com/ixinzhi/lightnovel-2018to2020/master/少年给魔师与恋爱少女 - 御子神零 - 20200120.epub",2674,"https://www.wenku8.net/book/2674.htm","title+author","少年给魔师与恋爱少女","御子神零","GA文库","连载中","2020-01-20","219K","奇幻 异能 战斗 后宫 青梅竹马","http://img.wenku8.com/image/2/2674/2674s.jpg","“你的给魔真是下流１ 身为四神兽家的白虎一族，能够驱使风之精灵的白峰由衣，以及──…"
"https://raw.githubusercontent.com/ixinzhi/lightnovel-2018to2020/master/同润会代官山公寓 - 三上延 - 20200101.epub",2667,"https://www.wenku8.net/book/2667.htm","title+author","同润会代官山公寓","三上延","其他文库","已完结","2020-01-01","101K","恋爱 女性视角","http://img.wenku8.com/image/2/2667/2667s.jpg","昭和二年。在关东大地震中失去最爱的妹妹的八重，与妹妹的婚约者竹井结婚了，但是对于…"
"https://raw.githubusercontent.com/ixinzhi/lightnovel-2018to2020/master/盗贼神技～在异世界盗取技能～ - 飞鸟けい - 20191227.epub",1687,"https://www.wenku8.net/book/1687.htm","title+author","盗贼神技～在异世界盗取技能～","飞鸟けい","MF文库J","已完结","2019-12-27","668K","穿越 魔法 冒险 后宫 人外","http://img.wenku8.com/image/1/1687/1687s.jpg","「太扯了吧！居然来了个隐藏技能９
在现实世界因车祸死亡的主角吾妻诚二，死后决定转…"
"https://raw.githubusercontent.com/ixinzhi/lightnovel-2018to2020/master/昏暗宫殿的死者之王 - 槻影 - 20191227.epub",2665,"https://www.wenku8.net/book/2665.htm","title+author","幽冥宫殿的死者之王(昏暗宫殿的死者之王)","槻影","角川文库","连载中","2020-12-02","147K","奇幻 战斗 恋爱","http://img.wenku8.com/image/2/2665/2665s.jpg","受病痛折磨而丧命的少年再次苏醒时——
发现自己因为邪恶死灵魔术师【Necromancer】的…"
"https://raw.githubusercontent.com/ixinzhi/lightnovel-2018to2020/master/你喜欢有点色色又变态的公主殿下吗？ - お鱼1号 - 20191225.epub",2663,"https://www.wenku8.net/book/2663.htm","title+author","你喜欢有点色色又变态的公主殿下吗？","お鱼1号","其他文库","连载中","2019-12-25","88K","穿越 欢乐向 后宫 伪娘 人外","http://img.wenku8.com/image/2/2663/2663s.jpg","带著压倒性的作弊级能力转生到异世界，不过性癖稍微有些特殊的新魔王，为了打造出充满…"
"https://raw.githubusercontent.com/ixinzhi/lightnovel-2018to2020/master/尼特威能称霸世界 - 百濑佑一郎 - 20191223.epub",2591,"https://www.wenku8.net/book/2591.htm","title+author","尼特威能称霸世界","百濑佑一郎","富士见文库","连载中","2019-12-23","201K","战斗 龙傲天 后宫","http://img.wenku8.com/image/2/2591/2591s.jpg","这是个透过一再转职就能越来越强的世界──鲁德瓦勒度。
然而，少年霍登却成为第一个…"
"https://raw.githubusercontent.com/ixinzhi/lightnovel-2018to2020/master/高崎涂鸦 - 古宫九时 - 20191223.epub",2662,"https://www.wenku8.net/book/2662.htm","title+author","高崎涂鸦","古宫九时","电击文库","已完结","2019-12-23","83K","青春 女性视角","http://img.wenku8.com/image/2/2662/2662s.jpg","从东京搭乘新干线约莫一个小时，就会抵达名为高崎的小镇。
虽然离东京不远，但已让美…"
"https://raw.githubusercontent.com/ixinzhi/lightnovel-2018to2020/master/周末就要到来！啦啦啦终末论 - 入间人间 - 20191222.epub",2540,"https://www.wenku8.net/book/2540.htm","title+author","周末就要到来！啦啦啦终末论","入间人间","电击文库","连载中","2019-12-22","158K","科幻 青春 恋爱 音乐 女性视角","http://img.wenku8.com/image/2/2540/2540s.jpg","★入间人间 × sasakure.UK，两大鬼才奇迹跨界合作！
★将VOCALOID歌曲「啦啦啦终末论…"
"https://raw.githubusercontent.com/ixinzhi/lightnovel-2018to2020/master/齿轮驱动 - かばやきだれ - 20191220.epub",2659,"https://www.wenku8.net/book/2659.htm","title_only","齿轮驱动","かばやきだれ","其他文库","已完结","2019-12-20","78K","异能 冒险 龙傲天 百合 女性视角","http://img.wenku8.com/image/2/2659/2659s.jpg","安提．基瑟拉！今天是我十五岁生日!!虽然只是个不懂魔法，食堂的招牌女郎！
透过有「…"
"https://raw.githubusercontent.com/ixinzhi/lightnovel-2018to2020/master/镜之国的艾莉丝-SCP Foundation- - 日日日 - 20191219.epub",2657,"https://www.wenku8.net/book/2657.htm","title+author","镜之国的艾莉丝-SCP Foundation-","日日日","其他文库","已完结","2019-12-19","121K","悬疑 科幻 穿越","http://img.wenku8.com/image/2/2657/2657s.jpg","主角遭遇了「只要翻开书，必然会发现其中夹著某个女孩的照片」的怪异现象。某天，他在…"
"https://raw.githubusercontent.com/ixinzhi/lightnovel-2018to2020/master/无法计算的青春 - 佐野彻夜 - 20191219.epub",2655,"https://www.wenku8.net/book/2655.htm","title+author","无法计算的青春","佐野彻夜","电击文库","已完结","2019-12-19","79K","青春 恋爱 黑暗","http://img.wenku8.com/image/2/2655/2655s.jpg","忧郁世界的角落，我们站在希望与绝望的分歧点，享受当下绝无仅有的青春时光。
每个人…"
"https://raw.githubusercontent.com/ixinzhi/lightnovel-2018to2020/master/看得见谎言的我，爱上了不说谎的你 - 樱井美奈 - 20191219.epub",2656,"https://www.wenku8.net/book/2656.htm","title+author","看得见谎言的我，爱上了不说谎的你","樱井美奈","其他文库","已完结","2019-12-19","74K","青春 恋爱","http://img.wenku8.com/image/2/2656/2656s.jpg","藤仓圣永远不会忘记，第一次看见「谎言」的模样。当喜欢的人对自己说谎时，身体就会发…"
"https://raw.githubusercontent.com/ixinzhi/lightnovel-2018to2020/master/无可挑剔的恋爱喜剧(让人无法抱怨的爱情喜剧) - 铃木大辅 - 20191212.epub",1927,"https://www.wenku8.net/book/1927.htm","title+author","无可挑剔的恋爱喜剧(让人无法抱怨的爱情喜剧","铃木大辅","集英社","已完结","2019-12-12","436K","校园 青春 恋爱 妹妹","http://img.wenku8.com/image/1/1927/1927s.jpg","不论世界毁灭多少次，我都要拯救你。
「活过千年时光的神明」神鸣泽世界，是一名银发…"
"https://raw.githubusercontent.com/ixinzhi/lightnovel-2018to2020/master/终将成为神话的放学后战争 - なめこ印 - 20191209.epub",2201,"https://www.wenku8.net/book/2201.htm","title+author","终将成为神话的放学后战争","なめこ印","富士见文库","已完结","2019-12-09","906K","战斗 复仇 欢乐向 后宫 妹妹","http://img.wenku8.com/image/2/2201/2201s.jpg","昔日显现在地上的七大神话战争，划破地面、撕裂了天空。 
战争终结后经过十年，灾难理…"
"https://raw.githubusercontent.com/ixinzhi/lightnovel-2018to2020/master/女神大人降临！你以为这样就会变成非日常吗？ - 白河勇人 - 20191205.epub",2650,"https://www.wenku8.net/book/2650.htm","title+author","女神大人降临！你以为这样就会变成非日常吗","白河勇人","其他文库","连载中","2019-12-05","84K","校园 欢乐向 青春 恋爱","http://img.wenku8.com/image/2/2650/2650s.jpg","日复一日过著无趣的生活，认为「学校就是这种东西。」的高二生．灯月灯也。有一天，女…"
"https://raw.githubusercontent.com/ixinzhi/lightnovel-2018to2020/master/报告！哥哥和我要结婚了！ - 塀流通留 - 20191130.epub",2533,"https://www.wenku8.net/book/2533.htm","title+author","报告！哥哥和我要结婚了！","塀流通留","MF文库J","已完结","2019-11-30","222K","欢乐向 青春 恋爱 后宫 妹妹","http://img.wenku8.com/image/2/2533/2533s.jpg","亲妹妹喜欢哥哥，继妹也喜欢哥哥，乾妹妹（像妹妹一样的存在（年长））也喜欢哥哥。当…"
"https://raw.githubusercontent.com/ixinzhi/lightnovel-2018to2020/master/废柴勇者下克上 - 藤川恵蔵 - 20191129.epub",2494,"https://www.wenku8.net/book/2494.htm","title+author","废柴勇者下克上","藤川恵蔵","MF文库J","已完结","2019-11-29","164K","奇幻 欢乐向 旅行 冒险 战斗","http://img.wenku8.com/image/2/2494/2494s.jpg","即将从王立士官学校毕业的库洛。
某天，他突然听见只有被选上的勇者才能使用的神剑—…"
"https://raw.githubusercontent.com/ixinzhi/lightnovel-2018to2020/master/我与死神的七日间 - 苏之一行 - 20191127.epub",2647,"https://www.wenku8.net/book/2647.htm","title+author","我与死神的七日间","苏之一行","电击文库","已完结","2019-11-27","90K","青春 恋爱 人外","http://img.wenku8.com/image/2/2647/2647s.jpg","“我是死神。是来传达你还有七天就会死去这件事的——”
从补习学校回家路上的十字路…"
"https://raw.githubusercontent.com/ixinzhi/lightnovel-2018to2020/master/Hello，Hello and Hello - 叶月文 - 20191116.epub",2554,"https://www.wenku8.net/book/2554.htm","title+author","Hello，Hello and Hello","叶月文","电击文库","已完结","2019-11-16","183K","青春 恋爱","http://img.wenku8.com/image/2/2554/2554s.jpg","「吶，小由。我──」
一道初次耳闻的声音，让我停下脚步。
在从学校回家的路上、国…"
"https://raw.githubusercontent.com/ixinzhi/lightnovel-2018to2020/master/救世主的命题 - 野村美月 - 20191116.epub",2479,"https://www.wenku8.net/book/2479.htm","title+author","救世主的命题","野村美月","MF文库J","已完结","2019-11-16","194K","校园 欢乐向 青春 恋爱 后宫","http://img.wenku8.com/image/2/2479/2479s.jpg","第一主题是“憧憬”！
永野步是因为与自己完全相反的、万能的弟弟而度过了不合理人生…"
"https://raw.githubusercontent.com/ixinzhi/lightnovel-2018to2020/master/机动防卫者Dowl Masters - 佐岛勤 - 20191116.epub",1894,"https://www.wenku8.net/book/1894.htm","title+author","机动防卫者Dowl Masters","佐岛勤","电击文库","连载中","2019-11-16","486K","科幻 机战 战争","http://img.wenku8.com/image/1/1894/1894s.jpg","──「Dowl」。意即扩张驾驶员的「意念」，使之转换为物理层面战斗能力的人型机动兵器…"
"https://raw.githubusercontent.com/ixinzhi/lightnovel-2018to2020/master/有时间恋爱不如去抽卡！ - 杉井光 - 20191114.epub",2512,"https://www.wenku8.net/book/2512.htm","title+author","有时间恋爱不如去抽卡！","杉井光","电击文库","连载中","2019-11-14","179K","校园 欢乐向 青春 恋爱 大小姐","http://img.wenku8.com/image/2/2512/2512s.jpg","几乎没有梦想也没有将来和女友的留级大学生的我，把打工的钱全都投入到智能手机游戏里…"
"https://raw.githubusercontent.com/ixinzhi/lightnovel-2018to2020/master/曾几何时的天空、你与我的魔法 - 藤宫カズキ - 20191112.epub",2386,"https://www.wenku8.net/book/2386.htm","title+author","曾几何时的天空、你与我的魔法","藤宫カズキ","角川文库","连载中","2019-11-12","165K","奇幻 青春 恋爱","http://img.wenku8.com/image/2/2386/2386s.jpg","「那层云，隐藏了所有的真相。」

时时刻刻笼罩天空的云层使世界从未见过天空的蔚蓝…"
"https://raw.githubusercontent.com/ixinzhi/lightnovel-2018to2020/master/我的快转恋爱喜剧 - 樫本燕 - 20191030.epub",2497,"https://www.wenku8.net/book/2497.htm","title+author","我的快转恋爱喜剧","樫本燕","MF文库J","已完结","2019-10-30","164K","异能 欢乐向 青春 恋爱 后宫","http://img.wenku8.com/image/2/2497/2497s.jpg","各位有没有遇过想尽快逃离现实的烦心事呢？肯定有吧。
这种时候就会忍不住心想，「要…"
"https://raw.githubusercontent.com/ixinzhi/lightnovel-2018to2020/master/P.S.致对谎言微笑的你 - 田边屋敷 - 20191028.epub",2575,"https://www.wenku8.net/book/2575.htm","title+author","P.S.致对谎言微笑的你","田边屋敷","富士见文库","已完结","2019-10-28","245K","校园 青春 恋爱","http://img.wenku8.com/image/2/2575/2575s.jpg","第二学期第一天，过着空洞的每一天的我──筱山正树陷入混乱。
一名只有我不认识的少…"
"https://raw.githubusercontent.com/ixinzhi/lightnovel-2018to2020/master/阿斯嘉特武皇战记 - 镜游 - 20191024.epub",2637,"https://www.wenku8.net/book/2637.htm","title+author","阿斯嘉特武皇战记","镜游","富士见文库","连载中","2019-10-24","102K","奇幻 战争 后宫 人外 青梅竹马","http://img.wenku8.com/image/2/2637/2637s.jpg","武皇大陆（阿斯嘉特）上有五大种族在争夺霸权。身为各国至高存在的骑士公主，拥有历代…"
"https://raw.githubusercontent.com/ixinzhi/lightnovel-2018to2020/master/我预见明日逝去的你 - 古宫九时 - 20191023.epub",2636,"https://www.wenku8.net/book/2636.htm","title+author","我预见明日逝去的你","古宫九时","电击文库","已完结","2019-10-23","92K","奇幻 悬疑 青春 恋爱","http://img.wenku8.com/image/2/2636/2636s.jpg","平凡的我和他人唯一的不同之处，就是我能够看见预告他人死亡的幻影。我对于幻影──「…"
"https://raw.githubusercontent.com/ixinzhi/lightnovel-2018to2020/master/精灵使的剑舞 - 志瑞佑 - 20191020.epub",1011,"https://www.wenku8.net/book/1011.htm","title+author","精灵使的剑舞","志瑞佑","MF文库J","已完结/ 已动画化","2019-10-20","2052K","校园 奇幻 战斗 后宫 大小姐","http://img.wenku8.com/image/1/1011/1011s.jpg","仅限冰清玉洁少女的特权——精灵契约。阿蕾西娅精灵学院、贵族大小姐们汇聚于此，进行…"
"https://raw.githubusercontent.com/ixinzhi/lightnovel-2018to2020/master/全肯定奴隶少女：1次10分钟1000元 - 佐藤真登 - 20191020.epub",2634,"https://www.wenku8.net/book/2634.htm","title+author","全肯定奴隶少女:1次10分钟1000元","佐藤真登","MF文库J","连载中","2019-10-20","91K","奇幻 冒险 治愈","http://img.wenku8.com/image/2/2634/2634s.jpg","在公园看到的身穿褴褛的贯头衣的银发美少女。
她以笑容与爽朗的声音对人说著亲密的话…"
"https://raw.githubusercontent.com/ixinzhi/lightnovel-2018to2020/master/超人高中生们即便在异世界里也能从容生存 - 海空陆 - 20191010.epub",2143,"https://www.wenku8.net/book/2143.htm","title+author","超人高中生们即便在异世界里也能从容生存","海空陆","GA文库","连载中/ 已动画化","2019-10-10","441K","穿越 战斗 冒险 经营 群像","http://img.wenku8.com/image/2/2143/2143s.jpg","「我们就悠哉地上吧，不然可能会不小心摧毁异世界昵。」
七名高中生卷入了飞机事故，…"
"https://raw.githubusercontent.com/ixinzhi/lightnovel-2018to2020/master/我的勇者 - 葵关南 - 20191006.epub",1644,"https://www.wenku8.net/book/1644.htm","title+author","我的勇者","葵关南","富士见文库","已完结","2019-10-06","817K","穿越 奇幻 魔法 后宫","http://img.wenku8.com/image/1/1644/1644s.jpg","在得知哥哥病危而急忙赶往医院的途中，小学生三上彻被卡车给撞了出去。醒来后他却身在…"
"https://raw.githubusercontent.com/ixinzhi/lightnovel-2018to2020/master/数位伊甸 Digital Eden Attracts Humanity - 棹末高彰 - 20191004.epub",2631,"https://www.wenku8.net/book/2631.htm","title+author","数位伊甸 Digital Eden Attracts Humanity","棹末高彰","MF文库J","连载中","2019-10-04","87K","奇幻 悬疑 冒险 人外 妹妹","http://img.wenku8.com/image/2/2631/2631s.jpg","近代未来，有著一种会将人体化为神话或传说中存在的数位病毒「神谕」。后来「神谕」扩…"
"https://raw.githubusercontent.com/ixinzhi/lightnovel-2018to2020/master/BLAZBLUE 苍翼默示录外传 - 驹尾真子 - 20191003.epub",2629,"https://www.wenku8.net/book/2629.htm","title+author","BLAZBLUE 苍翼默示录外传","驹尾真子","富士见文库","已完结/ 已动画化","2019-10-03","258K","战斗 冒险 青春 恋爱 人外","http://img.wenku8.com/image/2/2629/2629s.jpg","享受着安稳日常生活的高中生——黑铁直人。当他遇见吸血鬼少女——拉凯尔=阿尔卡特的时…"
"https://raw.githubusercontent.com/ixinzhi/lightnovel-2018to2020/master/等你回家的神明(神明系列) - 铃森丹子 - 20191002.epub",2628,"https://www.wenku8.net/book/2628.htm","title+author","等你回家的神明(神明系列)","铃森丹子","电击文库","连载中","2019-10-02","89K","奇幻 治愈 女性视角","http://img.wenku8.com/image/2/2628/2628s.jpg","就只是「待在你的身边」。与神明之间的温暖幸福物语。
神谷千寻趁著来到都市就职而开…"
"https://raw.githubusercontent.com/ixinzhi/lightnovel-2018to2020/master/周末冒险者 - るうせん - 20191002.epub",2579,"https://www.wenku8.net/book/2579.htm","title_only","周末冒险者","るうせん","富士见文库","连载中","2019-10-02","266K","穿越 奇幻 魔法 冒险","http://img.wenku8.com/image/2/2579/2579s.jpg","我行我素的魔法师周末悠闲冒险者人生，揭幕！
佐藤聪在不用加班、无须假日出勤是唯一…"
"https://raw.githubusercontent.com/ixinzhi/lightnovel-2018to2020/master/书店柴柴的异色推理 - 牧野修 - 20191002.epub",2627,"https://www.wenku8.net/book/2627.htm","title+author","书店柴柴的异色推理","牧野修","电击文库","已完结","2019-10-02","99K","悬疑","http://img.wenku8.com/image/2/2627/2627s.jpg","「我跟你的内在交换了。说是灵魂互换，你懂吗？」
「我懂我懂～」
「我会让一切恢复…"
"https://raw.githubusercontent.com/ixinzhi/lightnovel-2018to2020/master/沃特尼亚战记 - 保利亮太 - 20191001.epub",2172,"https://www.wenku8.net/book/2172.htm","title+author","沃特尼亚战记","保利亮太","HJ文库","连载中","2019-10-01","323K","穿越 战斗 冒险 龙傲天 后宫","http://img.wenku8.com/image/2/2172/2172s.jpg","高中生御子柴亮真被召唤到烽火连天的异世界。他发现召唤自己过来的奥德梅亚帝国手段卑…"
"https://raw.githubusercontent.com/ixinzhi/lightnovel-2018to2020/master/从零开始的魔法书(零之魔法书) - 虎走かける - 20190926.epub",1597,"https://www.wenku8.net/book/1597.htm","title+author","从零开始的魔法书(零之魔法书)","虎走かける","电击文库","","","","奇幻 魔法 战斗 冒险 恋爱","http://img.wenku8.com/image/1/1597/1597s.jpg","教会历526年──
世界上有魔女及「魔术」的存在；然而，这个世界却还未知「魔法」之名…"
"https://raw.githubusercontent.com/ixinzhi/lightnovel-2018to2020/master/数字拯救弱小国家！ - 长田信织 - 20190919.epub",2623,"https://www.wenku8.net/book/2623.htm","title+author","数字拯救弱小国家！","长田信织","电击文库","连载中","2019-09-19","87K","经营 恋爱","http://img.wenku8.com/image/2/2623/2623s.jpg","小国公主索拉非常的烦恼，面对邻国的步步紧逼自己如何才能守护好国力孱弱的祖国，国王…"
"https://raw.githubusercontent.com/ixinzhi/lightnovel-2018to2020/master/极恶侦探 - 望公太 - 20190916.epub",2621,"https://www.wenku8.net/book/2621.htm","title+author","极恶侦探","望公太","角川文库","已完结","2019-09-16","109K","悬疑 犯罪 女性视角","http://img.wenku8.com/image/2/2621/2621s.jpg","「昭和侦探事务所」是由一群来历复杂的侦探组成。刚在此工作的早乙女桃色，意外被卷进…"
"https://raw.githubusercontent.com/ixinzhi/lightnovel-2018to2020/master/在倒数计时中与你说再见 - 雾友正规 - 20190916.epub",2622,"https://www.wenku8.net/book/2622.htm","title+author","在倒数计时中与你说再见","雾友正规","富士见文库","已完结","2019-09-16","104K","青春 恋爱","http://img.wenku8.com/image/2/2622/2622s.jpg","★打从相遇便注定要别离的两人，编织出的悲伤爱情故事。
进入大学医学系就读的我，在…"
"https://raw.githubusercontent.com/ixinzhi/lightnovel-2018to2020/master/HP 公主天国 - 风见周 - 20190916.epub",576,"https://www.wenku8.net/book/576.htm","title+author","HP 公主天国","风见周","富士见文库","已完结","2019-09-16","1200K","穿越 青春 欢乐向 后宫","http://img.wenku8.com/image/0/576/576s.jpg","扑通扑通、扑通扑通、扑通扑通、扑通扑通——……
与神来恭太郎面对面地坐在床上的大…"
"https://raw.githubusercontent.com/ixinzhi/lightnovel-2018to2020/master/寄生彼女砂奈(寄生女友佐奈) - 砂义出云 - 20190915.epub",1344,"https://www.wenku8.net/book/1344.htm","title+author","寄生彼女砂奈(寄生女友佐奈)","砂义出云","小学馆","已完结","2019-09-15","427K","校园 欢乐向 后宫 妹妹 人外","http://img.wenku8.com/image/1/1344/1344s.jpg","「从今天起，我要寄生在你的肚子里面！请多照顾９
那天，一个全身赤裸的神秘美少女砂…"
"https://raw.githubusercontent.com/ixinzhi/lightnovel-2018to2020/master/就算15岁也是我的新娘！ - 庵田定夏 - 20190915.epub",2595,"https://www.wenku8.net/book/2595.htm","title+author","就算15岁也是我的新娘！","庵田定夏","MF文库J","连载中","2019-09-15","183K","欢乐向 恋爱 后宫 JC","http://img.wenku8.com/image/2/2595/2595s.jpg","「愿意现在马上离开这里和我结婚吗?」
在大型出版销售公司工作的火野坂贤一（27岁·普…"
"https://raw.githubusercontent.com/ixinzhi/lightnovel-2018to2020/master/Campione!(弑神者!) - 丈月城 - 20190915.epub",433,"https://www.wenku8.net/book/433.htm","title+author","Campione!(弑神者!)","丈月城","集英社","已完结/ 已动画化","2019-09-15","2787K","校园 异能 战斗 后宫 妹妹 大小姐","http://img.wenku8.com/image/0/433/433s.jpg","草薙护堂，他是一位弑神之人。
弑神之人能够篡夺神的权能。而拥有那种力量的王者，我们…"
"https://raw.githubusercontent.com/ixinzhi/lightnovel-2018to2020/master/渣熊出没！蜜糖女孩请注意！ - 乌川さいか - 20190913.epub",2425,"https://www.wenku8.net/book/2425.htm","title+author","渣熊出没！蜜糖女孩请注意！","乌川さいか","MF文库J","已完结","2019-09-13","219K","校园 欢乐向 恋爱 后宫 人外","http://img.wenku8.com/image/2/2425/2425s.jpg","阿部久真是个一亢奋就会变成熊的高中生。
某天，他发现孤僻的同班同学天海樱的秘密—…"
"https://raw.githubusercontent.com/ixinzhi/lightnovel-2018to2020/master/YAKITORI - カルロ·ゼン - 20190911.epub",2619,"https://www.wenku8.net/book/2619.htm","title_only","YAKITORI","カルロ·ゼン","其他文库","连载中/ 已动画化","2019-09-11","138K","科幻 战争","http://img.wenku8.com/image/2/2619/2619s.jpg","全地球的人类不分国籍，通通沦为名叫「商联」的异星球居民的次等阶级。在如此一个未来…"
"https://raw.githubusercontent.com/ixinzhi/lightnovel-2018to2020/master/蔷薇的玛利亚 - 十文字青 - 20190911.epub",87,"https://www.wenku8.net/book/87.htm","title+author","蔷薇的玛利亚","十文字青","角川文库","已完结","2019-09-11","4215K","奇幻 冒险 战斗 伪娘","http://img.wenku8.com/image/0/87/87s.jpg","巨龙的遗骨──九头龙的大型骨骼──成为「盖」，形成地下空间，封印异界生物。为了取…"
"https://raw.githubusercontent.com/ixinzhi/lightnovel-2018to2020/master/老师的新娘是16岁的合法萝莉？ - さくらいたろう - 20190910.epub",2493,"https://www.wenku8.net/book/2493.htm","title_only","老师的新娘是16岁的合法萝莉？","さくらいたろう","MF文库J","已完结","2019-09-10","156K","校园 青春 欢乐向 后宫","http://img.wenku8.com/image/2/2493/2493s.jpg","六浦利孝是德田院学园高中部二年级的学生，
将来想当老师的他，必须通过养父──德田…"
"https://raw.githubusercontent.com/ixinzhi/lightnovel-2018to2020/master/耿直少年面对的青春不像恋爱喜剧那么甜 - 庆野由志 - 20190905.epub",2616,"https://www.wenku8.net/book/2616.htm","title+author","耿直少年面对的青春不像恋爱喜剧那么甜","庆野由志","集英社","已完结","2019-09-05","146K","校园 欢乐向 青春 恋爱 后宫","http://img.wenku8.com/image/2/2616/2616s.jpg","「不会使用『谎言』与『官腔』这两项基本武器的我，是个弱者。」
心里想的事情全部写…"
"https://raw.githubusercontent.com/ixinzhi/lightnovel-2018to2020/master/我的生存意义 - 赤月驱矢 - 20190905.epub",1920,"https://www.wenku8.net/book/1920.htm","title+author","我的生存意义","赤月驱矢","小学馆","连载中","2019-09-05","593K","悬疑 黑暗 猎奇 末日 后宫","http://img.wenku8.com/image/1/1920/1920s.jpg","一但选择了某人，没被选上的人就必须牺牲。
某日放学后，高中生斗和同时被两名要好的…"
"https://raw.githubusercontent.com/ixinzhi/lightnovel-2018to2020/master/转生异世界成为美少女城主 - 水城みなも - 20190903.epub",2615,"https://www.wenku8.net/book/2615.htm","title+author","转生异世界成为美少女城主","水城みなも","Fami通文库","连载中","2019-09-03","86K","穿越 欢乐向 战争 性转","http://img.wenku8.com/image/2/2615/2615s.jpg","转生以来没有挂，也没有特殊技能，可以凭借的只有「美少女力」。她的目标是，称霸三国…"
"https://raw.githubusercontent.com/ixinzhi/lightnovel-2018to2020/master/转生贵族的异世界冒险录 - 夜州 - 20190902.epub",2614,"https://www.wenku8.net/book/2614.htm","title+author","转生贵族的异世界冒险录","夜州","其他文库","连载中/ 已动画化","2019-09-02","131K","穿越 魔法 冒险 龙傲天 后宫","http://img.wenku8.com/image/2/2614/2614s.jpg","为了保护青梅竹马的妹妹而被歹徒刺死的椎名和也，作为贵族的第三子凯因，转生到了梦寐…"
"https://raw.githubusercontent.com/ixinzhi/lightnovel-2018to2020/master/相对世界。明日终结？ - 樱木优平 - 20190902.epub",2613,"https://www.wenku8.net/book/2613.htm","title+author","相对世界。明日终结？","樱木优平","角川文库","已完结/ 已动画化","2019-09-02","47K","科幻 悬疑 冒险 恋爱","http://img.wenku8.com/image/2/2613/2613s.jpg","有些秘密一旦揭开，世界就此开始毁灭？
不知道彼此存在的两个世界，暗藏著某个相互「…"
"https://raw.githubusercontent.com/ixinzhi/lightnovel-2018to2020/master/终物语(物语系列十二) - 西尾维新 - 20190901.epub",1557,"https://www.wenku8.net/book/1557.htm","title+author","终物语(物语系列十二)","西尾维新","讲谈社","已完结/ 已动画化","2019-09-01","664K","校园 奇幻 青春 恋爱 后宫 人外","http://img.wenku8.com/image/1/1557/1557s.jpg","「你什么都不记得喔──阿良良木。
不知道自己是以什么东西组成的。」
双眸漆黑的转…"
"https://raw.githubusercontent.com/ixinzhi/lightnovel-2018to2020/master/熟悉的你与陌生的记忆 - 久远侑 - 20190831.epub",2612,"https://www.wenku8.net/book/2612.htm","title+author","熟悉的你与陌生的记忆","久远侑","Fami通文库","已完结","2019-08-31","115K","科幻 青春 恋爱","http://img.wenku8.com/image/2/2612/2612s.jpg","在梦中与不认识的少女相遇，两人还携手度日的幸成，
某天来到自己从未到过的场所，却…"
"https://raw.githubusercontent.com/ixinzhi/lightnovel-2018to2020/master/圣者无双～上班族、在异世界的存活之道 - ブロッコリーライオン - 20190830.epub",2413,"https://www.wenku8.net/book/2413.htm","title_only","圣者无双～上班族、在异世界的存活之道","ブロッコリーライオン","其他文库","连载中/ 已动画化","2019-08-30","307K","穿越 魔法 冒险 龙傲天 人外","http://img.wenku8.com/image/2/2413/2413s.jpg","某一日，命运之神与异世界伽尔达尔迪亚的主神打了个赌。
命运之神赌输后，将十个平凡…"
"https://raw.githubusercontent.com/ixinzhi/lightnovel-2018to2020/master/不眠魔王与克萝诺的世界 - 明月千里 - 20190827.epub",1481,"https://www.wenku8.net/book/1481.htm","title+author","不眠魔王与克萝诺的世界","明月千里","GA文库","已完结","2019-08-27","331K","校园 奇幻 冒险 后宫 青梅竹马","http://img.wenku8.com/image/1/1481/1481s.jpg","「我与你立下了鲜血的契约，是不争的事实。」
「给我等一下！不要在众目睽暌之下做引…"
"https://raw.githubusercontent.com/ixinzhi/lightnovel-2018to2020/master/光之小说(light novel) - 泷本龙彦 - 20190825.epub",2610,"https://www.wenku8.net/book/2610.htm","title+author","光之小说(light novel)","泷本龙彦","角川文库","已完结","2019-08-25","108K","奇幻 青春 人外","http://img.wenku8.com/image/2/2610/2610s.jpg","“你好~喵!”——在只会安然度过宝贵青春的高中生文弘面前出现的光之门。从那里钻出来…"
"https://raw.githubusercontent.com/ixinzhi/lightnovel-2018to2020/master/东京圣塔 - 雨野智晴 - 20190823.epub",1815,"https://www.wenku8.net/book/1815.htm","title+author","东京圣塔","雨野智晴","MF文库J","连载中","2019-08-23","163K","冒险 战斗 恋爱 妹妹","http://img.wenku8.com/image/1/1815/1815s.jpg","东京圣塔（Tokyo Ziggurat）——那是一座突然出现在东京新宿区，能够达成破关者任何愿…"
"https://raw.githubusercontent.com/ixinzhi/lightnovel-2018to2020/master/另一段生命(另一份生命) - 入间人间 - 20190821.epub",2420,"https://www.wenku8.net/book/2420.htm","title+author","另一段生命(另一份生命)","入间人间","电击文库","已完结","2019-08-21","194K","奇幻 青春 群像","http://img.wenku8.com/image/2/2420/2420s.jpg","当时的我们，仍为世上许多高耸的事物包围，被压得喘不过气。虽然看似自由奔放，实际回…"
"https://raw.githubusercontent.com/ixinzhi/lightnovel-2018to2020/master/恋爱必胜女神！ - まほろ勇太 - 20190818.epub",2499,"https://www.wenku8.net/book/2499.htm","title+author","恋爱必胜女神！","まほろ勇太","MF文库J","连载中","2019-08-18","211K","校园 欢乐向 青春 恋爱","http://img.wenku8.com/image/2/2499/2499s.jpg","这所学园里有个必胜女神——只要在白星绘马的手掌上写下愿望就会实现。
因为这样的传…"
"https://raw.githubusercontent.com/ixinzhi/lightnovel-2018to2020/master/身为暗杀者的我明显比勇者还强 - 赤井祭 - 20190818.epub",2608,"https://www.wenku8.net/book/2608.htm","title+author","身为暗杀者的我明显比勇者还强","赤井祭","其他文库","连载中/ 已动画化","2019-08-18","130K","穿越 魔法 冒险 龙傲天 人外","http://img.wenku8.com/image/2/2608/2608s.jpg","存在感相当低迷的高中生织田晶，有一天突然跟同学一起被召唤到异世界。受至召唤的每一…"
"https://raw.githubusercontent.com/ixinzhi/lightnovel-2018to2020/master/你的故事 - 三秋缒 - 20190816.epub",2607,"https://www.wenku8.net/book/2607.htm","title+author","你的故事","三秋缒","其他文库","已完结","2019-08-16","125K","科幻 青春 恋爱","http://img.wenku8.com/image/2/2607/2607s.jpg","因为某种差错，被植入了架空的青春时代记忆的孤独青年·天谷千寻在那个夏天与并非实际…"
"https://raw.githubusercontent.com/ixinzhi/lightnovel-2018to2020/master/灾厄战线的至高强者 - 日暮晶 - 20190813.epub",2462,"https://www.wenku8.net/book/2462.htm","title+author","灾厄战线的至高强者","日暮晶","富士见文库","连载中","2019-08-13","181K","奇幻 异能 战斗 欢乐向 后宫","http://img.wenku8.com/image/2/2462/2462s.jpg","异次元的大门开启，从人类想像力诞生出来的怪物〈图像〉现身日本。为了将这莫大灾厄阻…"
"https://raw.githubusercontent.com/ixinzhi/lightnovel-2018to2020/master/青涩的伤痛与脆弱 - 住野夜 - 20190812.epub",2606,"https://www.wenku8.net/book/2606.htm","title+author","青涩的伤痛与脆弱","住野夜","角川文库","已完结","2019-08-12","111K","青春 恋爱","http://img.wenku8.com/image/2/2606/2606s.jpg","我们可以成为当初所期望的人吗？
我好想再见你一次。
抱定主意绝不轻易和人亲近的我…"
"https://raw.githubusercontent.com/ixinzhi/lightnovel-2018to2020/master/直至七月的人生已到尽头 - 天泽夏月 - 20190810.epub",2605,"https://www.wenku8.net/book/2605.htm","title+author","直至七月的人生已到尽头","天泽夏月","电击文库","已完结","2019-08-10","81K","校园 青春 恋爱","http://img.wenku8.com/image/2/2605/2605s.jpg","和逐渐失忆的少女所订下的约定，结果将会是──
平时生活不与别人打交道的高中生内村…"
"https://raw.githubusercontent.com/ixinzhi/lightnovel-2018to2020/master/妹妹攻略我的路线·爱情喜剧理论 - 明月千里 - 20190808.epub",1656,"https://www.wenku8.net/book/1656.htm","title+author","妹妹攻略我的路线·爱情喜剧理论","明月千里","GA文库","已完结","2019-08-08","243K","校园 欢乐向 后宫 妹妹 伪娘","http://img.wenku8.com/image/1/1656/1656s.jpg","「──哥哥，我要用我钻研至极的恋爱理论来攻略你９
「你参考的东西根本就只有美少女…"
"https://raw.githubusercontent.com/ixinzhi/lightnovel-2018to2020/master/异界转生强夺战(掠夺者 被掠夺者) - mino - 20190807.epub",2249,"https://www.wenku8.net/book/2249.htm","title+author","异界转生强夺战(掠夺者 被掠夺者)","mino","Fami通文库","连载中","2019-08-07","851K","穿越 战斗 冒险 后宫 人外","http://img.wenku8.com/image/2/2249/2249s.jpg","佐藤优被继父杀掉了……理应这样才对，然而清醒时，出现在眼前的却是异世界。他被老婆…"
"https://raw.githubusercontent.com/ixinzhi/lightnovel-2018to2020/master/神乐剑舞的空中神域 - 千羽十讯 - 20190805.epub",2603,"https://www.wenku8.net/book/2603.htm","title+author","神乐剑舞的空中神域","千羽十讯","GA文库","连载中","2019-08-05","96K","穿越 校园 魔法 冒险 后宫","http://img.wenku8.com/image/2/2603/2603s.jpg","几乎没有陆地，空中有无数飘浮岛屿的异世界——梅露跋斯。
许多人与物不断掉落至这个…"
"https://raw.githubusercontent.com/ixinzhi/lightnovel-2018to2020/master/练好练满！用寄生外挂改造尼特人生！？ - 伊垣久大 - 20190802.epub",2396,"https://www.wenku8.net/book/2396.htm","title+author","练好练满！用寄生外挂改造尼特人生！？","伊垣久大","角川文库","已完结","2019-08-02","463K","穿越 魔法 冒险 后宫","http://img.wenku8.com/image/2/2396/2396s.jpg","一招技能走异界，寄生尼特出头天！？
尼特族荣司突然被召唤到梦想中犹如电玩的异世界…"
"https://raw.githubusercontent.com/ixinzhi/lightnovel-2018to2020/master/天气之子 - 新海诚 - 20190730.epub",2601,"https://www.wenku8.net/book/2601.htm","title+author","天气之子","新海诚","角川文库","","","","奇幻 青春 恋爱","http://img.wenku8.com/image/2/2601/2601s.jpg","这是──只有我和她才知道的，关于这个世界的秘密。
高一夏天，帆高自故乡离岛离家出…"
"https://raw.githubusercontent.com/ixinzhi/lightnovel-2018to2020/master/15岁的恐怖分子 - 松村凉哉 - 20190727.epub",2597,"https://www.wenku8.net/book/2597.htm","title+author","15岁的恐怖分子","松村凉哉","电击文库","已完结","2019-07-27","85K","悬疑 犯罪 青春 黑暗","http://img.wenku8.com/image/2/2597/2597s.jpg","『我在新宿车站设置了炸弹，这不是骗人的。』
在有如玩笑般的恐怖攻击预告后，新宿车…"
"https://raw.githubusercontent.com/ixinzhi/lightnovel-2018to2020/master/螺旋时空的迷宫 - 辻村七子 - 20190719.epub",2596,"https://www.wenku8.net/book/2596.htm","title+author","螺旋时空的迷宫","辻村七子","集英社","已完结","2019-07-19","83K","科幻 悬疑 恋爱 青梅竹马","http://img.wenku8.com/image/2/2596/2596s.jpg","即使要永远徘徊在时空之中，我也绝不会再让你死去。
在开发出时间逆行机器“爱丽丝之…"
"https://raw.githubusercontent.com/ixinzhi/lightnovel-2018to2020/master/天使的3P！ - 苍山サグ - 20190717.epub",1701,"https://www.wenku8.net/book/1701.htm","title+author","天使的3P！","苍山サグ","电击文库","已完结/ 已动画化","2019-07-17","782K","校园 音乐 欢乐向 青春 后宫","http://img.wenku8.com/image/1/1701/1701s.jpg","因为国中时期的创伤而得到惧学症的贯井响，平常的兴趣是用歌唱软体创作歌曲。
某天他…"
"https://raw.githubusercontent.com/ixinzhi/lightnovel-2018to2020/master/蒂菠妮雅不动产 - 山贝エビス - 20190715.epub",2334,"https://www.wenku8.net/book/2334.htm","title+author","蒂菠妮雅不动产","山贝エビス","GA文库","已完结","2019-07-15","350K","欢乐向 战斗 旅行 后宫 人外","http://img.wenku8.com/image/2/2334/2334s.jpg","「仆人募集中，不问及年龄性别，赏赐于你三餐、零用钱、住处」
「这还真是过分啊.....…"
"https://raw.githubusercontent.com/ixinzhi/lightnovel-2018to2020/master/童话魔法使(原书·原书使) - 松智洋 - 20190710.epub",2314,"https://www.wenku8.net/book/2314.htm","title+author","童话魔法使(原书·原书使)","松智洋","集英社","已完结/ 已动画化","2019-07-10","433K","奇幻 魔法 战斗 百合 女性视角","http://img.wenku8.com/image/2/2314/2314s.jpg","少女们的相遇将会诞生魔法。
键村叶月是个喜爱童话，容易过度妄想的正统派少女。
与…"
"https://raw.githubusercontent.com/ixinzhi/lightnovel-2018to2020/master/甘城辉煌乐园救世主(甘城光辉游乐园) - 贺东招二 - 20190704.epub",1398,"https://www.wenku8.net/book/1398.htm","title+author","甘城辉煌乐园救世主(甘城光辉游乐园)","贺东招二","富士见文库","","","","奇幻 职场 经营 欢乐向 后宫","http://img.wenku8.com/image/1/1398/1398s.jpg","「抱歉很唐突……可儿江同学，要不要和我一起去游乐园？」
神秘美少女转学生·千斗五…"
"https://raw.githubusercontent.com/ixinzhi/lightnovel-2018to2020/master/黑暗医院：消失的病患 - 知念实希人 - 20190704.epub",2590,"https://www.wenku8.net/book/2590.htm","title+author","黑暗医院：消失的病患","知念实希人","其他文库","","","","悬疑 犯罪","http://img.wenku8.com/image/2/2590/2590s.jpg","一名持枪抢匪躲进医院，同时要求院内医师医治自己射伤的女子。
临时值班的外科医师&#8…"
"https://raw.githubusercontent.com/ixinzhi/lightnovel-2018to2020/master/里世界郊游 - 宫泽伊织 - 20190703.epub",2468,"https://www.wenku8.net/book/2468.htm","title+author","里世界远足(里世界郊游)","宫泽伊织","其他文库","连载中/ 已动画化","2026-05-01","1013K","科幻 冒险 惊悚 百合 女性视角","http://img.wenku8.com/image/2/2468/2468s.jpg","与「日常」比邻而居的「非日常」
对生活感到倦怠的女大学生·纸越空鱼，于〈里侧〉目…"
"https://raw.githubusercontent.com/ixinzhi/lightnovel-2018to2020/master/魔技科的剑士与召唤魔王 - 三原みつき - 20190628.epub",1439,"https://www.wenku8.net/book/1439.htm","title+author","魔技科的剑士与召唤魔王","三原みつき","MF文库J","已完结","2019-06-28","1802K","校园 魔法 战斗 后宫 妹妹","http://img.wenku8.com/image/1/1439/1439s.jpg","剑术高手一树自司掌召唤魔法的神魔之处获得谜痕（Enigma），进入国立骑士学院的魔技科…"
"https://raw.githubusercontent.com/ixinzhi/lightnovel-2018to2020/master/怎么可能在一起！不行！不行！我爱你！ - 内堀优一 - 20190627.epub",2429,"https://www.wenku8.net/book/2429.htm","title+author","怎么可能在一起！不行！不行！我爱你！","内堀优一","HJ文库","连载中","2019-06-27","139K","校园 青春 恋爱 青梅竹马","http://img.wenku8.com/image/2/2429/2429s.jpg","无论怎么想，你果然喜欢我吧!?
进入高中就读过了几个月的某天，大贯悟郎向长年来单相…"
"https://raw.githubusercontent.com/ixinzhi/lightnovel-2018to2020/master/战斗医师 野口英雄 - 草木うしみつ - 20190627.epub",2588,"https://www.wenku8.net/book/2588.htm","title+author","战斗医师 野口英雄","草木うしみつ","HJ文库","已完结","2019-06-27","87K","奇幻 冒险 后宫","http://img.wenku8.com/image/2/2588/2588s.jpg","于世界各国猖獗的异形──病魔。 
以异能与病魔战斗的少年战斗医师──野口英雄
因于…"
"https://raw.githubusercontent.com/ixinzhi/lightnovel-2018to2020/master/旋律、抒情、偶像、魔法 - 石川博品 - 20190624.epub",2583,"https://www.wenku8.net/book/2583.htm","title+author","旋律、抒情、偶像、魔法","石川博品","集英社","已完结","2019-06-24","101K","校园 欢乐向 青春 恋爱 音乐","http://img.wenku8.com/image/2/2583/2583s.jpg","降临在我们的城镇，名为偶像的魔法
东京都冲津区——高举著反对国民偶像团体ＬＥＤ旗…"
"https://raw.githubusercontent.com/ixinzhi/lightnovel-2018to2020/master/吸血鬼姐与丧尸妹系列 - 镰池和马 - 20190614.epub",2409,"https://www.wenku8.net/book/2409.htm","title+author","吸血鬼姐与丧尸妹系列","镰池和马","其他文库","连载中","2019-06-14","365K","奇幻 战斗 人外","http://img.wenku8.com/image/2/2409/2409s.jpg","「吸血鬼和丧尸打起来能决出胜负吗。」
以这句话为伊始，丧尸妹妹亚由美和吸血鬼姉姐…"
"https://raw.githubusercontent.com/ixinzhi/lightnovel-2018to2020/master/三个我与四个她的双人游戏 - 比嘉智康 - 20190608.epub",2578,"https://www.wenku8.net/book/2578.htm","title+author","三个我与四个她的双人游戏","比嘉智康","Fami通文库","已完结","2019-06-08","87K","青春 恋爱 脑洞","http://img.wenku8.com/image/2/2578/2578s.jpg","「你愿意再陪我玩多重人格游戏吗？」
我与一色华乃实在高中重逢，她这样问了由囚慈（…"
"https://raw.githubusercontent.com/ixinzhi/lightnovel-2018to2020/master/欢迎光临佛教学校 - わかつきひかる - 20190606.epub",2577,"https://www.wenku8.net/book/2577.htm","title_only","欢迎光临佛教学校","わかつきひかる","HJ文库","已完结","2019-06-06","83K","校园 欢乐向 青春 恋爱 后宫","http://img.wenku8.com/image/2/2577/2577s.jpg","在开学典礼上分发念珠和独钴杵？
高原大和在一连串不幸的巧合下，
进入了所谓的佛教…"
"https://raw.githubusercontent.com/ixinzhi/lightnovel-2018to2020/master/横滨车站SF - 柞刈汤叶 - 20190604.epub",2506,"https://www.wenku8.net/book/2506.htm","title+author","横滨车站SF","柞刈汤叶","角川文库","已完结","2019-06-04","198K","科幻","http://img.wenku8.com/image/2/2506/2506s.jpg","数百年后，支配了99%日本的将是横滨车站！
改建工程从未停歇的「横滨车站」，最终走向…"
"https://raw.githubusercontent.com/ixinzhi/lightnovel-2018to2020/master/妖精新娘 - 朝野始 - 20190527.epub",2504,"https://www.wenku8.net/book/2504.htm","title+author","妖精新娘","朝野始","MF文库J","已完结","2019-05-27","129K","穿越 欢乐向 后宫 青梅竹马 人外","http://img.wenku8.com/image/2/2504/2504s.jpg","我拯救异世界的功绩受到肯定，而成为见习转生者们的教师。学生是在人间的时候死别，个…"
"https://raw.githubusercontent.com/ixinzhi/lightnovel-2018to2020/master/我们不懂察言观色 - 镜银钵 - 20190523.epub",2568,"https://www.wenku8.net/book/2568.htm","title+author","我们不懂察言观色","镜银钵","MF文库J","已完结","2019-05-23","210K","校园 欢乐向 青春 恋爱 后宫","http://img.wenku8.com/image/2/2568/2568s.jpg","私立银钵高中二年级的小日向刀彦不懂得察言观色。
总是我行我素、无视在场气氛的言行…"
"https://raw.githubusercontent.com/ixinzhi/lightnovel-2018to2020/master/缠绕着我与死神（保镖）的黑之线 - 天野颂子 - 20190518.epub",2563,"https://www.wenku8.net/book/2563.htm","title+author","缠绕着我与死神（保镖）的黑之线","天野颂子","讲谈社","连载中","2019-05-18","47K","奇幻 悬疑","http://img.wenku8.com/image/2/2563/2563s.jpg","海堂家唯一继承人，海堂凛，年仅十岁。两年前父母双亡。
今天，怀着某个秘密的原SP永…"
"https://raw.githubusercontent.com/ixinzhi/lightnovel-2018to2020/master/六号月台迎来春天，而你将在今天离去。 - 大泽めぐみ - 20190514.epub",2561,"https://www.wenku8.net/book/2561.htm","title+author","六号月台迎来春天，而你将在今天离去。","大泽めぐみ","角川文库","已完结","2019-05-14","120K","校园 青春 恋爱 群像","http://img.wenku8.com/image/2/2561/2561s.jpg","找不到自己想做的事，茫然憧憬著都会生活的优生香衣、
身为足球社王牌球员，「理应是…"
"https://raw.githubusercontent.com/ixinzhi/lightnovel-2018to2020/master/流浪勇者与金币共舞(放浪勇者与金币共舞) - 村崎幸也 - 20190513.epub",1897,"https://www.wenku8.net/book/1897.htm","title+author","流浪勇者与金币共舞(放浪勇者与金币共舞)","村崎幸也","富士见文库","已完结","2019-05-13","181K","斗智 犯罪 后宫 人外","http://img.wenku8.com/image/1/1897/1897s.jpg","勇者击倒魔王，世界恢复了和平──但故事却没有就此画下句点。消灭了人类的“敌人”后…"
"https://raw.githubusercontent.com/ixinzhi/lightnovel-2018to2020/master/最后的救世主 - 岩井恭平 - 20190511.epub",1332,"https://www.wenku8.net/book/1332.htm","title+author","最后的救世主","岩井恭平","角川文库","已完结","2019-05-11","386K","科幻 青春 恋爱","http://img.wenku8.com/image/1/1332/1332s.jpg","日本最南端的冲绳——沙藤叶踏上了这片远方的土地！
在这里，叶与古道热肠的邻家少女…"
"https://raw.githubusercontent.com/ixinzhi/lightnovel-2018to2020/master/茶花女的纯真之歌 - 古宫九时 - 20190510.epub",2557,"https://www.wenku8.net/book/2557.htm","title+author","茶花女的纯真之歌","古宫九时","电击文库","已完结","2019-05-10","89K","青春 恋爱 音乐","http://img.wenku8.com/image/2/2557/2557s.jpg","「我无法实现梦想……」
十九岁的椿因心灵创伤而无法再歌唱，
中途放弃成为声乐女伶…"
"https://raw.githubusercontent.com/ixinzhi/lightnovel-2018to2020/master/奋斗吧！系统工程师 - 夏海公司 - 20190425.epub",1016,"https://www.wenku8.net/book/1016.htm","title+author","奋斗吧！系统工程师","夏海公司","电击文库","","","","职场 青春 欢乐向 恋爱 后宫","http://img.wenku8.com/image/1/1016/1016s.jpg","平凡的社会新鲜人——樱坂工兵历经严峻的就职活动后，终于得以就职于某系统开发公司。…"
"https://raw.githubusercontent.com/ixinzhi/lightnovel-2018to2020/master/剑刻的银乙女(剑刻之银乙女) - 手岛史词 - 20190425.epub",1522,"https://www.wenku8.net/book/1522.htm","title+author","剑刻的银乙女(剑刻之银乙女)","手岛史词","一迅社","连载中","2019-04-25","742K","校园 魔法 战斗 后宫 妹妹","http://img.wenku8.com/image/1/1522/1522s.jpg","众多的国王、众多的国家、众多的信仰交杂混居，彼此间冲突不断，缺少王者一统天下的时…"
"https://raw.githubusercontent.com/ixinzhi/lightnovel-2018to2020/master/变态王子与不笑猫 - 相乐总 - 20190422.epub",945,"https://www.wenku8.net/book/945.htm","title+author","变态王子与不笑猫","相乐总","MF文库J","","","","校园 奇幻 欢乐向 后宫 大小姐","http://img.wenku8.com/image/0/945/945s.jpg","横寺阳人是个无时无刻都怀抱着烦恼的高中二年级男生。未经深思向「不笑猫」的雕像许愿…"
"https://raw.githubusercontent.com/ixinzhi/lightnovel-2018to2020/master/魔术监狱的玛丽安 - 松山刚 - 20190417.epub",2549,"https://www.wenku8.net/book/2549.htm","title+author","魔术监狱的玛丽安","松山刚","电击文库","已完结","2019-04-17","98K","冒险 悬疑 恋爱 女性视角","http://img.wenku8.com/image/2/2549/2549s.jpg","在某个「魔术」被视为诅咒，并受人忌讳的时代──
任职于专门囚禁魔术师的监狱──「…"
"https://raw.githubusercontent.com/ixinzhi/lightnovel-2018to2020/master/S与S的无赖同盟 - 野村美月 - 20190416.epub",2299,"https://www.wenku8.net/book/2299.htm","title+author","S与S的无赖同盟","野村美月","集英社","已完结","2019-04-16","134K","校园 欢乐向 青春 恋爱","http://img.wenku8.com/image/2/2299/2299s.jpg","真田大辉是个艺术白痴，却选择加入美术社。其实，美术社社员只是表面上的身分。
他真…"
"https://raw.githubusercontent.com/ixinzhi/lightnovel-2018to2020/master/斩光王剑录 - 穗村元 - 20190415.epub",1161,"https://www.wenku8.net/book/1161.htm","title+author","斩光王剑录","穗村元","MF文库J","已完结","2019-04-15","367K","奇幻 战斗 冒险 后宫 妹妹","http://img.wenku8.com/image/1/1161/1161s.jpg","在某座贫民街中，有一名由人类与擅用魔法力量．艾尔拉之种族──艾尔兰族结合而诞生的…"
"https://raw.githubusercontent.com/ixinzhi/lightnovel-2018to2020/master/英雄失格 - 更伊俊介 - 20190415.epub",2041,"https://www.wenku8.net/book/2041.htm","title+author","英雄失格","更伊俊介","Fami通文库","已完结","2019-04-15","294K","奇幻 欢乐向 战斗","http://img.wenku8.com/image/2/2041/2041s.jpg","有个地方，昔日拯救过世界的英雄们，多如繁星地聚集在那里。毁灭的危机将于七日后再次…"
"https://raw.githubusercontent.com/ixinzhi/lightnovel-2018to2020/master/我被召唤到魔界成为家庭教师！？ - 鹫宫だいじん - 20190415.epub",2076,"https://www.wenku8.net/book/2076.htm","title+author","我被召唤到魔界成为家庭教师！？","鹫宫だいじん","电击文库","已完结","2019-04-15","262K","穿越 奇幻 欢乐向 后宫","http://img.wenku8.com/image/2/2076/2076s.jpg","突然被召唤到魔界后──魔王递出了一封信，尤金才发现前雇主勇者将自己「卖给」了魔王…"
"https://raw.githubusercontent.com/ixinzhi/lightnovel-2018to2020/master/终极反英雄 - 海空陆 - 20190415.epub",1965,"https://www.wenku8.net/book/1965.htm","title+author","终极反英雄","海空陆","讲谈社","已完结","2019-04-15","347K","校园 战斗 龙傲天 后宫 人外","http://img.wenku8.com/image/1/1965/1965s.jpg","过去曾有来自魔界的侵略者，消灭了全世界的军队，神代焰则是以仅仅一人之力，讨伐了那…"
"https://raw.githubusercontent.com/ixinzhi/lightnovel-2018to2020/master/魔法战争 - 铃木央 - 20190415.epub",1160,"https://www.wenku8.net/book/1160.htm","title+author","魔法战争","铃木央","MF文库J","","","","校园 魔法 战争 后宫 青梅竹马","http://img.wenku8.com/image/1/1160/1160s.jpg","少年少女的相遇，揭开魔法战争……
七濑武是个有着灰暗过去的平凡高中生，周遭对他的…"
"https://raw.githubusercontent.com/ixinzhi/lightnovel-2018to2020/master/破碎的瞬间 - 竹宫悠由子 - 20190409.epub",2544,"https://www.wenku8.net/book/2544.htm","title+author","破碎的瞬间","竹宫悠由子","其他文库","已完结","2019-04-09","101K","校园 悬疑 黑暗","http://img.wenku8.com/image/2/2544/2544s.jpg","两人丧命。
他们的死留下了什么？
大学联考将近，滨田清澄在某天全校集会上，撞见一…"
"https://raw.githubusercontent.com/ixinzhi/lightnovel-2018to2020/master/朋友以上侦探未满 - 麻耶雄嵩 - 20190409.epub",2543,"https://www.wenku8.net/book/2543.htm","title+author","朋友以上侦探未满","麻耶雄嵩","角川文库","已完结","2019-04-09","113K","校园 悬疑 青春 百合 女性视角","http://img.wenku8.com/image/2/2543/2543s.jpg","伊贺桃与上野青是超级推理狂女高中生。
她们隶属于三重县伊贺市贺野高中广播社，然而…"
"https://raw.githubusercontent.com/ixinzhi/lightnovel-2018to2020/master/沟通障碍的我将交涉技能点满转生后的结果 - 朱月十话 - 20190330.epub",2262,"https://www.wenku8.net/book/2262.htm","title+author","沟通障碍的我将交涉技能点满转生后的结果","朱月十话","Fami通文库","连载中","2019-03-30","406K","穿越 奇幻 欢乐向 冒险 后宫","http://img.wenku8.com/image/2/2262/2262s.jpg","森冈弘人因交通意外死去，醒来时他眼前出现了一个自称女神的美女!!
女神突然对他说「…"
"https://raw.githubusercontent.com/ixinzhi/lightnovel-2018to2020/master/七日的喰神 - カミツキレイニー - 20190330.epub",2348,"https://www.wenku8.net/book/2348.htm","title_only","七日的喰神","カミツキレイニー","小学馆","连载中","2019-03-30","313K","欢乐向 战斗 黑暗 后宫 人外","http://img.wenku8.com/image/2/2348/2348s.jpg","憎恶神明的男人，他搭档的少女却是吃人之神。
仲夏的酷暑之中，行踪不明的少年，其尸…"
"https://raw.githubusercontent.com/ixinzhi/lightnovel-2018to2020/master/女王的御用甜点师 - 野村美月 - 20190324.epub",2529,"https://www.wenku8.net/book/2529.htm","title+author","女王的御用甜点师","野村美月","Fami通文库","已完结","2019-03-24","152K","恋爱","http://img.wenku8.com/image/2/2529/2529s.jpg","「──我答应你，成为女王。我想建立一个富裕到多余、可以尽情浪费的国家。」
「那么…"
"https://raw.githubusercontent.com/ixinzhi/lightnovel-2018to2020/master/女骑士小姐，我们去血拼吧！ - 伊藤ヒロ - 20190324.epub",2060,"https://www.wenku8.net/book/2060.htm","title+author","女骑士小姐，我们去血拼吧！","伊藤ヒロ","MF文库J","已完结","2019-03-24","348K","奇幻 校园 欢乐向 后宫 青梅竹马","http://img.wenku8.com/image/2/2060/2060s.jpg","濑田麟一郎是住在某个非常乡下的地方——平家镇的普通高中生。某天夜晚，他发现了倒在…"
"https://raw.githubusercontent.com/ixinzhi/lightnovel-2018to2020/master/RPG WORLD-RPG·世界- - 吉村夜 - 20190322.epub",1046,"https://www.wenku8.net/book/1046.htm","title+author","RPG WORLD-RPG·世界-","吉村夜","富士见文库","已完结","2019-03-22","1570K","穿越 魔法 冒险 龙傲天 后宫 人外","http://img.wenku8.com/image/1/1046/1046s.jpg","“那个，我居然进入了憧憬已久的剑与魔法的幻想世界！？究竟是何时进入的！？好厉害！…"
"https://raw.githubusercontent.com/ixinzhi/lightnovel-2018to2020/master/死亡笔记 决战新世界 - 日下部匡俊 - 20190321.epub",2538,"https://www.wenku8.net/book/2538.htm","title+author","死亡笔记 决战新世界","日下部匡俊","集英社","已完结","2019-03-21","60K","奇幻 悬疑 犯罪 斗智","http://img.wenku8.com/image/2/2538/2538s.jpg","名字被写在这本笔记本上的人将会死亡
『奇乐』，也就是夜神月，企图以死亡笔记本改变…"
"https://raw.githubusercontent.com/ixinzhi/lightnovel-2018to2020/master/军武宅转生魔法世界，靠现代武器开军队后宫!？ - 明镜シスイ - 20190317.epub",1988,"https://www.wenku8.net/book/1988.htm","title+author","军武宅转生魔法世界，靠现代武器开军队后宫","明镜シスイ","富士见文库","已完结","2019-03-17","1214K","穿越 战斗 后宫 人外 青梅竹马","http://img.wenku8.com/image/1/1988/1988s.jpg","转生到魔法异世界的少年琉特，将运用现代武器创造传说──！
琉特──一名被卷入案件之…"
"https://raw.githubusercontent.com/ixinzhi/lightnovel-2018to2020/master/蛋糕王子的名推理 - 七月隆文 - 20190316.epub",2535,"https://www.wenku8.net/book/2535.htm","title+author","蛋糕王子的名推理","七月隆文","其他文库","连载中","2019-03-16","122K","悬疑 青春 恋爱 女性视角","http://img.wenku8.com/image/2/2535/2535s.jpg","梦想与恋爱都不甜美。
只有甜点是正义。
未羽是个爱蛋糕成痴的女高中生。
为了抚平…"
"https://raw.githubusercontent.com/ixinzhi/lightnovel-2018to2020/master/献上我的青春，拨开你的浏海 - 凪木エコ - 20190314.epub",2403,"https://www.wenku8.net/book/2403.htm","title+author","献上我的青春，拨开你的浏海","凪木エコ","富士见文库","已完结","2019-03-14","231K","校园 欢乐向 青春 恋爱 后宫","http://img.wenku8.com/image/2/2403/2403s.jpg","桃山太郎的儿时玩伴莎琉是双色瞳的金发混血美少女，
但是她其实有个致命的缺点──
…"
"https://raw.githubusercontent.com/ixinzhi/lightnovel-2018to2020/master/旧宫殿 - 三云岳斗 - 20190311.epub",2534,"https://www.wenku8.net/book/2534.htm","title+author","旧宫殿","三云岳斗","其他文库","已完结","2019-03-11","110K","悬疑","http://img.wenku8.com/image/2/2534/2534s.jpg","少女的目光竟然能穿透那面无窗的墙，看到塔外的景色……
美丽的贵族少女，被幽禁在只…"
"https://raw.githubusercontent.com/ixinzhi/lightnovel-2018to2020/master/就算是中二病也没关系嘛！ - 翡翠ヒスイ - 20190309.epub",2532,"https://www.wenku8.net/book/2532.htm","title+author","就算是中二病也没关系嘛！","翡翠ヒスイ","电击文库","已完结","2019-03-09","100K","奇幻 校园 欢乐向","http://img.wenku8.com/image/2/2532/2532s.jpg","「呜，身、身体好烫！？看、看来那家伙的封印终于要！？」
「哼哼……这也不怪你，人…"
"https://raw.githubusercontent.com/ixinzhi/lightnovel-2018to2020/master/Just Because！ - 鸭志田一 - 20190304.epub",2343,"https://www.wenku8.net/book/2343.htm","title+author","Just Because！","鸭志田一","电击文库","已完结/ 已动画化","2019-03-04","110K","校园 青春 恋爱 后宫","http://img.wenku8.com/image/2/2343/2343s.jpg","毕业前夕的转学，冷却的心再次跳动──
国中时期转学至福冈的瑛太，
在高中生活只剩…"
"https://raw.githubusercontent.com/ixinzhi/lightnovel-2018to2020/master/创神与丧神的召唤之战(创神与丧神的magius) - 三田诚 - 20190304.epub",2061,"https://www.wenku8.net/book/2061.htm","title+author","创神与丧神的召唤之战(创神与丧神的magius)","三田诚","富士见文库","已完结","2019-03-04","171K","校园 奇幻 机战 后宫","http://img.wenku8.com/image/2/2061/2061s.jpg","所谓的「创神」是「管理军」秘而不宣，一旦超过十六岁就会失去的限定契约。
破城苍士…"
"https://raw.githubusercontent.com/ixinzhi/lightnovel-2018to2020/master/就算身为最后的人类 - 庵田定夏 - 20190303.epub",2400,"https://www.wenku8.net/book/2400.htm","title+author","就算身为最后的人类","庵田定夏","Fami通文库","已完结","2019-03-03","201K","穿越 奇幻 后宫 人外","http://img.wenku8.com/image/2/2400/2400s.jpg","一睁开双眼，竟身处异世界。人类已经灭绝，裕司在一个多种族共存的世界存活下来。常言…"
"https://raw.githubusercontent.com/ixinzhi/lightnovel-2018to2020/master/傻白甜女朋友你要吗？ - 七条刚 - 20190227.epub",2526,"https://www.wenku8.net/book/2526.htm","title+author","傻白甜女朋友你要吗？","七条刚","GA文库","连载中","2019-02-27","93K","校园 欢乐向 恋爱 后宫","http://img.wenku8.com/image/2/2526/2526s.jpg","老好人的高中生征斗有一天，不断地帮助有困难的3个少女香乃，澪，琉璃-仅仅聊了5分钟就…"
"https://raw.githubusercontent.com/ixinzhi/lightnovel-2018to2020/master/声音x魔法 - 白濑修 - 20190217.epub",74,"https://www.wenku8.net/book/74.htm","title+author","声音x魔法","白濑修","GA文库","连载中","2019-02-17","1338K","校园 魔法 战斗 欢乐向 后宫 伪娘","http://img.wenku8.com/image/0/74/74s.jpg","「你从今天开始成为魔法少女喔○」
在平凡的镇上过著平凡无奇生活的高中生──白姬彼…"
"https://raw.githubusercontent.com/ixinzhi/lightnovel-2018to2020/master/宝贝公主Baby Princess - 公野樱子 - 20190203.epub",1173,"https://www.wenku8.net/book/1173.htm","title+author","宝贝公主Baby Princess","公野樱子","电击文库","连载中/ 已动画化","2019-02-03","273K","青春 欢乐向 后宫 妹妹","http://img.wenku8.com/image/1/1173/1173s.jpg","今天是最后一次来这所学校上课。主人公阳太郎在当天的剑道友谊比赛中下了一个决心，遂…"
"https://raw.githubusercontent.com/ixinzhi/lightnovel-2018to2020/master/雷恩(雨战士) - 吉野匠 - 20190122.epub",1129,"https://www.wenku8.net/book/1129.htm","title+author","雨战士(雷恩)","吉野匠","其他文库","连载中","2019-01-22","733K","奇幻 魔法 战争 恋爱 后宫","http://img.wenku8.com/image/1/1129/1129s.jpg","面临北方大国萨曼因的威胁，位于大陆西南部的小国萨威尔，国势危急。
雨战士——雷恩…"
"https://raw.githubusercontent.com/ixinzhi/lightnovel-2018to2020/master/剑魔剑奏剑圣剑舞 - 嬉野秋彦 - 20190122.epub",2371,"https://www.wenku8.net/book/2371.htm","title+author","剑魔剑奏剑圣剑舞","嬉野秋彦","MF文库J","连载中","2019-01-22","101K","奇幻 欢乐向 战斗","http://img.wenku8.com/image/2/2371/2371s.jpg","这是个「剑圣」驱使天神恩赐之无坚不摧「神剑」，并且赌上祖国威信奋战的战乱时代。
总…"
"https://raw.githubusercontent.com/ixinzhi/lightnovel-2018to2020/master/剑士＆魔术师 霸剑皇帝与七星姬骑士 - 柑橘ゆすら - 20190121.epub",2120,"https://www.wenku8.net/book/2120.htm","title+author","剑士＆魔术师 霸剑皇帝与七星姬骑士","柑橘ゆすら","HJ文库","连载中","2019-01-21","137K","奇幻 校园 战斗 机战 后宫","http://img.wenku8.com/image/2/2120/2120s.jpg","少年&#8231;皋羽空太的剑术高超，校方看中了他的能力，让他进入聚集众多一流魔术师的学…"
"https://raw.githubusercontent.com/ixinzhi/lightnovel-2018to2020/master/转生成自动贩卖机的我今天也在迷宫徘徊 - 昼熊 - 20190121.epub",2236,"https://www.wenku8.net/book/2236.htm","title+author","转生成自动贩卖机的我今天也在迷宫徘徊","昼熊","角川文库","已完结/ 已动画化","2019-01-21","337K","穿越 奇幻 旅行 欢乐向 人外","http://img.wenku8.com/image/2/2236/2236s.jpg","被卷入一场车祸意外的我，醒来之后，发现自己伫立在一片陌生的湖畔，不但身体动不了，…"
"https://raw.githubusercontent.com/ixinzhi/lightnovel-2018to2020/master/机甲狩龙幻想战记 - 内田弘树 - 20190121.epub",2383,"https://www.wenku8.net/book/2383.htm","title+author","机甲狩龙幻想战记","内田弘树","富士见文库","已完结","2019-01-21","298K","奇幻 机战 战争 后宫 人外","http://img.wenku8.com/image/2/2383/2383s.jpg","★驾驶豹式战车与龙相抗！由「战车」与「龙」交织而成的异色对决。
★凭藉队友们的羁…"
"https://raw.githubusercontent.com/ixinzhi/lightnovel-2018to2020/master/结束10年家里蹲生活的我，一打开家里的大门…… - 坂东太郎 - 20190117.epub",2520,"https://www.wenku8.net/book/2520.htm","title+author","结束10年家里蹲生活的我，一打开家里的大门","坂东太郎","其他文库","连载中","2019-01-17","89K","穿越 欢乐向 妹妹","http://img.wenku8.com/image/2/2520/2520s.jpg","经过整整10年的时间后，终于下定决心踏出家门的北条雄二错愕地杵在家门口。他会有这种…"
"https://raw.githubusercontent.com/ixinzhi/lightnovel-2018to2020/master/魔王大人的究极飨宴 - 多宇部贞人 - 20190111.epub",2516,"https://www.wenku8.net/book/2516.htm","title+author","魔王大人的究极飨宴","多宇部贞人","电击文库","已完结","2019-01-11","102K","穿越 欢乐向 美食 后宫","http://img.wenku8.com/image/2/2516/2516s.jpg","魔王别西卜冠有七大罪之一「暴食」之名。
美食偏执狂的他，正打算享用追寻已久的超级…"
"https://raw.githubusercontent.com/ixinzhi/lightnovel-2018to2020/master/寄宿学校的朱丽叶 - 望月唯一 - 20190109.epub",2513,"https://www.wenku8.net/book/2513.htm","title+author","寄宿学校的朱丽叶","望月唯一","讲谈社","已完结/ 已动画化","2019-01-09","65K","校园 青春 恋爱","http://img.wenku8.com/image/2/2513/2513s.jpg","漫画《寄宿学校的朱丽叶》官方外传小说，剧情在漫画第12话与第13话（动画第7集与第8集…"
"https://raw.githubusercontent.com/ixinzhi/lightnovel-2018to2020/master/转生龙蛋~目标只有最强 - 猫子 - 20190106.epub",2477,"https://www.wenku8.net/book/2477.htm","title+author","转生龙蛋~目标只有最强","猫子","其他文库","连载中/ 已动画化","2019-01-06","688K","穿越 奇幻 魔法 冒险 人外","http://img.wenku8.com/image/2/2477/2477s.jpg","当我睁开眼后，发现自己处在未曾见过的森林之中。而且这里似乎是我不知道的幻想世界。…"
"https://raw.githubusercontent.com/ixinzhi/lightnovel-2018to2020/master/少女编号 - 渡航 - 20190104.epub",2146,"https://www.wenku8.net/book/2146.htm","title+author","少女编号","渡航","电击文库","","","","职场 青春 妹妹 女性视角","http://img.wenku8.com/image/2/2146/2146s.jpg","★新进声优乌丸千岁，将带你了解声优业界的美好梦想与残酷现实！
★自视甚高的白目新…"
"https://raw.githubusercontent.com/ixinzhi/lightnovel-2018to2020/master/图书迷宫 - 十字静 - 20190104.epub",2511,"https://www.wenku8.net/book/2511.htm","title+author","图书迷宫","十字静","MF文库J","已完结","2019-01-04","186K","悬疑 人外","http://img.wenku8.com/image/2/2511/2511s.jpg","你必须回想起来。
你必须找出隐藏在心理创伤深处的杀父仇人，取回被夺走的名誉及失去…"
"https://raw.githubusercontent.com/ixinzhi/lightnovel-2018to2020/master/三千世界的英雄王 - 壱日千次 - 20190103.epub",2342,"https://www.wenku8.net/book/2342.htm","title+author","三千世界的英雄王","壱日千次","MF文库J","已完结","2019-01-03","265K","校园 欢乐向 异能 战斗 后宫","http://img.wenku8.com/image/2/2342/2342s.jpg","在学园都市「三千世界」里，人们为集结全世界的异能者，并决定其中最强的格斗竞赛「暗…"
"https://raw.githubusercontent.com/ixinzhi/lightnovel-2018to2020/master/与你相伴直至腐朽未来 - 坊木椎哉 - 20181225.epub",2505,"https://www.wenku8.net/book/2505.htm","title+author","与你相伴直至腐朽未来","坊木椎哉","角川文库","已完结","2018-12-25","104K","青春 恋爱 黑暗","http://img.wenku8.com/image/2/2505/2505s.jpg","怀抱着各种隐情的人们聚集之处，是由被世界驱逐的人们所构筑起来的小镇──板切町。
…"
"https://raw.githubusercontent.com/ixinzhi/lightnovel-2018to2020/master/二重身恋人 - 唐边叶介 - 20181225.epub",2507,"https://www.wenku8.net/book/2507.htm","title+author","二重身恋人","唐边叶介","讲谈社","已完结","2018-12-25","101K","科幻 恋爱","http://img.wenku8.com/image/2/2507/2507s.jpg","——我的恋人是移植了已故恋人的记忆的克隆人。
  我把已故恋人的所有记忆移植到了…"
"https://raw.githubusercontent.com/ixinzhi/lightnovel-2018to2020/master/苍柩的青金石 - 朝野始 - 20181224.epub",1295,"https://www.wenku8.net/book/1295.htm","title+author","苍柩的青金石","朝野始","MF文库J","已完结","2018-12-24","516K","校园 奇幻 战斗 后宫 妹妹","http://img.wenku8.com/image/1/1295/1295s.jpg","我──过峰冬夜，某天突然多出几个女性室友，她们还是我的堂姐妹。和美少女姐妹同居听…"
"https://raw.githubusercontent.com/ixinzhi/lightnovel-2018to2020/master/钱进战国雄霸天下 - Y.A - 20181219.epub",2392,"https://www.wenku8.net/book/2392.htm","title+author","钱进战国雄霸天下","Y.A","MF文库J","连载中","2018-12-19","321K","穿越 科幻 冒险 经营","http://img.wenku8.com/image/2/2392/2392s.jpg","时值永禄三年，「足利」幕府时代末期。一艘太空船跨越时空到来。
此船名为「神奈川号…"
"https://raw.githubusercontent.com/ixinzhi/lightnovel-2018to2020/master/透过机器人与你相恋 - 山田悠介 - 20181219.epub",2503,"https://www.wenku8.net/book/2503.htm","title+author","透过机器人与你相恋","山田悠介","其他文库","已完结","2018-12-19","78K","科幻 恋爱 NTR 人外","http://img.wenku8.com/image/2/2503/2503s.jpg","有些界线，一旦跨过了，世界就此开始崩毁。
2060年，东京即将迎来第三次奥运。
在这…"
"https://raw.githubusercontent.com/ixinzhi/lightnovel-2018to2020/master/银弹的铳剑姬 - 村崎幸也 - 20181218.epub",1773,"https://www.wenku8.net/book/1773.htm","title+author","银弹的铳剑姬","村崎幸也","MF文库J","已完结","2018-12-18","317K","奇幻 校园 异能 战斗 后宫","http://img.wenku8.com/image/1/1773/1773s.jpg","「下官是露诺雅薇尔上尉！今日起转任到萤介大人家中９
以「普通最好」为信条的高中生…"
"https://raw.githubusercontent.com/ixinzhi/lightnovel-2018to2020/master/听见未知的记忆 - 石井飒良 - 20181211.epub",2498,"https://www.wenku8.net/book/2498.htm","title+author","听见未知的记忆","石井飒良","角川文库","已完结","2018-12-11","95K","恋爱","http://img.wenku8.com/image/2/2498/2498s.jpg","『有没有无法忘怀的声音？我们会替您将回忆与录音都听打出来。』
原为普通上班族的阳…"
"https://raw.githubusercontent.com/ixinzhi/lightnovel-2018to2020/master/幸会，食人鬼。 - 大泽めぐみ - 20181207.epub",2496,"https://www.wenku8.net/book/2496.htm","title+author","幸会，食人鬼。","大泽めぐみ","角川文库","已完结","2018-12-07","93K","魔法 百合 女性视角","http://img.wenku8.com/image/2/2496/2496s.jpg","「啊，你醒啦？」陌生的天花板，呛鼻的血腥味。
「你在这里干什么？」想不起来，这里…"
"https://raw.githubusercontent.com/ixinzhi/lightnovel-2018to2020/master/在世界终焉的花园 - 入间人间 - 20181205.epub",2492,"https://www.wenku8.net/book/2492.htm","title+author","在世界终焉的花园","入间人间","电击文库","已完结","2018-12-05","100K","科幻 恋爱 人外 百合 女性视角","http://img.wenku8.com/image/2/2492/2492s.jpg","遥远的未来，遥远的行星，迎来黄昏的世界。为了再利用遗迹的发掘物，我在工厂工作。很…"
"https://raw.githubusercontent.com/ixinzhi/lightnovel-2018to2020/master/天空之上的永恒约定 - こがらし轮音 - 20181205.epub",2491,"https://www.wenku8.net/book/2491.htm","title+author","天空之上的永恒约定","こがらし轮音","电击文库","已完结","2018-12-05","82K","青春 恋爱 女性视角","http://img.wenku8.com/image/2/2491/2491s.jpg","高二那年暑假，认为「将来的梦想」只是个愚蠢话题的美玲，在树林里的垃圾山旁，遇见一…"
"https://raw.githubusercontent.com/ixinzhi/lightnovel-2018to2020/master/把洗发精放在喜欢与讨厌之间 - 濑那和章 - 20181203.epub",2489,"https://www.wenku8.net/book/2489.htm","title+author","把洗发精放在喜欢与讨厌之间","濑那和章","电击文库","已完结","2018-12-03","73K","青春 恋爱 群像 女性视角","http://img.wenku8.com/image/2/2489/2489s.jpg","★生活于神户的三姊妹，她们各自的恋爱物语。
恋爱总是趁我们不注意时把心带走──七…"
"https://raw.githubusercontent.com/ixinzhi/lightnovel-2018to2020/master/让人想丢辞呈的魔法联盟 - 冰高悠 - 20181203.epub",2490,"https://www.wenku8.net/book/2490.htm","title+author","让人想丢辞呈的魔法联盟","冰高悠","富士见文库","已完结","2018-12-03","93K","欢乐向 魔法 青梅竹马 伪娘 女性视角","http://img.wenku8.com/image/2/2490/2490s.jpg","魔法联盟（Ars-magica）乃是遴选世界守护者的机关。被选上的少女们，今天也为了守护和…"
"https://raw.githubusercontent.com/ixinzhi/lightnovel-2018to2020/master/精灵、比基尼与机关枪！ - 神野奥那 - 20181130.epub",2484,"https://www.wenku8.net/book/2484.htm","title+author","精灵、比基尼与机关枪！","神野奥那","MF文库J","连载中","2018-11-30","95K","奇幻 战斗 后宫 青梅竹马 人外","http://img.wenku8.com/image/2/2484/2484s.jpg","★异世界×悬疑×后宫!?《玩伴猫耳娘》作者神野オキナ全新作品！
★天真无邪的精灵军…"
"https://raw.githubusercontent.com/ixinzhi/lightnovel-2018to2020/master/秋叶原地下城冒险奇谭 - 中野くみん - 20181119.epub",1808,"https://www.wenku8.net/book/1808.htm","title+author","秋叶原地下城冒险奇谭","中野くみん","其他文库","已完结","2018-11-19","312K","奇幻 魔法 冒险 战斗","http://img.wenku8.com/image/1/1808/1808s.jpg","秋叶原地城——这是突然出现在无线电会馆遗址的新地城。
地城内部是个充满玛娜、无法…"
"https://raw.githubusercontent.com/ixinzhi/lightnovel-2018to2020/master/横滨地下城 - 瀬尾つかさ - 20181119.epub",1995,"https://www.wenku8.net/book/1995.htm","title+author","横滨地下城","瀬尾つかさ","角川文库","连载中","2018-11-19","88K","穿越 魔法 战斗 后宫 妹妹","http://img.wenku8.com/image/1/1995/1995s.jpg","前世为贤者的少年，与少女们探索地下城！
在世界各地出现地下城的世界——高中生少年响…"
"https://raw.githubusercontent.com/ixinzhi/lightnovel-2018to2020/master/新妹魔王的契约者 - 上栖缀人 - 20181115.epub",1309,"https://www.wenku8.net/book/1309.htm","title+author","新妹魔王的契约者","上栖缀人","角川文库","已完结/ 已动画化","2018-11-15","1267K","校园 奇幻 战斗 后宫 妹妹 青梅竹马","http://img.wenku8.com/image/1/1309/1309s.jpg","★轻小说★文库★声明：因某些原因，本书不再提供小说插图。
「你曾说过想要妹妹对吧…"
"https://raw.githubusercontent.com/ixinzhi/lightnovel-2018to2020/master/大正空想魔法夜话 坠落少女异种灭绝 - 岬鹭宫 - 20181110.epub",2038,"https://www.wenku8.net/book/2038.htm","title+author","大正空想魔法夜话 坠落少女异种灭绝","岬鹭宫","电击文库","已完结","2018-11-10","77K","奇幻 悬疑 犯罪 猎奇 战斗","http://img.wenku8.com/image/2/2038/2038s.jpg","【号外】「坠落少女」大战活人偶。
 ——昨天深夜，「活人偶」于上野再度出现攻击帝都…"
"https://raw.githubusercontent.com/ixinzhi/lightnovel-2018to2020/master/黑崎麻由眼中的美丽世界 - 久远侑 - 20181106.epub",1844,"https://www.wenku8.net/book/1844.htm","title+author","黑崎麻由眼中的美丽世界","久远侑","Fami通文库","已完结","2018-11-06","210K","校园 青春 恋爱","http://img.wenku8.com/image/1/1844/1844s.jpg","──这个人真的活著吗？
高中入学的那一天，她那异于常人的成熟感便深深印在我的脑中。…"
"https://raw.githubusercontent.com/ixinzhi/lightnovel-2018to2020/master/世界什么的怎样都好─Qualidea Code─ - 渡航 - 20181106.epub",2295,"https://www.wenku8.net/book/2295.htm","title+author","世界什么的怎样都好─Qualidea Code─","渡航","小学馆","连载中","2018-11-06","155K","科幻 战斗 妹妹","http://img.wenku8.com/image/2/2295/2295s.jpg","全人类的敌人──竟然是「工作」！？
在底细成谜的敌人──「UNKNOWN」袭击下崩坏的近…"
"https://raw.githubusercontent.com/ixinzhi/lightnovel-2018to2020/master/那样的世界毁掉算了─Qualidea Code─ - 相乐总 - 20181106.epub",2130,"https://www.wenku8.net/book/2130.htm","title+author","那样的世界毁掉算了─Qualidea Code─","相乐总","MF文库J","连载中","2018-11-06","142K","科幻 战斗 青梅竹马","http://img.wenku8.com/image/2/2130/2130s.jpg","努力的人类，持续战斗的人类，不放弃的人类，是我最喜欢的。
正因如此，我实在不明白…"
"https://raw.githubusercontent.com/ixinzhi/lightnovel-2018to2020/master/爱上卡夫卡女孩 - 森晶麿 - 20181105.epub",2475,"https://www.wenku8.net/book/2475.htm","title+author","爱上卡夫卡女孩","森晶麿","少女文库","已完结","2018-11-05","91K","校园 悬疑 青春 恋爱","http://img.wenku8.com/image/2/2475/2475s.jpg","深海枫出于挑战心态，写了情书给一个月内拒绝十二位班上男生的架能风香，结果遭到她狠…"
"https://raw.githubusercontent.com/ixinzhi/lightnovel-2018to2020/master/瓦尔哈拉的晚餐(瓦尔哈拉的晚饭) - 三镜一敏 - 20181102.epub",2095,"https://www.wenku8.net/book/2095.htm","title+author","瓦尔哈拉的晚餐(瓦尔哈拉的晚饭)","三镜一敏","电击文库","已完结","2018-11-02","589K","悬疑 战斗 欢乐向 美食 后宫","http://img.wenku8.com/image/2/2095/2095s.jpg","每到晚餐时间，神界的厨房「瓦尔哈拉厨房」总是非常忙碌！ 
我，会说话的山猪赛伊，受…"
"https://raw.githubusercontent.com/ixinzhi/lightnovel-2018to2020/master/一击绝顶除灵 - 赤城大空 - 20181030.epub",2398,"https://www.wenku8.net/book/2398.htm","title+author","一击绝顶除灵","赤城大空","小学馆","连载中","2018-10-30","201K","奇幻 战斗 欢乐向 后宫 妹妹 青梅竹马","http://img.wenku8.com/image/2/2398/2398s.jpg","除灵失神？就要堕落到C级的B级除灵！
————绝顶除灵。
这是不问生者死者让袭击而…"
"https://raw.githubusercontent.com/ixinzhi/lightnovel-2018to2020/master/圣树之国的禁咒使 - 筱崎芳 - 20181030.epub",1964,"https://www.wenku8.net/book/1964.htm","title+author","圣树之国的禁咒使","筱崎芳","其他文库","连载中","2018-10-30","1071K","穿越 校园 战斗 龙傲天 后宫","http://img.wenku8.com/image/1/1964/1964s.jpg","某日，相乐黑彦被一片炫目的白光笼罩，接着失去意识。醒来后，他已身在一个以神圣大树…"
"https://raw.githubusercontent.com/ixinzhi/lightnovel-2018to2020/master/为这个世界献上i - 佐野彻夜 - 20181029.epub",2474,"https://www.wenku8.net/book/2474.htm","title+author","为这个世界献上i","佐野彻夜","电击文库","已完结","2018-10-29","69K","科幻 青春 恋爱","http://img.wenku8.com/image/2/2474/2474s.jpg","献给所有深爱小说的人，最深刻动人的作品。
某天，觉得活著很痛苦、过著无趣高中生活…"
"https://raw.githubusercontent.com/ixinzhi/lightnovel-2018to2020/master/※疼爱妹妹是编辑的第一要务。 - 弥生志郎 - 20181028.epub",2473,"https://www.wenku8.net/book/2473.htm","title+author","※疼爱妹妹是编辑的第一要务。","弥生志郎","MF文库J","连载中","2018-10-28","120K","欢乐向 职场 妹妹","http://img.wenku8.com/image/2/2473/2473s.jpg","★轻小说责编哥哥×轻小说作家妹妹
★妹控必读！笑中带泪、感动人心的热血创作爱情喜…"
"https://raw.githubusercontent.com/ixinzhi/lightnovel-2018to2020/master/境域的伟大秘法(境域的Ars Magna) - 绘户太郎 - 20181025.epub",2302,"https://www.wenku8.net/book/2302.htm","title+author","境域的伟大秘法(境域的Ars Magna)","绘户太郎","MF文库J","已完结","2018-10-25","388K","穿越 奇幻 战斗 后宫 人外","http://img.wenku8.com/image/2/2302/2302s.jpg","鬼柳怜生，享年十七岁。
他的一生因保护双胞胎侄女而悲惨落幕……原本应该是如此。
…"
"https://raw.githubusercontent.com/ixinzhi/lightnovel-2018to2020/master/6天6人6把枪 CROCRO-CLOCK - 入间人间 - 20181012.epub",1763,"https://www.wenku8.net/book/1763.htm","title+author","6天6人6把枪 CROCRO-CLOCK","入间人间","电击文库","已完结","2018-10-12","260K","群像 悬疑","http://img.wenku8.com/image/1/1763/1763s.jpg","①黑田雪路——二十出头的青年。杀手。持有手枪。受了委托，正企图暗杀女性陶艺家。
…"
"https://raw.githubusercontent.com/ixinzhi/lightnovel-2018to2020/master/武艺精研百余年 转世成精灵重拾武者修行 - 赤石赫々 - 20181007.epub",1798,"https://www.wenku8.net/book/1798.htm","title+author","武艺精研百余年 转世成精灵重拾武者修行","赤石赫々","富士见文库","已完结","2018-10-07","888K","穿越 战斗 冒险 后宫 人外","http://img.wenku8.com/image/1/1798/1798s.jpg","武术家斯拉瓦活了百余年，在辞世前始终未能以最强的名号称霸天下，然而，他的习武之道…"
"https://raw.githubusercontent.com/ixinzhi/lightnovel-2018to2020/master/无法成为神明的少女 - 入间人间 - 20181004.epub",2464,"https://www.wenku8.net/book/2464.htm","title+author","无法成为神明的少女","入间人间","电击文库","已完结","2018-10-04","97K","科幻 冒险 旅行 百合 女性视角","http://img.wenku8.com/image/2/2464/2464s.jpg","热爱大海的我，遭到崇尚大地的族人排挤，甚至被选为祭海的活祭品。
沉入海底后，我奋…"
"https://raw.githubusercontent.com/ixinzhi/lightnovel-2018to2020/master/霸剑皇姬阿尔缇娜(霸剑的皇姬阿尔缇娜) - 村崎幸也 - 20181004.epub",1449,"https://www.wenku8.net/book/1449.htm","title+author","霸剑皇姬阿尔缇娜(霸剑的皇姬阿尔缇娜)","村崎幸也","Fami通文库","连载中","2018-10-04","1194K","战争 斗智 恋爱","http://img.wenku8.com/image/1/1449/1449s.jpg","「我相信你……所以成为我的人吧９
雷吉斯是个既不擅长剑术也不会射箭、只知道读书的…"
"https://raw.githubusercontent.com/ixinzhi/lightnovel-2018to2020/master/世界之敌 - 细音启 - 20180926.epub",2456,"https://www.wenku8.net/book/2456.htm","title+author","世界之敌","细音启","角川文库","已完结","2018-09-26","195K","奇幻 战斗 人外","http://img.wenku8.com/image/2/2456/2456s.jpg","这是一个吸血鬼、尸鬼、魔兽等强大的怪物横行于世的时代。
人类不断与被称为世界之敌…"
"https://raw.githubusercontent.com/ixinzhi/lightnovel-2018to2020/master/空之境界 - 奈须蘑菇 - 20180925.epub",112,"https://www.wenku8.net/book/112.htm","title+author","空之境界","奈须蘑菇","讲谈社","已完结/ 已动画化","2018-09-25","536K","奇幻 魔法 战斗 冒险 恋爱","http://img.wenku8.com/image/0/112/112s.jpg","时间是三月底。在那个下雪的夜晚，我遇见了她。
从为期两年的昏睡中醒来，两仪式以失…"
"https://raw.githubusercontent.com/ixinzhi/lightnovel-2018to2020/master/对魔导学园35试验小队 - 柳实冬贵 - 20180925.epub",1555,"https://www.wenku8.net/book/1555.htm","title+author","对魔导学园35试验小队","柳实冬贵","富士见文库","已完结/ 已动画化","2018-09-25","1589K","校园 奇幻 战斗 后宫 妹妹","http://img.wenku8.com/image/1/1555/1555s.jpg","在一个身怀魔力的人类濒临灭绝的世界──武力的颠峰地位由刀剑换成魔法，再变为枪械。…"
"https://raw.githubusercontent.com/ixinzhi/lightnovel-2018to2020/master/当蠢蛋FPS玩家误闯异世界之时 - 地雷原 - 20180923.epub",2270,"https://www.wenku8.net/book/2270.htm","title+author","当蠢蛋FPS玩家误闯异世界之时","地雷原","富士见文库","连载中","2018-09-23","348K","穿越 战斗 冒险 后宫 人外","http://img.wenku8.com/image/2/2270/2270s.jpg","有一名男子极度喜爱FPS。
技术高超到足以参加世界大赛的这个男人——
修巴尔兹，在游…"
"https://raw.githubusercontent.com/ixinzhi/lightnovel-2018to2020/master/饲养温柔死神的方法 - 知念实希人 - 20180917.epub",2461,"https://www.wenku8.net/book/2461.htm","title+author","饲养温柔死神的方法","知念实希人","其他文库","已完结","2018-09-17","167K","奇幻 悬疑 人外","http://img.wenku8.com/image/2/2461/2461s.jpg","我是一只爱吃泡芙的黄金猎犬，疗愈人们受伤的心灵！也是努力工作的死神，带走不再怀…"
"https://raw.githubusercontent.com/ixinzhi/lightnovel-2018to2020/master/黑之夜刀神 - 手岛史词 - 20180917.epub",1559,"https://www.wenku8.net/book/1559.htm","title+author","黑之夜刀神","手岛史词","富士见文库","连载中","2018-09-17","203K","校园 奇幻 战斗 后宫 青梅竹马","http://img.wenku8.com/image/1/1559/1559s.jpg","「白毁，又有工作上门啦？
可是我记得你的出席天数不是岌岌可危吗？」
就读史东利柏…"
"https://raw.githubusercontent.com/ixinzhi/lightnovel-2018to2020/master/千年战争aigis 白之帝国篇 - 村崎幸也 - 20180915.epub",2460,"https://www.wenku8.net/book/2460.htm","title+author","千年战争aigis 白之帝国篇","村崎幸也","Fami通文库","连载中","2018-09-15","61K","奇幻 战争","http://img.wenku8.com/image/2/2460/2460s.jpg","被誉为最强的男人即位为皇帝。
“我要支配世界和魔界!”标榜武力统治的帝国，虽有摩擦…"
"https://raw.githubusercontent.com/ixinzhi/lightnovel-2018to2020/master/阳台的幸福滋味 - 竹冈叶月 - 20180915.epub",2459,"https://www.wenku8.net/book/2459.htm","title+author","阳台的幸福滋味","竹冈叶月","少女文库","连载中","2018-09-15","325K","青春 恋爱 女性视角","http://img.wenku8.com/image/2/2459/2459s.jpg","趁升学而开始独居生活的大学女生栗坂真守，一直都很憧憬隔壁那位非常适合穿西装的帅哥…"
"https://raw.githubusercontent.com/ixinzhi/lightnovel-2018to2020/master/非宅女友对我的H游戏感到兴致勃勃…… - 滝沢慧 - 20180915.epub",2257,"https://www.wenku8.net/book/2257.htm","title_only","非宅女友对我的H游戏感到兴致勃勃……","泷泽慧","富士见文库","连载中","2020-06-30","319K","校园 欢乐向 青春 后宫","http://img.wenku8.com/image/2/2257/2257s.jpg","考试全科满分，谨守校规的资优生。当然也不知道什么成人游戏的非宅美少女&#12539;水崎萌…"
"https://raw.githubusercontent.com/ixinzhi/lightnovel-2018to2020/master/与折原临也一起系列 - 成田良悟 - 20180914.epub",2457,"https://www.wenku8.net/book/2457.htm","title+author","与折原临也一起系列","成田良悟","电击文库","","","","悬疑 犯罪","http://img.wenku8.com/image/2/2457/2457s.jpg","「真是的，观察人类还挺累的呢。」
有个男人夸口著自己是个情报商人。但是，先别谈他…"
"https://raw.githubusercontent.com/ixinzhi/lightnovel-2018to2020/master/电气马戏团 - 唐边叶介 - 20180910.epub",2455,"https://www.wenku8.net/book/2455.htm","title+author","电气马戏团","唐边叶介","角川文库","已完结","2018-09-10","239K","青春 黑暗 群像","http://img.wenku8.com/image/2/2455/2455s.jpg","在网络黎明期的时代背景下，作者以主人公“水屋口悟”的视角，讲述了在新兴网络文化的…"
"https://raw.githubusercontent.com/ixinzhi/lightnovel-2018to2020/master/当时的某人 - 东野圭吾 - 20180909.epub",2454,"https://www.wenku8.net/book/2454.htm","title+author","当时的某人","东野圭吾","其他文库","已完结","2018-09-09","89K","悬疑 犯罪","http://img.wenku8.com/image/2/2454/2454s.jpg","最美好的年代，往往会留下最深的阴影。
你是否遗忘了生命中的「某人」？
津田弥生，…"
"https://raw.githubusercontent.com/ixinzhi/lightnovel-2018to2020/master/与你相约在未来的七月雪 - 五十岚雄策 - 20180908.epub",2453,"https://www.wenku8.net/book/2453.htm","title+author","与你相约在未来的七月雪","五十岚雄策","电击文库","已完结","2018-09-08","56K","青春 恋爱","http://img.wenku8.com/image/2/2453/2453s.jpg","我和她因为「愿望」的奇迹而再度相逢——
留下「愿望」的她和找寻「愿望」的我，两人…"
"https://raw.githubusercontent.com/ixinzhi/lightnovel-2018to2020/master/不付房租的魔王 - 伊藤ヒロ - 20180904.epub",1261,"https://www.wenku8.net/book/1261.htm","title+author","不付房租的魔王","伊藤ヒロ","小学馆","连载中","2018-09-04","362K","校园 奇幻 欢乐向 后宫 青梅竹马","http://img.wenku8.com/image/1/1261/1261s.jpg","「魔王，给我出来！今天就是你还债的时候９我咚咚地敲着门——。率领着十万多匹魔物，…"
"https://raw.githubusercontent.com/ixinzhi/lightnovel-2018to2020/master/世界尽头的圣骑士 - 柳野かなた - 20180902.epub",2215,"https://www.wenku8.net/book/2215.htm","title+author","世界尽头的圣骑士","柳野かなた","其他文库","连载中/ 已动画化","2018-09-02","616K","穿越 奇幻 冒险 魔法 战斗","http://img.wenku8.com/image/2/2215/2215s.jpg","过去被毁灭的死者之街──
在这样一处冷僻的土地，有一名叫威尔的活人小孩。
养育这…"
"https://raw.githubusercontent.com/ixinzhi/lightnovel-2018to2020/master/另一份生命 - 入间人间 - 20180901.epub",2420,"https://www.wenku8.net/book/2420.htm","title+author","另一段生命(另一份生命)","入间人间","电击文库","已完结","2019-08-21","194K","奇幻 青春 群像","http://img.wenku8.com/image/2/2420/2420s.jpg","当时的我们，仍为世上许多高耸的事物包围，被压得喘不过气。虽然看似自由奔放，实际回…"
"https://raw.githubusercontent.com/ixinzhi/lightnovel-2018to2020/master/fate apocrypha - 东出佑一郎 - 20180830.epub",1383,"https://www.wenku8.net/book/1383.htm","title+author","Fate Apocrypha","东出佑一郎","其他文库","已完结/ 已动画化","2020-07-11","817K","奇幻 魔法 战争 大逃杀 恋爱","http://img.wenku8.com/image/1/1383/1383s.jpg","曾经，在名为冬木的城市，七组魔术师与英灵展开了圣杯战争。但是，趁着第二次世界大战…"
"https://raw.githubusercontent.com/ixinzhi/lightnovel-2018to2020/master/Cheers!爱的鼓励 - 赤松中学 - 20180829.epub",2438,"https://www.wenku8.net/book/2438.htm","title+author","Cheers!爱的鼓励","赤松中学","MF文库J","连载中","2018-08-29","124K","校园 欢乐向 青春 百合 女性视角","http://img.wenku8.com/image/2/2438/2438s.jpg","汗水与泪水的青春轨迹──发光吧，奋战的少女们！
──我还以为啦啦队只是一种很吵闹…"
"https://raw.githubusercontent.com/ixinzhi/lightnovel-2018to2020/master/转生鬼神浪漫谭 - 蓝藤游 - 20180824.epub",2169,"https://www.wenku8.net/book/2169.htm","title+author","转生鬼神浪漫谭","蓝藤游","角川文库","已完结","2018-08-24","409K","穿越 战斗 欢乐向 后宫","http://img.wenku8.com/image/2/2169/2169s.jpg","一名大学生再度清醒时发现自己已经转生到RPG世界中。尽管能来到自己最爱的游戏世界一事…"
"https://raw.githubusercontent.com/ixinzhi/lightnovel-2018to2020/master/关于人类是最强种族这件事 - 柑橘ゆすら - 20180811.epub",2284,"https://www.wenku8.net/book/2284.htm","title+author","关于人类是最强种族这件事","柑橘ゆすら","集英社","已完结","2018-08-11","196K","穿越 魔法 战斗 后宫 人外","http://img.wenku8.com/image/2/2284/2284s.jpg","最强的条件是身为人类这件事！
某天，我突然被召唤到剑与魔法的世界《艾特尔菲亚》。…"
"https://raw.githubusercontent.com/ixinzhi/lightnovel-2018to2020/master/最新的游戏太酷炫了吧 - 浮世草子 - 20180806.epub",1841,"https://www.wenku8.net/book/1841.htm","title+author","最新的游戏太酷炫了吧","浮世草子","其他文库","已完结","2018-08-06","630K","魔法 战斗 冒险 后宫","http://img.wenku8.com/image/1/1841/1841s.jpg","有个没有朋友的高中生，为了跟上同学之间的话题，跑去参加世界第一个VRMMORPG「Anothe…"
"https://raw.githubusercontent.com/ixinzhi/lightnovel-2018to2020/master/silentworld - ごぉ - 20180806.epub",2444,"https://www.wenku8.net/book/2444.htm","title_only","silentworld","ごぉ","电击文库","已完结","2018-08-06","101K","科幻 异能 校园 欢乐向","http://img.wenku8.com/image/2/2444/2444s.jpg","随处可见的普通高中生羽鸟健人。
他有一个秘密。
——自由操纵时间流逝的能力——
…"
"https://raw.githubusercontent.com/ixinzhi/lightnovel-2018to2020/master/AI恋爱模拟游戏 - 土桥真二郎 - 20180802.epub",2442,"https://www.wenku8.net/book/2442.htm","title+author","AI恋爱模拟游戏","土桥真二郎","电击文库","已完结","2018-08-02","92K","科幻 悬疑 恋爱 人外","http://img.wenku8.com/image/2/2442/2442s.jpg","成功率百分之百的恋爱是存在的──
因失恋而一蹶不振的大学生&#8231;秋山明，接受由AI…"
"https://raw.githubusercontent.com/ixinzhi/lightnovel-2018to2020/master/妖怪公主渴望爱 - 岸根红华 - 20180802.epub",2359,"https://www.wenku8.net/book/2359.htm","title+author","妖怪公主渴望爱","岸根红华","其他文库","连载中","2018-08-02","171K","校园 欢乐向 恋爱 后宫 人外","http://img.wenku8.com/image/2/2359/2359s.jpg","紫苑学园是一所以人类与妖怪共存为目标的「共学」学校。在这所聚集了双方菁英的学校里…"
"https://raw.githubusercontent.com/ixinzhi/lightnovel-2018to2020/master/RISING RYDEEN异能对决 - 初美阳一 - 20180801.epub",1339,"https://www.wenku8.net/book/1339.htm","title+author","RISING RYDEEN异能对决","初美阳一","富士见文库","已完结","2018-08-01","902K","校园 异能 战斗 后宫 青梅竹马","http://img.wenku8.com/image/1/1339/1339s.jpg","「呼……让你见识见识，风啊！怒吼吧９
「──然后呢？这就是你的异能吗……？」
下…"
"https://raw.githubusercontent.com/ixinzhi/lightnovel-2018to2020/master/希望庄 - 宫部美雪 - 20180801.epub",2440,"https://www.wenku8.net/book/2440.htm","title+author","希望庄","宫部美雪","其他文库","已完结","2018-08-01","168K","悬疑","http://img.wenku8.com/image/2/2440/2440s.jpg","要经过多少次劫难的洗礼，人生才能不留下绝望？
原本是童书编辑的杉村三郎，因邂逅财…"
"https://raw.githubusercontent.com/ixinzhi/lightnovel-2018to2020/master/月神与兔女的绯色记事 - 徒野けんしん - 20180730.epub",2439,"https://www.wenku8.net/book/2439.htm","title+author","月神与兔女的绯色记事","徒野けんしん","GA文库","连载中","2018-07-30","92K","奇幻 战斗 后宫 青梅竹马 人外","http://img.wenku8.com/image/2/2439/2439s.jpg","「……朔，快点啦。」
稻羽白抓住朔的手往前跑。她是个顶著一头宛如透明绢丝的长发美…"
"https://raw.githubusercontent.com/ixinzhi/lightnovel-2018to2020/master/未来的未来 - 细田守 - 20180727.epub",2437,"https://www.wenku8.net/book/2437.htm","title+author","未来的未来","细田守","角川文库","","","","科幻 妹妹","http://img.wenku8.com/image/2/2437/2437s.jpg","这是跨越时空，我与家人的未来物语。
在都市的角落，某个有著小小庭院的家庭，爱撒娇…"
"https://raw.githubusercontent.com/ixinzhi/lightnovel-2018to2020/master/舞风的铠姬(风中起舞的铠甲姬) - 小山健 - 20180725.epub",1364,"https://www.wenku8.net/book/1364.htm","title+author","舞风的铠姬(风中起舞的铠甲姬)","小山健","MF文库J","已完结","2018-07-25","374K","校园 战斗 欢乐向 后宫 青梅竹马","http://img.wenku8.com/image/1/1364/1364s.jpg","我叫明智庆贵，是个健全的高中男生。在学长的邀请下，我侵入了全校住宿制的女校──志…"
"https://raw.githubusercontent.com/ixinzhi/lightnovel-2018to2020/master/魔装学园H×H - 久慈政宗 - 20180714.epub",1678,"https://www.wenku8.net/book/1678.htm","title+author","魔装学园H×H","久慈政宗","角川文库","已完结/ 已动画化","2018-07-14","1120K","校园 战斗 欢乐向 后宫","http://img.wenku8.com/image/1/1678/1678s.jpg","★轻小说★文库★声明：因某些原因，本书不再提供小说插图。
被姐姐叫到战略防御学园…"
"https://raw.githubusercontent.com/ixinzhi/lightnovel-2018to2020/master/不可恋爱游戏、被甩了仍旧倾心于你 - 七乌未奏 - 20180710.epub",2423,"https://www.wenku8.net/book/2423.htm","title+author","不可恋爱游戏、被甩了仍旧倾心于你","七乌未奏","MF文库J","连载中","2018-07-10","74K","奇幻 校园 恋爱 后宫 青梅竹马","http://img.wenku8.com/image/2/2423/2423s.jpg","某日，一封邮件送到了神代求无手中。那封邮件写着一年前失踪的初恋与自己之间的暗语，…"
"https://raw.githubusercontent.com/ixinzhi/lightnovel-2018to2020/master/无罪之红 - 渡井亘 - 20180707.epub",2399,"https://www.wenku8.net/book/2399.htm","title+author","无罪之红","渡井亘","讲谈社","连载中","2018-07-07","151K","穿越 异能 战斗 青梅竹马 人外","http://img.wenku8.com/image/2/2399/2399s.jpg","曾经有一个被称为『红之破坏神』的存在。
以把毁灭万物作为使命，拥有把一切事物抹灭…"
"https://raw.githubusercontent.com/ixinzhi/lightnovel-2018to2020/master/铳皇无尽的法夫纳 - 司 - 20180701.epub",1497,"https://www.wenku8.net/book/1497.htm","title+author","铳皇无尽的法夫纳","司","讲谈社","已完结/ 已动画化","2018-07-01","1481K","校园 异能 战斗 欢乐向 后宫 妹妹","http://img.wenku8.com/image/1/1497/1497s.jpg","因为总称为龙的怪物们突然出现，使得世界为之一变——终于在人类之中，诞生了拥有龙之…"
"https://raw.githubusercontent.com/ixinzhi/lightnovel-2018to2020/master/某一天，炸弹从天而降 - 古桥秀之 - 20180629.epub",291,"https://www.wenku8.net/book/291.htm","title+author","某一天，炸弹从天而降","古桥秀之","电击文库","已完结","2018-06-29","98K","科幻 青春 恋爱","http://img.wenku8.com/image/0/291/291s.jpg","「不是人，而是“炸弹”？」
「没错，是炸弹。而且还是最新型的唷~」
有一天，从天上…"
"https://raw.githubusercontent.com/ixinzhi/lightnovel-2018to2020/master/她与我的末日旅行 - ツカサ - 20180629.epub",2431,"https://www.wenku8.net/book/2431.htm","title_only","她与我的末日旅行","司","其他文库","已完结","2018-06-29","131K","科幻 末日 旅行 百合 女性视角","http://img.wenku8.com/image/2/2431/2431s.jpg","「这样的世界，不如赶快毁灭吧。」
凶恶残暴的继父，逆来顺受的母亲，在各种不幸当中…"
"https://raw.githubusercontent.com/ixinzhi/lightnovel-2018to2020/master/我的小规模自杀 - 入间人间 - 20180628.epub",2421,"https://www.wenku8.net/book/2421.htm","title+author","我的小规模自杀","入间人间","电击文库","已完结","2018-06-28","89K","科幻 青春 恋爱","http://img.wenku8.com/image/2/2421/2421s.jpg","自称是未来使者的鸡，在我的餐桌上预言了她的命运。
她将死去，为了拯救全人类……
…"
"https://raw.githubusercontent.com/ixinzhi/lightnovel-2018to2020/master/OBSTACLE Series 激战的魔女之夜 - 川上稔 - 20180628.epub",2138,"https://www.wenku8.net/book/2138.htm","title+author","OBSTACLE Series 激战的魔女之夜","川上稔","电击文库","已完结","2018-06-28","416K","奇幻 魔法 战斗 百合 女性视角","http://img.wenku8.com/image/2/2138/2138s.jpg","这里是「黑魔女」掌控的地球。人类虽成功将企图毁灭世界的魔女封印到月球，但是她的力…"
"https://raw.githubusercontent.com/ixinzhi/lightnovel-2018to2020/master/神的垃圾桶 - 入间人间 - 20180623.epub",2223,"https://www.wenku8.net/book/2223.htm","title+author","神的垃圾桶","入间人间","电击文库","已完结","2018-06-23","119K","奇幻 青春 恋爱","http://img.wenku8.com/image/2/2223/2223s.jpg","垃圾桶里自动出现垃圾的那一天起，我与「她」的互动就此展开——
在学校附近租屋生活…"
"https://raw.githubusercontent.com/ixinzhi/lightnovel-2018to2020/master/Moment - 本多孝好 - 20180623.epub",2430,"https://www.wenku8.net/book/2430.htm","title+author","Moment","本多孝好","集英社","已完结","2018-06-23","100K","青春 恋爱","http://img.wenku8.com/image/2/2430/2430s.jpg","某家医院里，有一则诡异的传闻：如果遇见半夜现身病房的“必杀天使”，人生最后一刻的…"
"https://raw.githubusercontent.com/ixinzhi/lightnovel-2018to2020/master/递回 - 米泽穗信 - 20180608.epub",2427,"https://www.wenku8.net/book/2427.htm","title+author","递回","米泽穗信","其他文库","已完结","2018-06-08","151K","校园 青春 悬疑 女性视角","http://img.wenku8.com/image/2/2427/2427s.jpg","*递回（recursive）：（形容词）回归性的。回归自身。在电脑程式语言，是指呼叫自己的…"
"https://raw.githubusercontent.com/ixinzhi/lightnovel-2018to2020/master/禁止出借！玉响妖怪图书馆 - 一石月下 - 20180607.epub",2426,"https://www.wenku8.net/book/2426.htm","title+author","禁止出借！玉响妖怪图书馆","一石月下","少女文库","已完结","2018-06-07","212K","奇幻 治愈 人外 女性视角","http://img.wenku8.com/image/2/2426/2426s.jpg","绿意盎然的公园深处里，悄然耸立着一座《玉响图书馆》。
千穗在馆内拿起了一本书后，…"
"https://raw.githubusercontent.com/ixinzhi/lightnovel-2018to2020/master/午睡公主～不为人知的故事～ - 神山健治 - 20180606.epub",2424,"https://www.wenku8.net/book/2424.htm","title+author","午睡公主～不为人知的故事～","神山健治","角川文库","","","","科幻 悬疑 战斗 青梅竹马 女性视角","http://img.wenku8.com/image/2/2424/2424s.jpg","与父亲相依为命的平凡女高中生森川心羽，唯一的过人之处就是「擅长午睡」。梦境中的她…"
"https://raw.githubusercontent.com/ixinzhi/lightnovel-2018to2020/master/满愿 - 米泽穗信 - 20180529.epub",2416,"https://www.wenku8.net/book/2416.htm","title+author","满愿","米泽穗信","其他文库","已完结","2018-05-29","126K","悬疑 犯罪 黑暗","http://img.wenku8.com/image/2/2416/2416s.jpg","债主追上门，平日温文尔雅的女主人将之杀害，她的真正动机是什么？胆小的交警、美丽聪…"
"https://raw.githubusercontent.com/ixinzhi/lightnovel-2018to2020/master/黑暗骑士不可脱 (不要脱人家的暗黑骑士啦) - 木村心一 - 20180527.epub",2046,"https://www.wenku8.net/book/2046.htm","title+author","黑暗骑士不可脱(不要脱人家的暗黑骑士啦)","木村心一","富士见文库","已完结","2018-05-27","377K","校园 欢乐向 战斗 恋爱 后宫","http://img.wenku8.com/image/2/2046/2046s.jpg","鞍马启治的学校来了个名叫艾尔林的黑暗骑士转学生。意识到时，她爱上了启治，而他也爱…"
"https://raw.githubusercontent.com/ixinzhi/lightnovel-2018to2020/master/不分昼夜，恶女相伴(日夜相伴，恶女在身边) - 鸟村居子 - 20180521.epub",1219,"https://www.wenku8.net/book/1219.htm","title+author","不分昼夜，恶女相伴(日夜相伴，恶女在身边)","鸟村居子","小学馆","已完结","2018-05-21","276K","校园 奇幻 青春 悬疑 后宫","http://img.wenku8.com/image/1/1219/1219s.jpg","「我才不要和你这种下等人交往呢！你这个脏东西９某一天，我突然被一位从未见过的女孩…"
"https://raw.githubusercontent.com/ixinzhi/lightnovel-2018to2020/master/便利店人间 - 村田沙耶香 - 20180520.epub",2412,"https://www.wenku8.net/book/2412.htm","title+author","便利店人间","村田沙耶香","其他文库","已完结","2018-05-20","50K","黑暗 女性视角","http://img.wenku8.com/image/2/2412/2412s.jpg","古仓惠子，三十六岁，至今未婚，大学毕业后没有就业，选择在便利店打工，一做就是十八…"
"https://raw.githubusercontent.com/ixinzhi/lightnovel-2018to2020/master/涡森今日子对宇宙不抱有期待 - 最果タヒ - 20180519.epub",2411,"https://www.wenku8.net/book/2411.htm","title_only","涡森今日子对宇宙不抱有期待","最果夕日","其他文库","已完结","2018-05-19","105K","科幻 青春 女性视角","http://img.wenku8.com/image/2/2411/2411s.jpg","我不想放弃，以自己的身份活下去的权利。
涡森今日子，17岁。女高中生，喜欢冰淇淋的…"
"https://raw.githubusercontent.com/ixinzhi/lightnovel-2018to2020/master/归宅战争 - 鬼火あられ - 20180514.epub",2406,"https://www.wenku8.net/book/2406.htm","title+author","归宅战争","鬼火あられ","富士见文库","连载中","2018-05-14","99K","校园 欢乐向 青春 恋爱 后宫","http://img.wenku8.com/image/2/2406/2406s.jpg","佐藤太郎，由于过去的事件而不再相信“青春”与“伙伴”。太郎所就读的高中竟然是以“…"
"https://raw.githubusercontent.com/ixinzhi/lightnovel-2018to2020/master/弹丸论破十神 - 佐藤友哉 - 20180513.epub",2316,"https://www.wenku8.net/book/2316.htm","title+author","弹丸论破十神","佐藤友哉","讲谈社","已完结","2018-05-13","276K","悬疑 犯罪 斗智 黑暗","http://img.wenku8.com/image/2/2316/2316s.jpg","“这是《世界征服宣言》。从现在开始的24小时之内，要么将我杀死，要么找出存在于这个…"
"https://raw.githubusercontent.com/ixinzhi/lightnovel-2018to2020/master/四月是你的谎言 六人的练习曲 - 时海结以 - 20180511.epub",2405,"https://www.wenku8.net/book/2405.htm","title+author","四月是你的谎言 六人的练习曲","时海结以","讲谈社","已完结/ 已动画化","2018-05-11","61K","校园 青春 恋爱 群像","http://img.wenku8.com/image/2/2405/2405s.jpg","四月是你的谎言官方小说，由6个短故事组成，分别从各人的角度讲述了和公生的故事像是原…"
"https://raw.githubusercontent.com/ixinzhi/lightnovel-2018to2020/master/没有英雄的世界要靠最终头目们 - 柳实冬贵 - 20180510.epub",2345,"https://www.wenku8.net/book/2345.htm","title+author","没有英雄的世界要靠最终头目们","柳实冬贵","MF文库J","连载中","2018-05-10","210K","穿越 奇幻 战斗 后宫","http://img.wenku8.com/image/2/2345/2345s.jpg","「由我来当这个世界的最终头目。」
被称为「异能之王」而受世人畏惧的最终头目&#8226;…"
"https://raw.githubusercontent.com/ixinzhi/lightnovel-2018to2020/master/机巧少女不会受伤 - 海冬零儿 - 20180509.epub",690,"https://www.wenku8.net/book/690.htm","title+author","机巧少女不会受伤","海冬零儿","MF文库J","","","","校园 奇幻 战斗 后宫 人外 妹妹","http://img.wenku8.com/image/0/690/690s.jpg","机巧魔术一一那是由内藏魔术回路的自动人偶与人偶使所使用的魔术。
在英国最高学府的…"
"https://raw.githubusercontent.com/ixinzhi/lightnovel-2018to2020/master/十二星座的魔女 ZODIAC WITCHES - 朱门优 - 20180509.epub",1935,"https://www.wenku8.net/book/1935.htm","title+author","十二星座的魔女 ZODIAC WITCHES","朱门优","富士见文库","已完结","2018-05-09","198K","校园 魔法 战斗 后宫","http://img.wenku8.com/image/1/1935/1935s.jpg","圣亚玛洁丝学园是存在于现实与幻想交界点的高中，被星座选中的魔女们皆就读于此。在新…"
"https://raw.githubusercontent.com/ixinzhi/lightnovel-2018to2020/master/我与她的漫画萌战记(我和她的漫画萌战记) - 村上凛 - 20180508.epub",1822,"https://www.wenku8.net/book/1822.htm","title+author","我与她的漫画萌战记(我和她的漫画萌战记)","村上凛","富士见文库","已完结","2018-05-08","543K","校园 职场 恋爱 后宫 青梅竹马","http://img.wenku8.com/image/1/1822/1822s.jpg","本人，君岛泉以出道成为职业的热血格斗漫画家为目标，为了磨练技术而成为职业漫画家生…"
"https://raw.githubusercontent.com/ixinzhi/lightnovel-2018to2020/master/钱为败者所有之物 - 玖城ナギ - 20180504.epub",2397,"https://www.wenku8.net/book/2397.htm","title+author","金钱在败者手中流转(钱为败者所有之物)","玖城ナギ","富士见文库","连载中","2021-01-06","250K","战斗 游戏 斗智 后宫","http://img.wenku8.com/image/2/2397/2397s.jpg","为了争夺视金额而定，连超自然现象都买得起的恶魔货币《魔石币》，高中生失井败斗埋首…"
"https://raw.githubusercontent.com/ixinzhi/lightnovel-2018to2020/master/不要叫我哥哥好不好！ - 桐山成人 - 20180426.epub",2240,"https://www.wenku8.net/book/2240.htm","title+author","不要叫我哥哥好不好！","桐山成人","Fami通文库","已完结","2018-04-26","167K","欢乐向 悬疑 恋爱 妹妹 黑暗","http://img.wenku8.com/image/2/2240/2240s.jpg","不要叫我哥哥好不好！
兄妹相爱是常识。
一醒来，发现身边有个漂亮得令人窒息的美少…"
"https://raw.githubusercontent.com/ixinzhi/lightnovel-2018to2020/master/汤之国的公主 - 樋口直哉 - 20180422.epub",2395,"https://www.wenku8.net/book/2395.htm","title+author","汤之国的公主","樋口直哉","小学馆","已完结","2018-04-22","133K","治愈 恋爱","http://img.wenku8.com/image/2/2395/2395s.jpg","有人介绍了一份奇妙的工作给原本是厨师的我。
对方提出破天荒的高价，让我每天晚上，…"
"https://raw.githubusercontent.com/ixinzhi/lightnovel-2018to2020/master/初恋 伤停补时 - 仁科裕贵 - 20180411.epub",2389,"https://www.wenku8.net/book/2389.htm","title+author","初恋 伤停补时","仁科裕贵","电击文库","已完结","2018-04-11","64K","科幻 青春 恋爱","http://img.wenku8.com/image/2/2389/2389s.jpg","我的「青春」似乎比别人稍微漫长，因为从某天开始，除了我之外，周围的时间全都停止了…"
"https://raw.githubusercontent.com/ixinzhi/lightnovel-2018to2020/master/三国破谭 - 波口まにま - 20180407.epub",2387,"https://www.wenku8.net/book/2387.htm","title+author","三国破谭","波口まにま","Fami通文库","连载中","2018-04-07","100K","穿越 冒险 战斗 后宫","http://img.wenku8.com/image/2/2387/2387s.jpg","与志向是家里蹲的废材刘备一起统一三国？！
喜欢三国志的中原天人突然被诸葛亮召唤而…"
"https://raw.githubusercontent.com/ixinzhi/lightnovel-2018to2020/master/武士狂躯 樱花杀阵 - 九冈望 - 20180403.epub",2385,"https://www.wenku8.net/book/2385.htm","title+author","武士狂躯 樱花杀阵","九冈望","电击文库","已完结","2018-04-03","108K","战斗","http://img.wenku8.com/image/2/2385/2385s.jpg","「刀剑」比起枪炮、战车更拥有强大力量的「另一个现代」——继承这股力量的少年少…"
"https://raw.githubusercontent.com/ixinzhi/lightnovel-2018to2020/master/AX杀手系列作 - 伊坂幸太郎 - 20180331.epub",2384,"https://www.wenku8.net/book/2384.htm","title+author","AX杀手系列作","伊坂幸太郎","角川文库","已完结","2018-03-31","120K","恋爱","http://img.wenku8.com/image/2/2384/2384s.jpg","继《蚱蜢》和《杀手界》之后，伊坂幸太郎史上最强娱乐小说<杀手系列作>！
最强的杀手是…"
"https://raw.githubusercontent.com/ixinzhi/lightnovel-2018to2020/master/迷途英雄的异世界召唤 - 河端ジュン一 - 20180331.epub",1976,"https://www.wenku8.net/book/1976.htm","title+author","迷途英雄的异世界召唤","河端ジュン一","富士见文库","已完结","2018-03-31","285K","奇幻 战斗 恋爱 后宫 青梅竹马","http://img.wenku8.com/image/1/1976/1976s.jpg","花形拓马是最强，而且因为最强所以孤独。孤独的他，心灵支柱是单恋中的少女，小樱，拓…"
"https://raw.githubusercontent.com/ixinzhi/lightnovel-2018to2020/master/不可以玩这种游戏！ - 岩波零 - 20180330.epub",1574,"https://www.wenku8.net/book/1574.htm","title+author","不可以玩这种游戏！","岩波零","MF文库J","已完结","2018-03-30","297K","校园 欢乐向 后宫 青梅竹马 妹妹","http://img.wenku8.com/image/1/1574/1574s.jpg","我叫星河时政，是天楼学园唯一的风纪委员。今天我也为了维护学园里的秩序而大显神威……"
"https://raw.githubusercontent.com/ixinzhi/lightnovel-2018to2020/master/北野坂侦探舍 - 河野裕 - 20180329.epub",2382,"https://www.wenku8.net/book/2382.htm","title+author","北野坂侦探舍","河野裕","角川文库","连载中","2018-03-29","93K","悬疑 奇幻","http://img.wenku8.com/image/2/2382/2382s.jpg","幽灵──有引发灵异现象的能力，而这项能力和他们的遗愿有关；当遗愿实现的时候，他们…"
"https://raw.githubusercontent.com/ixinzhi/lightnovel-2018to2020/master/见习神官LV1 - 佐佐原史绪 - 20180325.epub",1721,"https://www.wenku8.net/book/1721.htm","title+author","见习神官LV1","佐佐原史绪","Fami通文库","已完结","2018-03-25","522K","奇幻 战斗 恋爱 后宫","http://img.wenku8.com/image/1/1721/1721s.jpg","约书亚．帕雷格是神官养成机关「星绀之塔」的吊车尾学生，
但他身上隐藏了秘密。
他…"
"https://raw.githubusercontent.com/ixinzhi/lightnovel-2018to2020/master/Chaos；Child Children＇s revive - 梅原英司 - 20180315.epub",2379,"https://www.wenku8.net/book/2379.htm","title+author","Chaos；Child Children＇s revive","梅原英司","讲谈社","已完结","2018-03-15","101K","青春 群像 女性视角","http://img.wenku8.com/image/2/2379/2379s.jpg","2015年秋天。震惊东京涩谷的连环猎奇杀人事件“新一代的疯狂再来”，虽然以一名叫宫代…"
"https://raw.githubusercontent.com/ixinzhi/lightnovel-2018to2020/master/我在周末与龙冒险 - 星见圭 - 20180314.epub",1917,"https://www.wenku8.net/book/1917.htm","title+author","我在周末与龙冒险","星见圭","讲谈社","已完结","2018-03-14","198K","奇幻 校园 冒险 战斗","http://img.wenku8.com/image/1/1917/1917s.jpg","广濑一也是位高中生，当他一如往常地独自度过午休时，发现周围漂浮着一个神秘的黑色球…"
"https://raw.githubusercontent.com/ixinzhi/lightnovel-2018to2020/master/玉高社交舞社欢迎您 - 三萩せんや - 20180309.epub",2374,"https://www.wenku8.net/book/2374.htm","title_only","玉高社交舞社欢迎您","三萩千夜","角川文库","已完结","2020-03-10","89K","校园 竞技 青春 恋爱 后宫","http://img.wenku8.com/image/2/2374/2374s.jpg","遭受食物诱惑而被拐进「社交舞社」的雪也，在三名个性十足的女社员启蒙下，逐渐深陷社…"
"https://raw.githubusercontent.com/ixinzhi/lightnovel-2018to2020/master/拜托，再给我五分钟！ - 境京亮 - 20180228.epub",1612,"https://www.wenku8.net/book/1612.htm","title+author","拜托，再给我五分钟！","境京亮","MF文库J","已完结","2018-02-28","299K","校园 青春 恋爱 异能 后宫","http://img.wenku8.com/image/1/1612/1612s.jpg","「……因为我总算找到了。我的————枕头。」
我名叫内藤优一，在读书馆邂逅了神秘…"
"https://raw.githubusercontent.com/ixinzhi/lightnovel-2018to2020/master/邪神大沼 - 川岸殴鱼 - 20180227.epub",918,"https://www.wenku8.net/book/918.htm","title+author","邪神大沼","川岸殴鱼","小学馆","连载中","2018-02-27","501K","校园 奇幻 战斗 欢乐向 后宫 人外","http://img.wenku8.com/image/0/918/918s.jpg","咦──邪神是做什么的，能吃吗？
平凡的高中生大沼贵幸，明明认为自己不是邪神却得到…"
"https://raw.githubusercontent.com/ixinzhi/lightnovel-2018to2020/master/黄昏街不杀生的暗杀者 - 寺田海月 - 20180222.epub",2369,"https://www.wenku8.net/book/2369.htm","title+author","黄昏街不杀生的暗杀者","寺田海月","电击文库","已完结","2018-02-22","103K","悬疑","http://img.wenku8.com/image/2/2369/2369s.jpg","贵族大小姐·卡蜜莉亚为了向市民推广贵族文化「甜点」而亲自开店，成为街头巷尾的话题…"
"https://raw.githubusercontent.com/ixinzhi/lightnovel-2018to2020/master/虎鲸少女横扫异世界 - にゃお - 20180222.epub",2370,"https://www.wenku8.net/book/2370.htm","title_only","虎鲸少女横扫异世界","にゃお","角川文库","已完结","2018-02-22","87K","穿越 战斗 龙傲天 人外 女性视角","http://img.wenku8.com/image/2/2370/2370s.jpg","「你想想嘛，我不是十六岁就死了吗？
要得到幸福的未来，外表跟身体也是很重要的因素…"
"https://raw.githubusercontent.com/ixinzhi/lightnovel-2018to2020/master/弗雷姆王国兴亡记 - 疏陀阳 - 20180219.epub",2064,"https://www.wenku8.net/book/2064.htm","title+author","弗雷姆王国兴亡记","疏陀阳","其他文库","连载中","2018-02-19","784K","穿越 经营 后宫","http://img.wenku8.com/image/2/2064/2064s.jpg","一不注意就与上班途中买的咖啡一起，来到异世界旅游了。「嗯...我并不是勇者什么的...…"
"https://raw.githubusercontent.com/ixinzhi/lightnovel-2018to2020/master/壁橱中的地下城创造 - からて - 20180217.epub",2364,"https://www.wenku8.net/book/2364.htm","title_only","壁橱中的地下城创造","からて","MF文库J","已完结","2018-02-17","90K","奇幻 妹妹","http://img.wenku8.com/image/2/2364/2364s.jpg","身为高中生的我，椎名透在宿舍房间的壁橱内发现了一座地下城。当我走进这座像游戏般巨…"
"https://raw.githubusercontent.com/ixinzhi/lightnovel-2018to2020/master/就算只是虚情假御也没关系 - 渡边恒彦 - 20180205.epub",2344,"https://www.wenku8.net/book/2344.htm","title+author","就算只是虚情假御也没关系","渡边恒彦","其他文库","已完结","2018-02-05","173K","校园 欢乐向 青春 恋爱","http://img.wenku8.com/image/2/2344/2344s.jpg","一处位于关东地区的乡下城镇，为了满足一己之欲(游戏用电脑)，村上政树跨县进入私立岩…"
"https://raw.githubusercontent.com/ixinzhi/lightnovel-2018to2020/master/妹妹人生(妹与日) - 入间人间 - 20180205.epub",2163,"https://www.wenku8.net/book/2163.htm","title+author","妹妹人生(妹与日)","入间人间","电击文库","已完结","2018-02-05","193K","青春 恋爱 妹妹","http://img.wenku8.com/image/2/2163/2163s.jpg","暑假结束，妹妹哭着找我讨救兵。那是她六岁，我十岁时的事。
难得主动靠近的妹妹，手…"
"https://raw.githubusercontent.com/ixinzhi/lightnovel-2018to2020/master/莲见律子的推理交响乐 比翼的威尼斯船歌 - 杉井光 - 20180202.epub",2360,"https://www.wenku8.net/book/2360.htm","title+author","莲见律子的推理交响乐 比翼的威尼斯船歌","杉井光","讲谈社","已完结","2018-02-02","111K","悬疑 音乐","http://img.wenku8.com/image/2/2360/2360s.jpg","叶山理久央，留级大学生，靠写博客赚零钱过着闭门不出的生活。一天，他被人硬是带到天…"
"https://raw.githubusercontent.com/ixinzhi/lightnovel-2018to2020/master/不法辩护人 - 师走透 - 20180124.epub",2338,"https://www.wenku8.net/book/2338.htm","title+author","不法辩护人","师走透","角川文库","已完结","2018-01-24","321K","悬疑 斗智 黑暗","http://img.wenku8.com/image/2/2338/2338s.jpg","★在正义与法律的矛盾间挣扎的新手辩护律师，碰上有「恶魔辩护人」之称的老鸟律师，
…"
"https://raw.githubusercontent.com/ixinzhi/lightnovel-2018to2020/master/她是否一人独行？Does She Walk Alone？ - 森博嗣 - 20180123.epub",2357,"https://www.wenku8.net/book/2357.htm","title+author","她是否一人独行？Does She Walk Alone?","森博嗣","讲谈社","已完结","2018-01-23","103K","科幻 人外","http://img.wenku8.com/image/2/2357/2357s.jpg","walkalone，他们是由被称为「单独步行者」的人工细胞所制成的生命体。和人类近乎没有差…"
"https://raw.githubusercontent.com/ixinzhi/lightnovel-2018to2020/master/凶手就是你？ - 黑沼升 - 20180117.epub",2355,"https://www.wenku8.net/book/2355.htm","title+author","凶手就是你？","黑沼升","电击文库","已完结","2018-01-17","89K","悬疑 异能 欢乐向 后宫","http://img.wenku8.com/image/2/2355/2355s.jpg","干支川圭一是个眼神恶劣又不讨人喜欢，所以没朋友的超能力者。
冷淡的他散发著让人难…"
"https://raw.githubusercontent.com/ixinzhi/lightnovel-2018to2020/master/精灵所爱的异世界不良少年 - 黑井へいほ - 20180116.epub",2269,"https://www.wenku8.net/book/2269.htm","title+author","精灵所爱的异世界不良少年","黑井へいほ","其他文库","连载中","2018-01-16","202K","穿越 欢乐向 战斗 后宫","http://img.wenku8.com/image/2/2269/2269s.jpg","面孔凶恶的不良和精灵的温暖人心的异世界Fantasy！我是真内零。为了救下差点被卡车撞到…"
"https://raw.githubusercontent.com/ixinzhi/lightnovel-2018to2020/master/如果折断她的旗(如果她的旗帜被折断了) - 竹井10日 - 20180108.epub",1276,"https://www.wenku8.net/book/1276.htm","title+author","如果折断她的旗(如果她的旗帜被折断了)","竹井10日","讲谈社","已完结/ 已动画化","2018-01-08","1346K","校园 奇幻 欢乐向 后宫 青梅竹马 妹妹","http://img.wenku8.com/image/1/1276/1276s.jpg","恋爱旗标、友情旗标、胜利旗标及死亡旗标──「旗标（flag）」，那是人生歧路上重要的…"
"https://raw.githubusercontent.com/ixinzhi/lightnovel-2018to2020/master/逃离乐园岛(逃出乐园岛) - 土桥真二郎 - 20180101.epub",1301,"https://www.wenku8.net/book/1301.htm","title+author","逃离乐园岛(逃出乐园岛)","土桥真二郎","电击文库","已完结","2018-01-01","214K","悬疑 异能 战斗 斗智 游戏 黑暗","http://img.wenku8.com/image/1/1301/1301s.jpg","高中生活的最后一个暑假。男女加起来共一百名学生们聚集在无人岛上，以逃离无人岛为目…"
"https://raw.githubusercontent.com/ixinzhi/lightnovel-2014to2017/master/要听爸爸的话! - 松智洋 - 20171225.epub",884,"https://www.wenku8.net/book/884.htm","title+author","要听爸爸的话!","松智洋","集英社","已完结/ 已动画化","2017-12-25","2331K","校园 青春 恋爱 欢乐向 JC 女儿","http://img.wenku8.com/image/0/884/884s.jpg","大学新鲜人濑川佑太才刚展开新生活不久，便结识了新朋友与爱慕的对象，过着平凡的大学…"
"https://raw.githubusercontent.com/ixinzhi/lightnovel-2014to2017/master/我与你间的十五厘米 - 合作 - 20171225.epub",2349,"https://www.wenku8.net/book/2349.htm","title+author","你我之间的15公分(我与你间的十五厘米)","合作","Fami通文库","已完结","2017-12-25","150K","青春 恋爱","http://img.wenku8.com/image/2/2349/2349s.jpg","作者：井上坚二、绫里惠史、庵田定夏、石川博品、伊东京一、冈本タクヤ、くさなぎそう…"
"https://raw.githubusercontent.com/ixinzhi/lightnovel-2014to2017/master/唯一的心愿 - 入间人间 - 20171225.epub",2350,"https://www.wenku8.net/book/2350.htm","title+author","唯一的心愿","入间人间","电击文库","已完结","2017-12-25","89K","恋爱 悬疑 复仇 黑暗","http://img.wenku8.com/image/2/2350/2350s.jpg","与她相识是在仿佛还是昨日的学生时代。不需要付诸语言，我们也知道彼此的心意总是相通…"
"https://raw.githubusercontent.com/ixinzhi/lightnovel-2014to2017/master/妹妹X杀手X宅配便(全家！) - 九边健二 - 20171222.epub",895,"https://www.wenku8.net/book/895.htm","title+author","妹妹X杀手X宅配便(全家！)","九边健二","GA文库","已完结","2017-12-22","711K","校园 欢乐向 后宫 妹妹","http://img.wenku8.com/image/0/895/895s.jpg","我家来了个妹妹。
「Buon giorno（你好），哥哥。我的名字叫做莎布丽娜，从今天开始就…"
"https://raw.githubusercontent.com/ixinzhi/lightnovel-2014to2017/master/神话大战吉尔伽美什骑士 - 翅田大介 - 20171211.epub",2341,"https://www.wenku8.net/book/2341.htm","title+author","神话大战吉尔伽美什骑士","翅田大介","HJ文库","连载中","2017-12-11","108K","奇幻 异能 战斗 恋爱","http://img.wenku8.com/image/2/2341/2341s.jpg","被散落于全世界的神话碎片选中的『圣楔者』，拥有神话中英雄的力量，也有著要与将一切…"
"https://raw.githubusercontent.com/ixinzhi/lightnovel-2014to2017/master/光在地球之时……(光还在地球的时候……) - 野村美月 - 20171210.epub",1098,"https://www.wenku8.net/book/1098.htm","title+author","光在地球之时……(光还在地球的时候……)","野村美月","Fami通文库","","","","校园 悬疑 奇幻 恋爱 后宫","http://img.wenku8.com/image/1/1098/1098s.jpg","「我还有心愿未了。」风流的「校园皇子」光……的魂魄出现在是光面前，说了这句话。
开…"
"https://raw.githubusercontent.com/ixinzhi/lightnovel-2014to2017/master/冰冷的臭氧 - 唐边叶介 - 20171125.epub",2333,"https://www.wenku8.net/book/2333.htm","title+author","冰冷的臭氧","唐边叶介","富士见文库","已完结","2017-11-25","113K","科幻 青春 黑暗","http://img.wenku8.com/image/2/2333/2333s.jpg","那天，俣野修一在去的设施的白色房间里，遇见了一个少女。像天使一样白皙的皮肤和头发…"
"https://raw.githubusercontent.com/ixinzhi/lightnovel-2014to2017/master/Fine Days 昨日重现 - 本多孝好 - 20171115.epub",2329,"https://www.wenku8.net/book/2329.htm","title+author","Fine Days 昨日重现","本多孝好","其他文库","已完结","2017-11-15","119K","悬疑 恋爱","http://img.wenku8.com/image/2/2329/2329s.jpg","四段为人心带来暖意的恋情故事，四段人生阶段中面临的爱情抉择；
本多孝好特有的奇幻…"
"https://raw.githubusercontent.com/ixinzhi/lightnovel-2014to2017/master/绫辻行人馆系列 - 绫辻行人 - 20171112.epub",400,"https://www.wenku8.net/book/400.htm","title+author","绫辻行人馆系列","绫辻行人","其他文库","已完结","2017-11-12","1668K","悬疑 犯罪 黑暗","http://img.wenku8.com/image/0/400/400s.jpg","馆系列全集，新本格派推理小说代表作…"
"https://raw.githubusercontent.com/ixinzhi/lightnovel-2014to2017/master/掌心之恋与世界的王女们 - 岩田洋季 - 20171111.epub",2298,"https://www.wenku8.net/book/2298.htm","title+author","掌心之恋与世界的王女们","岩田洋季","电击文库","连载中","2017-11-11","211K","校园 欢乐向 青春 恋爱 后宫","http://img.wenku8.com/image/2/2298/2298s.jpg","比起世界的霸权，现在，我更想握住你的心——
王女与平民少年的新感官风学园恋爱喜剧…"
"https://raw.githubusercontent.com/ixinzhi/lightnovel-2014to2017/master/Alone Together - 本多孝好 - 20171107.epub",2326,"https://www.wenku8.net/book/2326.htm","title+author","Alone Together","本多孝好","其他文库","已完结","2017-11-07","101K","黑暗","http://img.wenku8.com/image/2/2326/2326s.jpg","如果你拥有一种力量，唤醒的不是爱，而是恐惧；得到的不是救赎，而是地狱……你怎么办…"
"https://raw.githubusercontent.com/ixinzhi/lightnovel-2014to2017/master/七日间的幽灵，第八日的女友 - 五十岚雄策 - 20171107.epub",2325,"https://www.wenku8.net/book/2325.htm","title+author","七日间的幽灵，第八日的女友","五十岚雄策","电击文库","已完结","2017-11-07","66K","青春 恋爱","http://img.wenku8.com/image/2/2325/2325s.jpg","――他不晓得我是谁。
为了要寻回两人曾经一同仰望的那片星空，
今年夏天，我又再度…"
"https://raw.githubusercontent.com/ixinzhi/lightnovel-2014to2017/master/看不见的她所追寻的事物 - 雾友正规 - 20171101.epub",2320,"https://www.wenku8.net/book/2320.htm","title+author","看不见的她所追寻的事物","雾友正规","富士见文库","已完结","2017-11-01","91K","奇幻 青春 恋爱 人外","http://img.wenku8.com/image/2/2320/2320s.jpg","★看不见幽灵的男孩VS失去记忆的幽灵少女
不可思议又有些哀伤的灵异系爱情故事
西元…"
"https://raw.githubusercontent.com/ixinzhi/lightnovel-2014to2017/master/勇者的师傅大人 - 三丘洋 - 20171022.epub",1998,"https://www.wenku8.net/book/1998.htm","title+author","勇者的师傅大人","三丘洋","Fami通文库","已完结","2017-10-22","877K","奇幻 魔法 恋爱 后宫 青梅竹马","http://img.wenku8.com/image/1/1998/1998s.jpg","即使欠缺魔法才能，仍以骑士为目标，
每天勤奋锻炼的「万年骑士候补生」少年维恩。
…"
"https://raw.githubusercontent.com/ixinzhi/lightnovel-2014to2017/master/幸福两家同居计划 妖精的故事 - 五十岚雄策 - 20171013.epub",2313,"https://www.wenku8.net/book/2313.htm","title+author","幸福两家同居计划 妖精的故事","五十岚雄策","电击文库","已完结","2017-10-13","90K","校园 青春 妹妹","http://img.wenku8.com/image/2/2313/2313s.jpg","因为某件事情失去了住家而在公园里过起了野外求生生活的我们兄妹二人在公园附近发现了…"
"https://raw.githubusercontent.com/ixinzhi/lightnovel-2014to2017/master/烟花 - 大根仁 - 20170929.epub",2310,"https://www.wenku8.net/book/2310.htm","title+author","烟花","大根仁","其他文库","","","","青春 恋爱","http://img.wenku8.com/image/2/2310/2310s.jpg","「如果，那个时候──」
举办烟火大会的某个夏日，家住海边小镇的典道和儿时玩伴争论…"
"https://raw.githubusercontent.com/ixinzhi/lightnovel-2014to2017/master/银汤匙 - 中勘助 - 20170922.epub",2308,"https://www.wenku8.net/book/2308.htm","title+author","银汤匙","中勘助","角川文库","已完结","2017-09-22","77K","青春","http://img.wenku8.com/image/2/2308/2308s.jpg","玩具盒里的一把银汤匙，引出作者少年时的真实故事。
作者从小体弱，聪明慧黠。上学以…"
"https://raw.githubusercontent.com/ixinzhi/lightnovel-2014to2017/master/GATE奇幻自卫队(Gate自卫队于彼地战斗) - 柳内たくみ - 20170922.epub",1505,"https://www.wenku8.net/book/1505.htm","title+author","GATE奇幻自卫队(Gate自卫队于彼地战斗)","柳内たくみ","其他文库","连载中/ 已动画化","2017-09-22","871K","奇幻 战争 后宫 人外","http://img.wenku8.com/image/1/1505/1505s.jpg","20XX年，在东京银座突然打开“通往异世界之门”。从中侵略过来的，是“异世界”的军队…"
"https://raw.githubusercontent.com/ixinzhi/lightnovel-2014to2017/master/致 十年后的你 - 天泽夏月 - 20170918.epub",2307,"https://www.wenku8.net/book/2307.htm","title+author","致 十年后的你","天泽夏月","电击文库","已完结","2017-09-18","87K","青春 群像","http://img.wenku8.com/image/2/2307/2307s.jpg","～6个重获新生的青春故事，献给正在思考方向的你～ 
千寻，因为一段不讨厌也不心动、…"
"https://raw.githubusercontent.com/ixinzhi/lightnovel-2014to2017/master/与我定下契约吧，魔王陛下。 - 朝野始 - 20170914.epub",2192,"https://www.wenku8.net/book/2192.htm","title+author","与我定下契约吧，魔王陛下。","朝野始","讲谈社","连载中","2017-09-14","173K","奇幻 欢乐向 恋爱 后宫 妹妹","http://img.wenku8.com/image/2/2192/2192s.jpg","劣等生驱魔师少年&#8226;地狱崎公太被召唤到异世界，并以吸血鬼公主克莉丝眷属的身份坐…"
"https://raw.githubusercontent.com/ixinzhi/lightnovel-2014to2017/master/SKYWORLD苍穹境界 - 濑尾つかさ - 20170912.epub",1540,"https://www.wenku8.net/book/1540.htm","title+author","SKYWORLD苍穹境界","濑尾つかさ","富士见文库","已完结","2017-09-12","1147K","穿越 魔法 战斗 冒险 后宫","http://img.wenku8.com/image/1/1540/1540s.jpg","天空界skyworld online，这是一款以平板电脑作为游戏平台，始营运的第一个礼拜便受到数…"
"https://raw.githubusercontent.com/ixinzhi/lightnovel-2014to2017/master/虹色异星人 - 入间人间 - 20170906.epub",2300,"https://www.wenku8.net/book/2300.htm","title+author","虹色异星人","入间人间","电击文库","已完结","2017-09-06","143K","科幻 青春 百合 女性视角","http://img.wenku8.com/image/2/2300/2300s.jpg","她若不是冷面小偷，多半就是外星人了。 
我不知道她叫什么名字，也听不懂她说的话。 …"
"https://raw.githubusercontent.com/ixinzhi/lightnovel-2014to2017/master/英雄都市的笨蛋们 - 朝浦 - 20170906.epub",2195,"https://www.wenku8.net/book/2195.htm","title+author","英雄都市的笨蛋们","朝浦","富士见文库","已完结","2017-09-06","402K","欢乐向 悬疑 战斗 恋爱","http://img.wenku8.com/image/2/2195/2195s.jpg","从过往的战乱时期就死守于此的英雄豪杰的后裔们所居住的边境都市──利口镇。 
那道英…"
"https://raw.githubusercontent.com/ixinzhi/lightnovel-2014to2017/master/美少女乃求斩之道 - 入间人间 - 20170906.epub",2301,"https://www.wenku8.net/book/2301.htm","title+author","美少女乃求斩之道","入间人间","电击文库","已完结","2017-09-06","80K","异能 战斗 犯罪","http://img.wenku8.com/image/2/2301/2301s.jpg","那名美少女，是个杀手。
她深信不疑地认为，祖父家里摆了把「刀」，
而自己也正好有…"
"https://raw.githubusercontent.com/ixinzhi/lightnovel-2014to2017/master/绝对双刃absolute duo - 柊★巧 - 20170828.epub",1305,"https://www.wenku8.net/book/1305.htm","title+author","绝对双刃absolute duo","柊★巧","MF文库J","","","","校园 异能 战斗 后宫 妹妹","http://img.wenku8.com/image/1/1305/1305s.jpg","「焰牙」——那是藉由超化之后的精神力将自身灵魂具现化，所创造出的武器。我，九重透…"
"https://raw.githubusercontent.com/ixinzhi/lightnovel-2014to2017/master/叛逆的无畏少女 - 岩田洋季 - 20170828.epub",2297,"https://www.wenku8.net/book/2297.htm","title+author","叛逆的无畏少女","岩田洋季","电击文库","已完结","2017-08-28","455K","校园 异能 战斗 恋爱 后宫","http://img.wenku8.com/image/2/2297/2297s.jpg","被称为“叛逆少女”的少女与一名少年间的，对抗命运的王道boy meets girl故事开幕！
…"
"https://raw.githubusercontent.com/ixinzhi/lightnovel-2014to2017/master/魔法少女禁止法 - 伊藤广 - 20170828.epub",1812,"https://www.wenku8.net/book/1812.htm","title+author","魔法少女禁止法","伊藤广","Fami通文库","连载中","2017-08-28","237K","魔法 战斗 伪娘 青梅竹马","http://img.wenku8.com/image/1/1812/1812s.jpg","自《魔法少女禁止法》制定起已过了10年。
来自异世界的侵略者已被打败，世界上已不再…"
"https://raw.githubusercontent.com/ixinzhi/lightnovel-2014to2017/master/盟约的利维坦 - 丈月城 - 20170818.epub",1343,"https://www.wenku8.net/book/1343.htm","title+author","盟约的利维坦","丈月城","MF文库J","已完结","2017-08-18","865K","校园 奇幻 战斗 欢乐向 后宫 青梅竹马","http://img.wenku8.com/image/1/1343/1343s.jpg","汝将成为王——统帅世上所有的『蛇』，承受龙族畏惧与憎恶之人。
时值人类遭天外飞来…"
"https://raw.githubusercontent.com/ixinzhi/lightnovel-2014to2017/master/战华舞姬 - 岸根红华 - 20170816.epub",2204,"https://www.wenku8.net/book/2204.htm","title+author","战华舞姬","岸根红华","其他文库","连载中","2017-08-16","319K","欢乐向 恋爱 后宫","http://img.wenku8.com/image/2/2204/2204s.jpg","战女神曾经拯救过这个世界，其尊容既美丽又梦幻，看起来楚楚可怜却强大无比，宛如绽放…"
"https://raw.githubusercontent.com/ixinzhi/lightnovel-2014to2017/master/成为奴隶商人了in异世界 - ルンパルンパ - 20170815.epub",2183,"https://www.wenku8.net/book/2183.htm","title_only","成为奴隶商人了in异世界","ルンパルンパ","其他文库","连载中","2017-08-15","200K","穿越 战斗 冒险 后宫 人外","http://img.wenku8.com/image/2/2183/2183s.jpg","在「可银沙」王国南部的一个商业都市「卡西施」，被喻为最大势的的奴隶商会。
会长达…"
"https://raw.githubusercontent.com/ixinzhi/lightnovel-2014to2017/master/骑士保母与怪兽幼儿园 - 神秋昌史 - 20170813.epub",2200,"https://www.wenku8.net/book/2200.htm","title+author","骑士保母与怪兽幼儿园","神秋昌史","角川文库","连载中","2017-08-13","157K","欢乐向 恋爱 人外","http://img.wenku8.com/image/2/2200/2200s.jpg","「我是骑士见习生德尔克&#8226;莱希德，此次受任前来。你们的上司──」
「老师，有不…"
"https://raw.githubusercontent.com/ixinzhi/lightnovel-2014to2017/master/就让我们开演吧。 - 喜多见かなた - 20170813.epub",2292,"https://www.wenku8.net/book/2292.htm","title+author","就让我们开演吧。","喜多见かなた","角川文库","连载中","2017-08-13","106K","悬疑 青春 欢乐向 群像","http://img.wenku8.com/image/2/2292/2292s.jpg","「你想要不得好死吗？」梦想和憧憬的偶像日向一起生活，香椎凉太参加了高人气实境节目…"
"https://raw.githubusercontent.com/ixinzhi/lightnovel-2014to2017/master/遗落的公主与圆桌骑士 - 石田リンネ - 20170813.epub",2139,"https://www.wenku8.net/book/2139.htm","title_only","遗落的公主与圆桌骑士","石田里奈","少女文库","连载中","2020-05-31","1400K","穿越 冒险 恋爱 女性视角","http://img.wenku8.com/image/2/2139/2139s.jpg","从王兄们手中获得遗落下来的王位——公主蕾蒂丝雅。为什么她知道自己一开始就会成为了…"
"https://raw.githubusercontent.com/ixinzhi/lightnovel-2014to2017/master/魔学霸王与科法枪姬 - きなこもちづき - 20170813.epub",2168,"https://www.wenku8.net/book/2168.htm","title_only","魔学霸王与科法枪姬","きなこもちづき","MF文库J","已完结","2017-08-13","196K","科幻 魔法 欢乐向 后宫","http://img.wenku8.com/image/2/2168/2168s.jpg","在这个科学已死的异世界里，透过魔法发展出了名为「魔学」的科技──至于被命名为『福…"
"https://raw.githubusercontent.com/ixinzhi/lightnovel-2014to2017/master/家里蹲的弟弟 - 苇船ナツ - 20170807.epub",2289,"https://www.wenku8.net/book/2289.htm","title_only","将爱拒于门外(家里蹲的弟弟)","苇舟ナツ","电击文库","已完结","2022-07-02","124K","青春 恋爱","http://img.wenku8.com/image/2/2289/2289s.jpg","★第23届 电击小说大奖 评审委员鼓励奖！
★孤独的青年，突然出现的怪异女子，两人深…"
"https://raw.githubusercontent.com/ixinzhi/lightnovel-2014to2017/master/圣断罪桃乐丝 - 十文字青 - 20170723.epub",2265,"https://www.wenku8.net/book/2265.htm","title+author","圣断罪桃乐丝","十文字青","角川文库","连载中","2017-07-23","192K","奇幻 欢乐向 魔法 后宫","http://img.wenku8.com/image/2/2265/2265s.jpg","雷贝尔塔德魔王国被帝国攻陷后，国家灭亡。在千钧一发之际逃过死劫的皇女桃乐丝，一边…"
"https://raw.githubusercontent.com/ixinzhi/lightnovel-2014to2017/master/断罪衣 - 三田诚 - 20170719.epub",1092,"https://www.wenku8.net/book/1092.htm","title+author","断罪衣","三田诚","电击文库","连载中","2017-07-19","437K","校园 奇幻 战斗 后宫 人外","http://img.wenku8.com/image/1/1092/1092s.jpg","只要一年就好，希望你能冒充死去的哥哥――。
因为这样的请求，九濑谏也来到的御陵市…"
"https://raw.githubusercontent.com/ixinzhi/lightnovel-2014to2017/master/我的复仇将打倒所有女主角！ - 八剃玉造 - 20170718.epub",1967,"https://www.wenku8.net/book/1967.htm","title+author","我的复仇将打倒所有女主角！","八剃玉造","集英社","已完结","2017-07-18","264K","校园 欢乐向 后宫 青梅竹马","http://img.wenku8.com/image/1/1967/1967s.jpg","超越物理法则的力量，始源力。伊原迅曾是能操控地球上所有始源力，全能且最强的【星】…"
"https://raw.githubusercontent.com/ixinzhi/lightnovel-2014to2017/master/怪物x少女 - 浅仓イネ - 20170717.epub",2011,"https://www.wenku8.net/book/2011.htm","title+author","怪物x少女","浅仓イネ","讲谈社","连载中","2017-07-17","160K","奇幻 校园 欢乐向 后宫 人外","http://img.wenku8.com/image/2/2011/2011s.jpg","有个黑影从天而降。某一天的黄昏时分，我——北上景目睹了「不可能存在的状况」，走向…"
"https://raw.githubusercontent.com/ixinzhi/lightnovel-2014to2017/master/苦甜危机！巧克力大骚动 - 星奏なつめ - 20170714.epub",2279,"https://www.wenku8.net/book/2279.htm","title+author","苦甜危机！巧克力大骚动","星奏なつめ","电击文库","已完结","2017-07-14","128K","恋爱","http://img.wenku8.com/image/2/2279/2279s.jpg","王子没有捧著玻璃鞋从天而降，而是手拿饭店拖鞋，自意外之处现身!?
千纱夹在不可靠的…"
"https://raw.githubusercontent.com/ixinzhi/lightnovel-2014to2017/master/棺姬嘉依卡(棺姬柴卡) - 榊一郎 - 20170713.epub",978,"https://www.wenku8.net/book/978.htm","title+author","棺姬嘉依卡(棺姬柴卡)","榊一郎","富士见文库","","","","奇幻 魔法 战斗 后宫 妹妹","http://img.wenku8.com/image/0/978/978s.jpg","一睁开眼，眼帘便映入妹妹阿卡莉的那张漂亮脸蛋。
「哥哥，早安。」阿卡莉四肢着地，…"
"https://raw.githubusercontent.com/ixinzhi/lightnovel-2014to2017/master/然后，没有你的九月来临了 - 天泽夏月 - 20170708.epub",2274,"https://www.wenku8.net/book/2274.htm","title+author","然后，没有你的九月来临了","天泽夏月","电击文库","已完结","2017-07-08","76K","奇幻 悬疑 旅行 青春 女性视角","http://img.wenku8.com/image/2/2274/2274s.jpg","以朋友的死亡开始的痛苦暑假，我们在幽灵的引导下，踏上旅程── 
高二那年夏天，惠太…"
"https://raw.githubusercontent.com/ixinzhi/lightnovel-2014to2017/master/迷途人生的寻味之旅 - マサト真希 - 20170708.epub",2275,"https://www.wenku8.net/book/2275.htm","title+author","迷途人生的寻味之旅","マサト真希","电击文库","连载中","2017-07-08","90K","青春 旅行 美食","http://img.wenku8.com/image/2/2275/2275s.jpg","因为身体状况不佳而失业中的飒太、以及大学休学中的爱吃鬼日和。 
于人生路上仿徨不已…"
"https://raw.githubusercontent.com/ixinzhi/lightnovel-2014to2017/master/Dark Lord - 十月ユウ - 20170704.epub",2001,"https://www.wenku8.net/book/2001.htm","title+author","Dark Lord","十月ユウ","富士见文库","连载中","2017-07-04","325K","战斗 黑暗 后宫","http://img.wenku8.com/image/2/2001/2001s.jpg","“手工造物可是夜伽家族产业的一种”他的名字是瑞亚*奥弗鲁*库洛斯。被称为暗黑卿的贵…"
"https://raw.githubusercontent.com/ixinzhi/lightnovel-2014to2017/master/月光下的异世界之旅 - ぁずみ圭 - 20170704.epub",2103,"https://www.wenku8.net/book/2103.htm","title+author","月光下的异世界之旅","あずみ圭","其他文库","连载中/ 已动画化","2024-06-20","1889K","穿越 奇幻 冒险 龙傲天 后宫 人外","http://img.wenku8.com/image/2/2103/2103s.jpg","某一天，我，深澄真，由于父母的原因，在月读大人引导下，变成了前往异世界的窘境。
…"
"https://raw.githubusercontent.com/ixinzhi/lightnovel-2014to2017/master/铠甲公主物语(铠甲少女物语) - 叶村哲 - 20170626.epub",2116,"https://www.wenku8.net/book/2116.htm","title+author","铠甲公主物语(铠甲少女物语)","叶村哲","MF文库J","已完结","2017-06-26","259K","穿越 魔法 欢乐向 后宫 人外","http://img.wenku8.com/image/2/2116/2116s.jpg","「幸会，你好！和我一起在异世界打造一个后宫吧９
「好埃可是我没有交过女朋友，没关…"
"https://raw.githubusercontent.com/ixinzhi/lightnovel-2014to2017/master/怪盗同盟！ - 岬かつみ - 20170622.epub",2043,"https://www.wenku8.net/book/2043.htm","title+author","怪盗同盟！","岬かつみ","富士见文库","已完结","2017-06-22","194K","欢乐向 恋爱","http://img.wenku8.com/image/2/2043/2043s.jpg","「bonsoir（晚安），我叫做亚森罗苹。」
少年是某位大盗的后裔。有一天，一位金发碧眼…"
"https://raw.githubusercontent.com/ixinzhi/lightnovel-2014to2017/master/有顶天家族 - 森见登美彦 - 20170618.epub",1029,"https://www.wenku8.net/book/1029.htm","title+author","有顶天家族","森见登美彦","其他文库","已完结/ 已动画化","2017-06-18","330K","奇幻 治愈","http://img.wenku8.com/image/1/1029/1029s.jpg","狸猫一族名门下鸭家，世代定居在京都纠之森，然而一家之主总一郎惨遭人类煮成火锅，下…"
"https://raw.githubusercontent.com/ixinzhi/lightnovel-2014to2017/master/堕落之王 - 槻影 - 20170617.epub",2197,"https://www.wenku8.net/book/2197.htm","title+author","堕落之王","槻影","Fami通文库","已完结","2017-06-17","199K","穿越 欢乐向 奇幻 后宫","http://img.wenku8.com/image/2/2197/2197s.jpg","男子名为雷西·斯洛特道兹。过去是个渺小上班族的他，在死后转生到了异世界，获得了恶…"
"https://raw.githubusercontent.com/ixinzhi/lightnovel-2014to2017/master/那么，来攻略异世界吧 - 冈崎登 - 20170614.epub",1981,"https://www.wenku8.net/book/1981.htm","title+author","那么，来攻略异世界吧","冈崎登","MF文库J","已完结","2017-06-14","549K","穿越 奇幻 欢乐向 后宫 人外","http://img.wenku8.com/image/1/1981/1981s.jpg","「欢迎来到游戏加德。」
身为重度游戏玩家的高中生志度义弥正一如往常般陪妹妹打电玩时…"
"https://raw.githubusercontent.com/ixinzhi/lightnovel-2014to2017/master/吸血鬼／领主～君临的终焉贤王～ - 葛西伸哉 - 20170611.epub",2268,"https://www.wenku8.net/book/2268.htm","title+author","吸血鬼／领主～君临的终焉贤王～","葛西伸哉","HJ文库","连载中","2017-06-11","89K","奇幻 战斗 人外 妹妹","http://img.wenku8.com/image/2/2268/2268s.jpg","「惶恐前来救驾，吾王陛下。」
具备特殊血型的男高中生神锤黎，幼年便因意外事故而失…"
"https://raw.githubusercontent.com/ixinzhi/lightnovel-2014to2017/master/最后大魔王 - 水城正太郎 - 20170609.epub",30,"https://www.wenku8.net/book/30.htm","title+author","最后大魔王","水城正太郎","HJ文库","连载中/ 已动画化","2017-06-09","1133K","校园 奇幻 魔法 战斗 欢乐向 后宫","http://img.wenku8.com/image/0/30/30s.jpg","『将来的职业……魔王』
为了替社会尽一份心力，而转入『康士坦魔术学院』，并以成为…"
"https://raw.githubusercontent.com/ixinzhi/lightnovel-2014to2017/master/老公的JJ无法进来 - こだま - 20170530.epub",2260,"https://www.wenku8.net/book/2260.htm","title_only","老公的JJ无法进来","こだま","其他文库","已完结","2017-05-30","67K","恋爱 女性视角","http://img.wenku8.com/image/2/2260/2260s.jpg","文库注：NMD，这让人无法直视的标题……好吧，确认非18X，那就收录吧。这是在2014年某…"
"https://raw.githubusercontent.com/ixinzhi/lightnovel-2014to2017/master/Dragon Jager ～猎龙人赞歌～ - 井藤きく - 20170523.epub",2253,"https://www.wenku8.net/book/2253.htm","title+author","Dragon Jager ～猎龙人赞歌～","井藤きく","其他文库","已完结","2017-05-23","284K","奇幻 战斗 冒险 恋爱","http://img.wenku8.com/image/2/2253/2253s.jpg","被撕裂的人们，陷入火海里的故乡。那一天，少年失去了一切――在多处传出龙酿成灾情的…"
"https://raw.githubusercontent.com/ixinzhi/lightnovel-2014to2017/master/天启的异世界转生谭 - ウスバー - 20170519.epub",1857,"https://www.wenku8.net/book/1857.htm","title_only","天启的异世界转生谭","ウスバー","Fami通文库","连载中","2017-05-19","330K","穿越 欢乐向 战斗 后宫 人外","http://img.wenku8.com/image/1/1857/1857s.jpg","于事故中死亡的高中生钢的面前出现的，是身为三岁幼童的游戏玩家女神──希洛喵。她自…"
"https://raw.githubusercontent.com/ixinzhi/lightnovel-2014to2017/master/超！异世界班级！！ - 空野一树 - 20170518.epub",2252,"https://www.wenku8.net/book/2252.htm","title+author","超！异世界班级！！","空野一树","HJ文库","连载中","2017-05-18","85K","奇幻 欢乐向 后宫 人外","http://img.wenku8.com/image/2/2252/2252s.jpg","「异界事变」使现代社会开始与众多异世界交流。精灵、女骑士、吸血鬼、猫耳娘、妖精、…"
"https://raw.githubusercontent.com/ixinzhi/lightnovel-2014to2017/master/有如保镖的她口中所说的被虐生活日记 - 望月充っ - 20170516.epub",2251,"https://www.wenku8.net/book/2251.htm","title+author","有如保镖的她口中所说的被虐生活日记","望月充っ","集英社","已完结","2017-05-16","127K","校园 欢乐向 青春 后宫 青梅竹马","http://img.wenku8.com/image/2/2251/2251s.jpg","还不快给我跪下！你这个呆子！！
运气糟糕到极点的高中生·向希纯在放学的途中意外目…"
"https://raw.githubusercontent.com/ixinzhi/lightnovel-2014to2017/master/在神酒诊所干杯 - 知念实希人 - 20170514.epub",2222,"https://www.wenku8.net/book/2222.htm","title+author","在神酒诊所干杯","知念实希人","角川文库","连载中","2017-05-14","237K","悬疑","http://img.wenku8.com/image/2/2222/2222s.jpg","外科医生九十九胜己因医疗事故被逐出医院，走投无路下，透过恩师的介绍来到神酒诊所。…"
"https://raw.githubusercontent.com/ixinzhi/lightnovel-2014to2017/master/魔法使的香草茶 - 有间カオル - 20170511.epub",2250,"https://www.wenku8.net/book/2250.htm","title+author","魔法使的香草茶","有间カオル","电击文库","已完结","2017-05-11","127K","奇幻 治愈 女性视角","http://img.wenku8.com/image/2/2250/2250s.jpg","一杯香草茶丰盈心灵
在双亲去世之后，名为勇希的不幸的少女在亲戚之间被推来推去。在…"
"https://raw.githubusercontent.com/ixinzhi/lightnovel-2014to2017/master/由终焉起始的魔导机书 - 水月纱鸟 - 20170503.epub",2173,"https://www.wenku8.net/book/2173.htm","title+author","由终焉起始的魔导机书","水月纱鸟","MF文库J","已完结","2017-05-03","187K","恋爱 后宫 妹妹 人外","http://img.wenku8.com/image/2/2173/2173s.jpg","被称为“未完的魔导机书”的少女音音子。
真夜对拥有猫耳猫尾的她一见钟情了。
相遇…"
"https://raw.githubusercontent.com/ixinzhi/lightnovel-2014to2017/master/我要让你来当我哥！ - すぎやまリュウ - 20170422.epub",1697,"https://www.wenku8.net/book/1697.htm","title_only","我要让你来当我哥！","すぎやまリュウ","MF文库J","连载中","2017-04-22","248K","校园 欢乐向 后宫 妹妹 青梅竹马","http://img.wenku8.com/image/1/1697/1697s.jpg","从未见过父母的阳一，忽然收到了亲生父亲的死讯。而从父亲那边留给阳一的遗言竟然是 —…"
"https://raw.githubusercontent.com/ixinzhi/lightnovel-2014to2017/master/夜樱 吸血种狩猎行动(夜樱Vampanella) - 杉井光 - 20170422.epub",2098,"https://www.wenku8.net/book/2098.htm","title+author","夜樱 吸血种狩猎行动(夜樱Vampanella)","杉井光","电击文库","连载中","2017-04-22","227K","悬疑 奇幻 战斗 欢乐向 恋爱","http://img.wenku8.com/image/2/2098/2098s.jpg","在不远的未来，科学证实了吸人血怪物的存在。为了保护人类不受「吸血种」侵扰而设立的…"
"https://raw.githubusercontent.com/ixinzhi/lightnovel-2014to2017/master/欢迎来到异世界图书馆 - 三萩せんや - 20170419.epub",2244,"https://www.wenku8.net/book/2244.htm","title_only","欢迎来到异世界图书馆","三萩千夜","角川文库","连载中","2017-04-19","91K","穿越 职场 人外","http://img.wenku8.com/image/2/2244/2244s.jpg","找工作失败的寺泽优一在某天突然和即将结束营运的图书馆一齐被召唤至异世界，并在威权…"
"https://raw.githubusercontent.com/ixinzhi/lightnovel-2014to2017/master/柊木之痛 - 海津ゆたか - 20170419.epub",2243,"https://www.wenku8.net/book/2243.htm","title+author","柊木之痛","海津ゆたか","小学馆","已完结","2017-04-19","92K","青春 恋爱","http://img.wenku8.com/image/2/2243/2243s.jpg","有的夏天不得不奔跑。
初中二年级的暑假，在那条村子里，我荻原出海遇见了仁科美音。…"
"https://raw.githubusercontent.com/ixinzhi/lightnovel-2014to2017/master/违逆常规的反叛者 - 尾地雫 - 20170419.epub",2101,"https://www.wenku8.net/book/2101.htm","title+author","违逆常规的反叛者","尾地雫","GA文库","连载中","2017-04-19","171K","校园 奇幻 异能 战斗 后宫","http://img.wenku8.com/image/2/2101/2101s.jpg","培养使用超自然力量的纹章骑士的学校——马特利亚学院。
杭帝斯．赫米立昂以有史以来…"
"https://raw.githubusercontent.com/ixinzhi/lightnovel-2014to2017/master/公主骑士征服战争(姬骑士征服战争) - 深见真 - 20170412.epub",2241,"https://www.wenku8.net/book/2241.htm","title+author","公主骑士征服战争(姬骑士征服战争)","深见真","富士见文库","连载中","2017-04-12","67K","奇幻 战斗 欢乐向","http://img.wenku8.com/image/2/2241/2241s.jpg","在魔族后裔支配的帝国中，人称「祖魔的公主骑士」的露亚娜怀著巨大的野心。那就是抓住…"
"https://raw.githubusercontent.com/ixinzhi/lightnovel-2014to2017/master/夜行 - 森见登美彦 - 20170411.epub",2239,"https://www.wenku8.net/book/2239.htm","title+author","夜行","森见登美彦","小学馆","已完结","2017-04-11","83K","青春","http://img.wenku8.com/image/2/2239/2239s.jpg","我们谁都忘不掉她。
我们六个，是在京都一起度过学生时代的伙伴。
十年前，参观鞍马…"
"https://raw.githubusercontent.com/ixinzhi/lightnovel-2014to2017/master/100圆商店职员穿梭至异世界的结果 - 宫元战车 - 20170410.epub",2238,"https://www.wenku8.net/book/2238.htm","title+author","100圆商店职员穿梭至异世界的结果","宫元战车","HJ文库","连载中","2017-04-10","72K","穿越 奇幻 战斗 欢乐向 人外","http://img.wenku8.com/image/2/2238/2238s.jpg","在百圆商店工作的高中生让原秋海，连同整家店穿梭到异世界去。异世界里有可爱的妖精魔…"
"https://raw.githubusercontent.com/ixinzhi/lightnovel-2014to2017/master/你与时钟系列 - 绫崎隼 - 20170406.epub",2091,"https://www.wenku8.net/book/2091.htm","title+author","你与时钟系列","绫崎隼","讲谈社","已完结","2017-04-06","329K","科幻 校园 悬疑 青春","http://img.wenku8.com/image/2/2091/2091s.jpg","心仪的女孩死了——带着这样的恶梦进入学校教室的综士，感到了某种异样。唯一的朋友一…"
"https://raw.githubusercontent.com/ixinzhi/lightnovel-2014to2017/master/池袋西口公园 - 石田衣良 - 20170405.epub",574,"https://www.wenku8.net/book/574.htm","title+author","池袋西口公园","石田衣良","其他文库","连载中/ 已动画化","2017-04-05","1210K","悬疑 犯罪 青春 黑暗 群像","http://img.wenku8.com/image/0/574/574s.jpg","写实而生动地描写出亡命街头急驰的新新人类。
融合了青春小说的清新与犯罪小说的危险…"
"https://raw.githubusercontent.com/ixinzhi/lightnovel-2014to2017/master/世界第二有趣的轻小说 - 石原宙 - 20170401.epub",2023,"https://www.wenku8.net/book/2023.htm","title+author","世界第二有趣的轻小说","石原宙","集英社","连载中","2017-04-01","93K","校园 欢乐向 魔法 后宫 伪娘","http://img.wenku8.com/image/2/2023/2023s.jpg","“你要不要当主角？”“……哈？”以抨击轻小说为乐，存在感稀薄的高中生灰川祭，在某…"
"https://raw.githubusercontent.com/ixinzhi/lightnovel-2014to2017/master/魔法工学师 - 秋ぎつね - 20170331.epub",1796,"https://www.wenku8.net/book/1796.htm","title+author","魔法工学师","秋ぎつね","MF文库J","连载中","2017-03-31","540K","穿越 冒险 旅行 恋爱 人外","http://img.wenku8.com/image/1/1796/1796s.jpg","转生到丰富资材的梦幻地，却完全没有食物可吃!?
在这个世界上，只有一名魔法工学师存…"
"https://raw.githubusercontent.com/ixinzhi/lightnovel-2014to2017/master/格兰斯坦迪亚皇国物语 - 内堀优一 - 20170331.epub",1775,"https://www.wenku8.net/book/1775.htm","title+author","格兰斯坦迪亚皇国物语","内堀优一","HJ文库","连载中","2017-03-31","351K","奇幻 战争 龙傲天 后宫 妹妹","http://img.wenku8.com/image/1/1775/1775s.jpg","５年前，格兰斯坦迪亚皇国第二公主尤丝蒂娜．格瑟克斯暗中率领《皇国七圣》采取行动，…"
"https://raw.githubusercontent.com/ixinzhi/lightnovel-2014to2017/master/荞麦面（好可爱） - つちせ八十八 - 20170323.epub",2233,"https://www.wenku8.net/book/2233.htm","title+author","荞麦面（好可爱）","つちせ八十八","MF文库J","已完结","2017-03-23","82K","欢乐向 青春 恋爱","http://img.wenku8.com/image/2/2233/2233s.jpg","某个夏日，叫了外送荞麦面的笹冈光太郎，收到的是自称偏面类的魔法少女──姬之宫荞麦…"
"https://raw.githubusercontent.com/ixinzhi/lightnovel-2014to2017/master/探索无限的彼方 - 二ツ树五轮 - 20170310.epub",2225,"https://www.wenku8.net/book/2225.htm","title+author","探索无限的彼方","二ツ树五轮","MF文库J","连载中","2017-03-10","129K","穿越 战斗 冒险 伪娘 性转","http://img.wenku8.com/image/2/2225/2225s.jpg","不知自己是在何时丶以何种方式丧命的——
转生异界的少年·纲，出生在粮食极度匮乏的…"
"https://raw.githubusercontent.com/ixinzhi/lightnovel-2014to2017/master/倾听你的颜色 - 小川晴央 - 20170220.epub",2219,"https://www.wenku8.net/book/2219.htm","title+author","倾听你的颜色","小川晴央","电击文库","已完结","2017-02-20","93K","奇幻 青春 恋爱","http://img.wenku8.com/image/2/2219/2219s.jpg","『声之色』：听见对方的声音时，声音会像波纹一样，瞬间在大脑浮现颜色，这颜色代表发…"
"https://raw.githubusercontent.com/ixinzhi/lightnovel-2014to2017/master/可喜可贺，我进化成了美少女 - 和久井透夏 - 20170220.epub",2217,"https://www.wenku8.net/book/2217.htm","title+author","可喜可贺，我进化成了美少女","和久井透夏","角川文库","连载中","2017-02-20","117K","校园 欢乐向 伪娘","http://img.wenku8.com/image/2/2217/2217s.jpg","女装cos技能高过头造成了不想要的后宫状态!?某女装男子的受难录！
身穿白色细折无袖上…"
"https://raw.githubusercontent.com/ixinzhi/lightnovel-2014to2017/master/青春期超感应 - 天泽夏月 - 20170220.epub",2218,"https://www.wenku8.net/book/2218.htm","title+author","青春期超感应","天泽夏月","电击文库","已完结","2017-02-20","94K","青春 恋爱","http://img.wenku8.com/image/2/2218/2218s.jpg","好学生大地、容易得意忘形的学、以及大剌剌的女孩翼，不知不觉中变成「回家社团三人组…"
"https://raw.githubusercontent.com/ixinzhi/lightnovel-2014to2017/master/少女不毕业 - 朝井辽 - 20170219.epub",2216,"https://www.wenku8.net/book/2216.htm","title+author","少女不毕业","朝井辽","集英社","连载中","2017-02-19","90K","青春 群像 女性视角","http://img.wenku8.com/image/2/2216/2216s.jpg","即将拆除的校园，不得不说的再见……
毕业典礼这天，是所有师生向学校道别的日子，因…"
"https://raw.githubusercontent.com/ixinzhi/lightnovel-2014to2017/master/世界系列(纸透透琉的无垢世界) - 石川ノボロヲ - 20170215.epub",2186,"https://www.wenku8.net/book/2186.htm","title+author","世界系列(纸透透琉的无垢世界)","石川ノボロヲ","讲谈社","已完结","2017-02-15","175K","奇幻 异能 青春 恋爱 后宫","http://img.wenku8.com/image/2/2186/2186s.jpg","“我去灭亡一下世界”，送走说着这句话穿着吸湿保暖内衣……不，是浑身包裹着魔装服的…"
"https://raw.githubusercontent.com/ixinzhi/lightnovel-2014to2017/master/不受欢迎的我在5天内直到与女主角相遇为止 - 秋目人 - 20170215.epub",2213,"https://www.wenku8.net/book/2213.htm","title+author","不受欢迎的我在5天内直到与女主角相遇为止","秋目人","电击文库","连载中","2017-02-15","109K","校园 欢乐向 青春 后宫","http://img.wenku8.com/image/2/2213/2213s.jpg","这样的我也发现了交女朋友的方法了！
意外的展开能让人抿嘴一笑的校园爱情喜剧！！
…"
"https://raw.githubusercontent.com/ixinzhi/lightnovel-2014to2017/master/恋爱寄生虫 - 三秋缒 - 20170215.epub",2214,"https://www.wenku8.net/book/2214.htm","title+author","恋爱寄生虫","三秋缒","电击文库","","","","青春 恋爱 JK","http://img.wenku8.com/image/2/2214/2214s.jpg","二十七岁那年冬天，他经历了来得太迟的初恋。对象是年纪小他将近一轮的少女── 
「高…"
"https://raw.githubusercontent.com/ixinzhi/lightnovel-2014to2017/master/一直注视着你的是堕天使 - にゃお - 20170209.epub",2212,"https://www.wenku8.net/book/2212.htm","title_only","一直注视着你的是堕天使","にゃお","角川文库","已完结","2017-02-09","100K","青春 欢乐向 恋爱 人外","http://img.wenku8.com/image/2/2212/2212s.jpg","高中生·荒波浩之的房间里，美少女莎拉莎打破天花板从天而降。拥有一对毫无干劲的死鱼…"
"https://raw.githubusercontent.com/ixinzhi/lightnovel-2014to2017/master/尸者的帝国 - 伊藤计划 - 20170208.epub",2211,"https://www.wenku8.net/book/2211.htm","title+author","尸者的帝国","伊藤计划","其他文库","已完结/ 已动画化","2017-02-08","215K","科幻 冒险 间谍 黑暗","http://img.wenku8.com/image/2/2211/2211s.jpg","说明：本小说为伊藤计划好友——圆城塔，在伊藤去世后，参考其创作笔记完成。
十九世…"
"https://raw.githubusercontent.com/ixinzhi/lightnovel-2014to2017/master/和谐 - 伊藤计划 - 20170208.epub",2210,"https://www.wenku8.net/book/2210.htm","title+author","和谐","伊藤计划","其他文库","已完结/ 已动画化","2017-02-08","126K","科幻 战斗 黑暗","http://img.wenku8.com/image/2/2210/2210s.jpg","西元2019年，人类理性最薄弱的一年，核弹在各地爆发，全世界的人类皆遭癌症侵袭。
「…"
"https://raw.githubusercontent.com/ixinzhi/lightnovel-2014to2017/master/七罪之旅 - 和泉弐式 - 20170207.epub",2153,"https://www.wenku8.net/book/2153.htm","title+author","七罪之旅","和泉弐式","电击文库","连载中","2017-02-07","208K","奇幻 战斗 冒险","http://img.wenku8.com/image/2/2153/2153s.jpg","【背叛催生毁灭】 【带着孩子的赏金猎人】 【不断重复的复仇】 【强大而又愚昧的国王】…"
"https://raw.githubusercontent.com/ixinzhi/lightnovel-2014to2017/master/虐杀器官 - 伊藤计划 - 20170203.epub",2208,"https://www.wenku8.net/book/2208.htm","title+author","虐杀器官","伊藤计划","其他文库","已完结","2017-02-03","176K","科幻 悬疑 犯罪 惊悚 猎奇","http://img.wenku8.com/image/2/2208/2208s.jpg","911以后，面临「对抗恐怖主义」的转机。各个先进国家皆导入彻底的管理体制，肃清恐怖分…"
"https://raw.githubusercontent.com/ixinzhi/lightnovel-2014to2017/master/海盗女王 - 皆川博子 - 20170201.epub",2207,"https://www.wenku8.net/book/2207.htm","title+author","海盗女王","皆川博子","其他文库","已完结","2017-02-01","425K","战争 经营","http://img.wenku8.com/image/2/2207/2207s.jpg","大航海时代女海盗VS.都铎王朝最后一位女君王
同以女性之姿，站在领导者的高寒之地，…"
"https://raw.githubusercontent.com/ixinzhi/lightnovel-2014to2017/master/食戟之灵～Fratelli Aldini～ - 尹藤美智子 - 20170131.epub",2205,"https://www.wenku8.net/book/2205.htm","title+author","食戟之灵～Fratelli Aldini～","尹藤美智子","集英社","已完结/ 已动画化","2017-01-31","60K","青春 战斗 美食","http://img.wenku8.com/image/2/2205/2205s.jpg","阿尔迪尼兄弟既是幸平创真的劲敌，也是好友。他们与极星寮住宿生们的交流来往、在意大…"
"https://raw.githubusercontent.com/ixinzhi/lightnovel-2014to2017/master/折断的圣剑与帝冠剑姬 - 川口士 - 20170125.epub",2081,"https://www.wenku8.net/book/2081.htm","title+author","折断的圣剑与帝冠剑姬","川口士","一迅社","连载中","2017-01-25","560K","战斗 旅行 恋爱 后宫 妹妹","http://img.wenku8.com/image/2/2081/2081s.jpg","由英雄和勇者二人的旅行所编织的帝国创建物语
智谋的英雄，卡维尔王国的路西德王子。…"
"https://raw.githubusercontent.com/ixinzhi/lightnovel-2014to2017/master/舰队收藏(舰队Collection 鹤翼之绊) - 内田弘树 - 20170120.epub",1819,"https://www.wenku8.net/book/1819.htm","title+author","舰队收藏(舰队Collection 鹤翼之绊)","内田弘树","富士见文库","已完结/ 已动画化","2017-01-20","543K","科幻 战斗 冒险 百合","http://img.wenku8.com/image/1/1819/1819s.jpg","「为什么，我会变成人类女孩……？」
理应在激战中遭到击沉的航母瑞鹤睁开眼后，发现…"
"https://raw.githubusercontent.com/ixinzhi/lightnovel-2014to2017/master/我与巫女们的方阵轮舞 - 浜仓修 - 20170104.epub",2196,"https://www.wenku8.net/book/2196.htm","title+author","我与巫女们的方阵轮舞","浜仓修","一迅社","连载中","2017-01-04","79K","奇幻 后宫 人外 妹妹","http://img.wenku8.com/image/2/2196/2196s.jpg","特洛肯精灵学院是一所培育可以与精灵对话并役使其能力的巫女的学校。
少年利乌兹不知为…"
"https://raw.githubusercontent.com/ixinzhi/lightnovel-2014to2017/master/火焰少女 - 星空めてお - 20161230.epub",2149,"https://www.wenku8.net/book/2149.htm","title_only","火焰少女","星空流星","其他文库","连载中","2016-12-30","98K","穿越 战斗 冒险 青春 女性视角","http://img.wenku8.com/image/2/2149/2149s.jpg","我觉得要是谈了恋爱就输了————
————日之冈穗群，青蓝高校一年级生。
喜欢和…"
"https://raw.githubusercontent.com/ixinzhi/lightnovel-2014to2017/master/异变之月(月光宝盒) - 渡濑草一郎 - 20161228.epub",1733,"https://www.wenku8.net/book/1733.htm","title+author","异变之月(月光宝盒)","渡濑草一郎","电击文库","已完结","2016-12-28","434K","异能 战斗 后宫 青梅竹马 妹妹","http://img.wenku8.com/image/1/1733/1733s.jpg","高中生月代玲音和妹妹两个人相依为命。有一天放学后，他在朋友文槻克蕾亚的带领下到当…"
"https://raw.githubusercontent.com/ixinzhi/lightnovel-2014to2017/master/放学后默示录 - 杉井光 - 20161228.epub",2054,"https://www.wenku8.net/book/2054.htm","title+author","放学后默示录","杉井光","集英社","连载中","2016-12-28","124K","奇幻 战斗 悬疑 大逃杀 人外","http://img.wenku8.com/image/2/2054/2054s.jpg","每周三放学后，天使就会前来猎食我们。
在班上被排挤、总是跷课的我难得参加一次班会…"
"https://raw.githubusercontent.com/ixinzhi/lightnovel-2014to2017/master/和异世界少女的乡下生活 - 叶巡明治 - 20161228.epub",2190,"https://www.wenku8.net/book/2190.htm","title+author","和异世界少女的乡下生活","叶巡明治","集英社","连载中","2016-12-28","62K","奇幻 欢乐向 恋爱 青梅竹马","http://img.wenku8.com/image/2/2190/2190s.jpg","为了追求我的乡村生活，所以魔神来了！？
无比喜爱乡村平静日常的少年凉城正太郎，从…"
"https://raw.githubusercontent.com/ixinzhi/lightnovel-2014to2017/master/转生魔王的异世界悠闲生活 - なめこ印 - 20161222.epub",2187,"https://www.wenku8.net/book/2187.htm","title+author","转生魔王的异世界悠闲生活","なめこ印","MF文库J","连载中","2016-12-22","68K","穿越 欢乐向 经营 后宫 人外","http://img.wenku8.com/image/2/2187/2187s.jpg","想要救助即将被车子辗过的科摩多巨蜥却因而死去的善良少年撒旦，基于女神的一时兴起转…"
"https://raw.githubusercontent.com/ixinzhi/lightnovel-2014to2017/master/野猫玛利 - 十文字青 - 20161221.epub",2178,"https://www.wenku8.net/book/2178.htm","title+author","野猫玛利","十文字青","角川文库","已完结","2016-12-21","149K","奇幻 战斗 冒险","http://img.wenku8.com/image/2/2178/2178s.jpg","外缘都市GramEND的垃圾堆《猥路》。 在这个与世隔绝的超烂场所里，有只渴望天空的沟鼠…"
"https://raw.githubusercontent.com/ixinzhi/lightnovel-2014to2017/master/城姬Quest - 五十岚雄策 - 20161218.epub",2164,"https://www.wenku8.net/book/2164.htm","title+author","城姬Quest","五十岚雄策","电击文库","连载中","2016-12-18","160K","欢乐向 后宫","http://img.wenku8.com/image/2/2164/2164s.jpg","「——我是熊本城。是据点设于肥后国的加藤家眷属……繁荣九州地区最大的『城姬』。」…"
"https://raw.githubusercontent.com/ixinzhi/lightnovel-2014to2017/master/十字火焰 - 宫部美雪 - 20161216.epub",2184,"https://www.wenku8.net/book/2184.htm","title+author","十字火焰","宫部美雪","其他文库","已完结","2016-12-16","258K","异能 悬疑 犯罪 复仇 女性视角","http://img.wenku8.com/image/2/2184/2184s.jpg","一名无辜青年死于一场虐杀游戏，目睹命案的青木淳子因极度的愤怒和伤心，决定以暴制暴…"
"https://raw.githubusercontent.com/ixinzhi/lightnovel-2014to2017/master/迷宫都市的古董商店 - 大场鸠太郎 - 20161212.epub",2042,"https://www.wenku8.net/book/2042.htm","title+author","迷宫都市的古董商店","大场鸠太郎","Fami通文库","连载中","2016-12-12","264K","奇幻 冒险","http://img.wenku8.com/image/2/2042/2042s.jpg","新人探索者索亚拉碰上了瓶颈，不仅无法将从师父那边继承下来的赋予道具（Magic Item）…"
"https://raw.githubusercontent.com/ixinzhi/lightnovel-2014to2017/master/英雄传说 零之轨迹 - 市川丈夫 - 20161212.epub",1542,"https://www.wenku8.net/book/1542.htm","title+author","英雄传说 零之轨迹","市川丈夫","富士见文库","已完结","2016-12-12","258K","奇幻 战斗 冒险 后宫","http://img.wenku8.com/image/1/1542/1542s.jpg","塞姆利亚大陆西部，克洛斯贝尔自治州。一方面蓬勃发展，另一方面却被腐败的政治和猖獗…"
"https://raw.githubusercontent.com/ixinzhi/lightnovel-2014to2017/master/杀戮兔女郎 - 江波光则 - 20161212.epub",2180,"https://www.wenku8.net/book/2180.htm","title+author","杀戮兔女郎","江波光则","小学馆","连载中","2016-12-12","107K","犯罪 战斗 复仇","http://img.wenku8.com/image/2/2180/2180s.jpg","某天，一名伙伴被人砍头死在小巷子内，我们心里当然有底。紧接着，街上开始流传起不可…"
"https://raw.githubusercontent.com/ixinzhi/lightnovel-2014to2017/master/奇幻☆怪盗？(怪影＊幻象) - 松智洋 - 20161212.epub",1959,"https://www.wenku8.net/book/1959.htm","title+author","奇幻☆怪盗？(怪影*幻象)","松智洋","集英社","已完结/ 已动画化","2016-12-12","492K","欢乐向 恋爱 战斗 青梅竹马","http://img.wenku8.com/image/1/1959/1959s.jpg","轻小说文库注：作者已经不幸离世。
刚升上国中一年级的不知火真，为了向双亲认识的世…"
"https://raw.githubusercontent.com/ixinzhi/lightnovel-2014to2017/master/其实，原本只要那样就好了 - 松村凉哉 - 20161210.epub",2181,"https://www.wenku8.net/book/2181.htm","title+author","其实，原本只要那样就好了","松村凉哉","电击文库","已完结","2016-12-10","85K","校园 悬疑 青春 恋爱 黑暗","http://img.wenku8.com/image/2/2181/2181s.jpg","某所国中的男学生K自杀身亡，生前留下一封遗书，仅写著「菅原拓是恶魔」。
自杀起因据…"
"https://raw.githubusercontent.com/ixinzhi/lightnovel-2014to2017/master/在异世界担任体能训练师 - わかつきひかる - 20161208.epub",2179,"https://www.wenku8.net/book/2179.htm","title_only","在异世界担任体能训练师","わかつきひかる","HJ文库","连载中","2016-12-08","70K","穿越 职场 后宫","http://img.wenku8.com/image/2/2179/2179s.jpg","体能训练师秋津翔太在工作处救人却从楼梯摔落，醒来时他发现自己倒卧在彷佛像是中世纪…"
"https://raw.githubusercontent.com/ixinzhi/lightnovel-2014to2017/master/言叶之庭 - 新海诚 - 20161203.epub",2177,"https://www.wenku8.net/book/2177.htm","title+author","言叶之庭","新海诚","其他文库","已完结/ 已动画化","2016-12-03","126K","青春 恋爱 群像","http://img.wenku8.com/image/2/2177/2177s.jpg","在「爱」来临之前，人们怀抱着「孤悲」，因孤独而渴求着某人的深层感情。
15岁的高中…"
"https://raw.githubusercontent.com/ixinzhi/lightnovel-2014to2017/master/魔剑的爱莉丝贝儿(魔剑的爱丽丝贝尔) - 赤松中学 - 20161126.epub",1335,"https://www.wenku8.net/book/1335.htm","title+author","魔剑的爱莉丝贝儿(魔剑的爱丽丝贝尔)","赤松中学","电击文库","已完结","2016-11-26","710K","校园 异能 战斗 后宫 妹妹","http://img.wenku8.com/image/1/1335/1335s.jpg","现代的日本。被称之为「异能」的人士潜伏于社会的黑暗角落，彼此间展开超乎寻常的战斗…"
"https://raw.githubusercontent.com/ixinzhi/lightnovel-2014to2017/master/巷弄间的妖怪们 绫栉小巷加纳裱褙店 - 行田尚希 - 20161124.epub",1785,"https://www.wenku8.net/book/1785.htm","title+author","巷弄间的妖怪们 绫栉小巷加纳裱褙店","行田尚希","电击文库","已完结","2016-11-24","347K","奇幻 治愈","http://img.wenku8.com/image/1/1785/1785s.jpg","毛色和黑夜一般漆黑的猫，摇着它长长的尾巴，咕溜溜地转身背对我。
然后再次回头，对…"
"https://raw.githubusercontent.com/ixinzhi/lightnovel-2014to2017/master/帕纳帝雅异谭 - 竹冈叶月 - 20161108.epub",1896,"https://www.wenku8.net/book/1896.htm","title+author","帕纳帝雅异谭","竹冈叶月","Fami通文库","已完结","2016-11-08","486K","穿越 奇幻 魔法 后宫","http://img.wenku8.com/image/1/1896/1896s.jpg","小学五年级的暑假，相川理人拯救了世界。
借助圣剑的力量封印了魔神，被世人歌颂为英…"
"https://raw.githubusercontent.com/ixinzhi/lightnovel-2014to2017/master/公主的献祭 - 十文字青 - 20161107.epub",2106,"https://www.wenku8.net/book/2106.htm","title+author","公主的献祭","十文字青","集英社","连载中","2016-11-07","190K","奇幻 战争 恋爱 黑暗","http://img.wenku8.com/image/2/2106/2106s.jpg","魔性（blood）所交织而成的大战幻想交响曲（fantastic war symphony）揭开序幕！
海迪…"
"https://raw.githubusercontent.com/ixinzhi/lightnovel-2014to2017/master/美少女花骑士 - 是钟リュウジ - 20161104.epub",2160,"https://www.wenku8.net/book/2160.htm","title+author","美少女花骑士","是钟リュウジ","Fami通文库","连载中","2016-11-04","92K","战斗 后宫 青梅竹马","http://img.wenku8.com/image/2/2160/2160s.jpg","与花季美少女拯救世界的RPG官方小说，登场！ 
曾经与人类共同生存的虫类，自某天起就变…"
"https://raw.githubusercontent.com/ixinzhi/lightnovel-2014to2017/master/超自然9人组 - 志仓千代丸 - 20161027.epub",1877,"https://www.wenku8.net/book/1877.htm","title+author","超自然9人组","志仓千代丸","其他文库","连载中/ 已动画化","2016-10-27","254K","科幻 悬疑 群像","http://img.wenku8.com/image/1/1877/1877s.jpg","——Q、你相信这个世界有鬼吗？ A、怎么可能会有那种东西啊！
居住在吉祥寺的我闻悠太…"
"https://raw.githubusercontent.com/ixinzhi/lightnovel-2014to2017/master/审稿男孩和投稿女孩 - 野村美月 - 20161026.epub",2092,"https://www.wenku8.net/book/2092.htm","title+author","审稿男孩和投稿女孩","野村美月","Fami通文库","已完结","2016-10-26","103K","青春 恋爱","http://img.wenku8.com/image/2/2092/2092s.jpg","「一次也好，我想通过第一阶段审查……」
「请你，教我写小说。」
平凡的高中生青，…"
"https://raw.githubusercontent.com/ixinzhi/lightnovel-2014to2017/master/CTG-从零开始养育电脑少女 - 玩具堂 - 20161017.epub",2019,"https://www.wenku8.net/book/2019.htm","title+author","CTG-从零开始养育电脑少女","玩具堂","角川文库","已完结","2016-10-17","280K","科幻 战斗 青梅竹马 女儿 人外","http://img.wenku8.com/image/2/2019/2019s.jpg","在VRMMO游戏「ＣｔＧ」里，春日井游和第一次见面的米珐随意地【结婚】了。但是没想到女…"
"https://raw.githubusercontent.com/ixinzhi/lightnovel-2014to2017/master/老师，你错了。 - 岸杯也 - 20161017.epub",2109,"https://www.wenku8.net/book/2109.htm","title+author","老师，你错了。","岸杯也","MF文库J","已完结","2016-10-17","278K","校园 欢乐向 青春 后宫","http://img.wenku8.com/image/2/2109/2109s.jpg","「老师，你有女朋友吗？」「呃，这个……很遗憾，我没有。」我，唐渡健太郎当上了女校…"
"https://raw.githubusercontent.com/ixinzhi/lightnovel-2014to2017/master/MONSTER DAYS - 扇友太 - 20161011.epub",2148,"https://www.wenku8.net/book/2148.htm","title+author","MONSTER DAYS","扇友太","MF文库J","已完结","2016-10-11","128K","奇幻 战斗 人外","http://img.wenku8.com/image/2/2148/2148s.jpg","一切从一千两百年前的「邂逅之日」开始——魔物出现在世界上，里面包括龙、包括妖狐、…"
"https://raw.githubusercontent.com/ixinzhi/lightnovel-2014to2017/master/我的脑内恋碍选项 - 春日部武 - 20161007.epub",1405,"https://www.wenku8.net/book/1405.htm","title+author","我的脑内恋碍选项","春日部武","角川文库","已完结/ 已动画化","2016-10-07","1050K","校园 奇幻 欢乐向 后宫 大小姐 青梅竹马","http://img.wenku8.com/image/1/1405/1405s.jpg","【选吧:①赤裸上半身大叫。②赤裸下半身大叫。】
这样乱七八糟的选项，今天又在学校里…"
"https://raw.githubusercontent.com/ixinzhi/lightnovel-2014to2017/master/魔剑军师与虹之兵团 - 壱日千次 - 20161006.epub",1882,"https://www.wenku8.net/book/1882.htm","title+author","魔剑军师与虹之兵团","壱日千次","MF文库J","已完结","2016-10-06","387K","战斗 战争 欢乐向 后宫","http://img.wenku8.com/image/1/1882/1882s.jpg","“魔剑军师”——这是拥有稀世罕见的智谋与勇武，把名字铭刻在后世的历史中的天才军师…"
"https://raw.githubusercontent.com/ixinzhi/lightnovel-2014to2017/master/惊爆危机ANOTHER(全金属狂潮another) - 大黑尚人 - 20161002.epub",1148,"https://www.wenku8.net/book/1148.htm","title+author","惊爆危机ANOTHER(全金属狂潮another)","大黑尚人","富士见文库","已完结","2016-10-02","1184K","科幻 机战 战争 恋爱 妹妹","http://img.wenku8.com/image/1/1148/1148s.jpg","科幻动作小说的顶尖作品《惊爆危机》其新故事终于展开行动！
市之澜达哉是个普通高中…"
"https://raw.githubusercontent.com/ixinzhi/lightnovel-2014to2017/master/大英雄没有职业有哪里不对 - 十文字青 - 20160929.epub",1876,"https://www.wenku8.net/book/1876.htm","title+author","大英雄没有职业有哪里不对","十文字青","其他文库","连载中","2016-09-29","293K","穿越 奇幻 魔法 后宫 人外","http://img.wenku8.com/image/1/1876/1876s.jpg","「觉醒吧（Awake）。」听到这句话醒来后，映入眼帘的是陌生的世界。为了在「像是游戏的…"
"https://raw.githubusercontent.com/ixinzhi/lightnovel-2014to2017/master/绯弹的亚莉亚AA(绯弹的亚里亚AA) - 赤松中学 - 20160929.epub",1966,"https://www.wenku8.net/book/1966.htm","title+author","绯弹的亚莉亚AA(绯弹的亚里亚AA)","赤松中学","MF文库J","已完结/ 已动画化","2016-09-29","312K","校园 战斗 欢乐向 百合 女性视角","http://img.wenku8.com/image/1/1966/1966s.jpg","我绝对要……成为亚莉亚学姊的战妹！
东京武侦高中是一所专门栽培武力侦探——通称「…"
"https://raw.githubusercontent.com/ixinzhi/lightnovel-2014to2017/master/DEEMO-LastDream- - 木尔チレン - 20160928.epub",2144,"https://www.wenku8.net/book/2144.htm","title+author","DEEMO-LastDream-","木尔チレン","其他文库","已完结","2016-09-28","66K","音乐 恋爱 女性视角","http://img.wenku8.com/image/2/2144/2144s.jpg","玩家超过八百万。
博得世界各地粉丝热爱的台湾手机音游《Deemo》
美丽而又伤感的故事…"
"https://raw.githubusercontent.com/ixinzhi/lightnovel-2014to2017/master/抽下去吧！课金女武神希尔德小姐 - 日の原裕光 - 20160924.epub",2128,"https://www.wenku8.net/book/2128.htm","title+author","抽下去吧！课金女武神希尔德小姐","日の原裕光","富士见文库","连载中","2016-09-24","87K","校园 欢乐向 后宫","http://img.wenku8.com/image/2/2128/2128s.jpg","「我问你，你是我的Master吗？」「啊灾。」
一人独居的高中生——安则润矢眼前，女武…"
"https://raw.githubusercontent.com/ixinzhi/lightnovel-2014to2017/master/圣葛罗莉安娜女学园的战斗轨迹 - 铃木贵昭 - 20160922.epub",2141,"https://www.wenku8.net/book/2141.htm","title+author","圣葛罗莉安娜女学园的战斗轨迹","铃木贵昭","其他文库","已完结","2016-09-22","53K","科幻 战争 校园 百合 女性视角","/images/noimg.jpg","少女与战车番外小说，本书为杂志连载版，无封面图…"
"https://raw.githubusercontent.com/ixinzhi/lightnovel-2014to2017/master/企业☆女孩 - 神代创 - 20160917.epub",2140,"https://www.wenku8.net/book/2140.htm","title+author","企业☆女孩","神代创","Fami通文库","连载中","2016-09-17","79K","穿越 经营 职场 冒险 后宫","http://img.wenku8.com/image/2/2140/2140s.jpg","平凡的上班族有村将人，某天突然穿越到了剑与魔法的世界。他才穿越不久，马上就遭到盗…"
"https://raw.githubusercontent.com/ixinzhi/lightnovel-2014to2017/master/大奥之樱 现代大奥女学院 - 日日日 - 20160915.epub",1452,"https://www.wenku8.net/book/1452.htm","title+author","大奥之樱 现代大奥女学院","日日日","角川文库","已完结","2016-09-15","821K","校园 战斗 后宫 妹妹","http://img.wenku8.com/image/1/1452/1452s.jpg","从火绳枪到行动电话，从和服到家用电玩主机，由这些文化混合在一块，位于大阪城最深处…"
"https://raw.githubusercontent.com/ixinzhi/lightnovel-2014to2017/master/异世界拉皇探求者 - 西表洋 - 20160913.epub",1994,"https://www.wenku8.net/book/1994.htm","title+author","异世界拉皇探求者","西表洋","GA文库","连载中","2016-09-13","152K","穿越 奇幻 欢乐向 美食 后宫","http://img.wenku8.com/image/1/1994/1994s.jpg","「呀！？兄长大人，这，这个是？」
梅抖得像个听到死刑宣告的犯人，碗公当前的她露出…"
"https://raw.githubusercontent.com/ixinzhi/lightnovel-2014to2017/master/神兵编年史 Chronicle Legion - 丈月城 - 20160909.epub",1912,"https://www.wenku8.net/book/1912.htm","title+author","神兵编年史 Chronicle Legion","丈月城","集英社","连载中","2016-09-09","347K","机战 战争 后宫","http://img.wenku8.com/image/1/1912/1912s.jpg","皇女和少年相遇，决意反抗命运──！！
二十世纪末，极东的岛国『皇国日本』被复活的…"
"https://raw.githubusercontent.com/ixinzhi/lightnovel-2014to2017/master/瓶颈 - 米泽穗信 - 20160907.epub",2132,"https://www.wenku8.net/book/2132.htm","title+author","瓶颈","米泽穗信","其他文库","已完结","2016-09-07","113K","悬疑 青春","http://img.wenku8.com/image/2/2132/2132s.jpg","为了追悼亡故恋人而拜访东寻访的我，像是被什么引诱了一样坠下悬崖……虽然我是那样的…"
"https://raw.githubusercontent.com/ixinzhi/lightnovel-2014to2017/master/音韵织成的召唤魔法 - 真代屋秀晃 - 20160903.epub",1923,"https://www.wenku8.net/book/1923.htm","title+author","音韵织成的召唤魔法","真代屋秀晃","电击文库","已完结","2016-09-03","365K","校园 奇幻 欢乐向 音乐 人外","http://img.wenku8.com/image/1/1923/1923s.jpg","人称校规守护神的古板学生会长音川真一，在他面前出现了一名麻烦透顶的美少女恶魔玛米…"
"https://raw.githubusercontent.com/ixinzhi/lightnovel-2014to2017/master/魔女的绝对道德 - 森田季节 - 20160830.epub",1906,"https://www.wenku8.net/book/1906.htm","title+author","魔女的绝对道德","森田季节","Fami通文库","已完结","2016-08-30","201K","奇幻 战斗 后宫 妹妹 人外","http://img.wenku8.com/image/1/1906/1906s.jpg","「为了延续天狗的血统，跟我结合吧。」
追踪连续杀人事件凶嫌的我——水主赖斗，反而…"
"https://raw.githubusercontent.com/ixinzhi/lightnovel-2014to2017/master/秋叶原迷宫~小小的前辈与小小的旅行~ - マホ - 20160830.epub",2124,"https://www.wenku8.net/book/2124.htm","title_only","秋叶原迷宫~小小的前辈与小小的旅行~","マホ","其他文库","已完结","2016-08-30","23K","青春 恋爱","http://img.wenku8.com/image/2/2124/2124s.jpg","小小的前辈。
身体很小欧派也很小的前辈。
懂得看时间与场合，也会在意体面，也会遵…"
"https://raw.githubusercontent.com/ixinzhi/lightnovel-2014to2017/master/红莲皇女与绝对记忆黑皇子 - 月见草平 - 20160826.epub",2104,"https://www.wenku8.net/book/2104.htm","title+author","红莲皇女与绝对记忆黑皇子","月见草平","一迅社","连载中","2016-08-26","94K","欢乐向 经营 战斗 恋爱 后宫","http://img.wenku8.com/image/2/2104/2104s.jpg","罗特希尔德皇立学院首屈一指的英才马尔斯，陪老师参加皇宫晚餐会时，遇上潜入皇宫的盗…"
"https://raw.githubusercontent.com/ixinzhi/lightnovel-2014to2017/master/杀龙的军师 ~某欺诈师的英雄谭~ - 羽田辽亮 - 20160825.epub",2029,"https://www.wenku8.net/book/2029.htm","title+author","杀龙的军师 ~某欺诈师的英雄谭~","羽田辽亮","Fami通文库","连载中","2016-08-25","96K","战争 后宫","http://img.wenku8.com/image/2/2029/2029s.jpg","少年，在不知不觉中成为名响大陆的稀代军师——！
【我就是民间传闻里天秤评议会中的…"
"https://raw.githubusercontent.com/ixinzhi/lightnovel-2014to2017/master/千年战争Aigis 月下的花嫁 - ひびき游 - 20160825.epub",2123,"https://www.wenku8.net/book/2123.htm","title+author","千年战争Aigis 月下的花嫁","ひびき游","Fami通文库","连载中","2016-08-25","82K","奇幻 战斗 后宫","http://img.wenku8.com/image/2/2123/2123s.jpg","因女神艾伊吉丝的力量，人魔战争“千年之战”以人类的胜利画上了终止符。在那之后的几…"
"https://raw.githubusercontent.com/ixinzhi/lightnovel-2014to2017/master/魔法电脑战机 - 镰池和马 - 20160822.epub",2122,"https://www.wenku8.net/book/2122.htm","title+author","魔法电脑战机","镰池和马","电击文库","已完结","2016-08-22","124K","科幻 战斗 机战","http://img.wenku8.com/image/2/2122/2122s.jpg","学园都市有项大人气次世代竞技，那即是用巨大机器人在现实的城市里进行格斗战。其正式…"
"https://raw.githubusercontent.com/ixinzhi/lightnovel-2014to2017/master/幽落町妖怪杂货店 - 苍月海里 - 20160821.epub",1933,"https://www.wenku8.net/book/1933.htm","title+author","幽落町妖怪杂货店","苍月海里","电击文库","已完结","2016-08-21","314K","奇幻 悬疑","http://img.wenku8.com/image/1/1933/1933s.jpg","刚升上大学、自乡下来到东京的御城彼方，原以为自己租到有乐町的便宜房子，来到目的地…"
"https://raw.githubusercontent.com/ixinzhi/lightnovel-2014to2017/master/漆黑英雄的一击无双(黑之英雄的一击无双) - 望公太 - 20160821.epub",1531,"https://www.wenku8.net/book/1531.htm","title+author","漆黑英雄的一击无双(黑之英雄的一击无双)","望公太","HJ文库","连载中","2016-08-21","416K","校园 魔法 龙傲天 后宫 妹妹","http://img.wenku8.com/image/1/1531/1531s.jpg","在专门培育对付魔族的魔法使为宗旨的学校之中，排名第一的才女，久远院雪羽忽然遭逢一…"
"https://raw.githubusercontent.com/ixinzhi/lightnovel-2014to2017/master/ROOM NO.1301 - 新井辉 - 20160819.epub",77,"https://www.wenku8.net/book/77.htm","title+author","ROOM NO.1301","新井辉","富士见文库","已完结","2016-08-19","1327K","校园 青春 恋爱 欢乐向 后宫","http://img.wenku8.com/image/0/77/77s.jpg","健一思索著。
恋爱是什么呢？所谓的喜欢，到底又是怎么一回事？
答案远在天边，又近…"
"https://raw.githubusercontent.com/ixinzhi/lightnovel-2014to2017/master/欢迎来到最终迷宫 - 周防ツカサ - 20160818.epub",2022,"https://www.wenku8.net/book/2022.htm","title_only","欢迎来到最终迷宫","周防司","电击文库","连载中","2016-08-18","180K","穿越 欢乐向 战斗 后宫 人外","http://img.wenku8.com/image/2/2022/2022s.jpg","少年悟有两张面孔。白天是「有一点棘手」的问题高中生， 到了夜晚却是受到魔王的女儿—…"
"https://raw.githubusercontent.com/ixinzhi/lightnovel-2014to2017/master/孤独公主与神灯恶魔 - 入江君人 - 20160815.epub",2105,"https://www.wenku8.net/book/2105.htm","title+author","孤独公主与神灯恶魔","入江君人","富士见文库","连载中","2016-08-15","215K","奇幻 恋爱 女性视角","http://img.wenku8.com/image/2/2105/2105s.jpg","传说能实现任何愿望的神灯恶魔，出现在帝国霸王的独生女──珂古兰公主面前。
然而，…"
"https://raw.githubusercontent.com/ixinzhi/lightnovel-2014to2017/master/我家的巫女最可爱！ - 早矢冢かつや - 20160813.epub",2014,"https://www.wenku8.net/book/2014.htm","title+author","我家的巫女最可爱！","早矢冢かつや","一迅社","连载中","2016-08-13","73K","校园 欢乐向 青春 恋爱","http://img.wenku8.com/image/2/2014/2014s.jpg","拥有超越常理的力量，神与人类的混血「Demigod（半神） 」。
据说只要在明年东京举办…"
"https://raw.githubusercontent.com/ixinzhi/lightnovel-2014to2017/master/电子魔法使钝妮卡 - 长谷川启介 - 20160812.epub",2113,"https://www.wenku8.net/book/2113.htm","title+author","电子魔法使钝妮卡","长谷川启介","电击文库","已完结","2016-08-12","79K","校园 奇幻 魔法 恋爱 女性视角","http://img.wenku8.com/image/2/2113/2113s.jpg","就读魔法学校的少女妮卡。虽然她以吊车尾广为人知，但这是有理由的——古魔道具宅。她…"
"https://raw.githubusercontent.com/ixinzhi/lightnovel-2014to2017/master/伊青之春的所有 - 庵田定夏 - 20160810.epub",2021,"https://www.wenku8.net/book/2021.htm","title+author","伊青之春的所有","庵田定夏","Fami通文库","连载中","2016-08-10","294K","穿越 校园 青春 恋爱 青梅竹马","http://img.wenku8.com/image/2/2021/2021s.jpg","【如果可以再次让高中生活重来，你怎么做？】。只有轮月高校的学生才会有的不可思议的…"
"https://raw.githubusercontent.com/ixinzhi/lightnovel-2014to2017/master/一个人也能活下去的！ - 晓雪 - 20160809.epub",2100,"https://www.wenku8.net/book/2100.htm","title+author","一个人也能活下去的！","晓雪","MF文库J","已完结","2016-08-09","175K","校园 青春 恋爱 欢乐向","http://img.wenku8.com/image/2/2100/2100s.jpg","「地球上根本不存在什么个性好的美少女。」
因为秉持这个信念，喜欢搞笑表演的少年织…"
"https://raw.githubusercontent.com/ixinzhi/lightnovel-2014to2017/master/君之名(你的名字) - 新海诚 - 20160719.epub",2102,"https://www.wenku8.net/book/2102.htm","title+author","君之名(你的名字)","新海诚","MF文库J","已完结/ 已动画化","2016-07-19","71K","科幻 青春 恋爱 性转","http://img.wenku8.com/image/2/2102/2102s.jpg","未曾相识的两人，不可解的相遇，让命运的齿轮开始转动──
家住深山的女高中生三叶，…"
"https://raw.githubusercontent.com/ixinzhi/lightnovel-2014to2017/master/羽月莉音的帝国 - 至道流星 - 20160716.epub",939,"https://www.wenku8.net/book/939.htm","title+author","羽月莉音的帝国","至道流星","小学馆","已完结","2016-07-16","1373K","冒险 斗智 经营 战争 后宫","http://img.wenku8.com/image/0/939/939s.jpg","美少女羽月莉音创建了革命社，最终目标是建国！男主角羽月巳继被他的表姊羽月莉音强迫…"
"https://raw.githubusercontent.com/ixinzhi/lightnovel-2014to2017/master/Aster girl（紫菀少女） - 本知そら - 20160713.epub",2099,"https://www.wenku8.net/book/2099.htm","title+author","Aster girl（紫菀少女）","本知そら","其他文库","连载中","2016-07-13","18K","青春 恋爱 性转 百合","http://img.wenku8.com/image/2/2099/2099s.jpg","无简介…"
"https://raw.githubusercontent.com/ixinzhi/lightnovel-2014to2017/master/银闪战乙女与封门公主 - 濑尾つかさ - 20160708.epub",1536,"https://www.wenku8.net/book/1536.htm","title+author","银闪战乙女与封门公主","濑尾つかさ","一迅社","已完结","2016-07-08","649K","穿越 魔法 战斗 后宫 妹妹","http://img.wenku8.com/image/1/1536/1536s.jpg","璜特·唐是邻接于地球的魔法世界。过去棹砥曾经召唤到这个遭受怪物袭击的世界来帮忙，…"
"https://raw.githubusercontent.com/ixinzhi/lightnovel-2014to2017/master/星刻龙骑士 - 瑞智士记 - 20160707.epub",1005,"https://www.wenku8.net/book/1005.htm","title+author","星刻龙骑士","瑞智士记","MF文库J","已完结/ 已动画化","2016-07-07","1937K","校园 奇幻 战斗 后宫 人外 妹妹","http://img.wenku8.com/image/1/1005/1005s.jpg","这是一个龙族与人类共生的世界，藉由某种特殊仪式，人类与龙族缔造亲密的主从关系。
…"
"https://raw.githubusercontent.com/ixinzhi/lightnovel-2014to2017/master/K官方小说 - 合作 - 20160701.epub",1411,"https://www.wenku8.net/book/1411.htm","title+author","K官方小说","合作","讲谈社","已完结/ 已动画化","2016-07-01","540K","奇幻 异能 战斗 群像","http://img.wenku8.com/image/1/1411/1411s.jpg","五卷小说作者分别是：古桥秀之 来乐零 宫泽龙生 壁井有可子 字野耕平
「青之王」宗像…"
"https://raw.githubusercontent.com/ixinzhi/lightnovel-2014to2017/master/前任勇者想隐居 - 井々田K - 20160628.epub",1764,"https://www.wenku8.net/book/1764.htm","title+author","前任勇者想隐居","井々田K","MF文库J","连载中","2016-06-28","393K","穿越 奇幻 龙傲天 后宫 人外","http://img.wenku8.com/image/1/1764/1764s.jpg","平凡无奇的国中生社勇以勇者身分被召唤至异世界，他成功封印魔王，为世界带来和平，并…"
"https://raw.githubusercontent.com/ixinzhi/lightnovel-2014to2017/master/时钟机关之星Clockwork Planet - 榎宫佑 暇奈椿 - 20160628.epub",1499,"https://www.wenku8.net/book/1499.htm","title+author","时钟机关之星Clockwork Planet","榎宫佑 暇奈椿","讲谈社","已完结/ 已动画化","2016-06-28","588K","科幻 战斗 冒险 后宫 人外","http://img.wenku8.com/image/1/1499/1499s.jpg","——说来突兀，不过世界早就灭亡了。
死亡后的地球，变成一切都用齿轮与发条加以重现…"
"https://raw.githubusercontent.com/ixinzhi/lightnovel-2014to2017/master/PSYCOME炼爱学狱(恋狱剧场) - 水城水城 - 20160627.epub",1488,"https://www.wenku8.net/book/1488.htm","title+author","PSYCOME炼爱学狱(恋狱剧场)","水城水城","Fami通文库","已完结","2016-06-27","840K","校园 恋爱 欢乐向 后宫 妹妹","http://img.wenku8.com/image/1/1488/1488s.jpg","「一群畜牲！给我搞清楚畜牲是没人权的９
「炼狱更生学院」——未成年犯罪者的聚集之…"
"https://raw.githubusercontent.com/ixinzhi/lightnovel-2014to2017/master/当不成勇者的我，只好认真找工作了 - 左京润 - 20160627.epub",1423,"https://www.wenku8.net/book/1423.htm","title+author","当不成勇者的我，只好认真找工作了","左京润","富士见文库","已完结/ 已动画化","2016-06-27","826K","奇幻 职场 欢乐向 后宫","http://img.wenku8.com/image/1/1423/1423s.jpg","魔王竟然在勇者测验前夕被打倒，导致少年·劳尔当不成勇者。从小到大的梦想破灭、怀才…"
"https://raw.githubusercontent.com/ixinzhi/lightnovel-2014to2017/master/猫耳天使与恋爱苹果 - 花间灯 - 20160626.epub",1754,"https://www.wenku8.net/book/1754.htm","title+author","猫耳天使与恋爱苹果","花间灯","MF文库J","已完结","2016-06-26","198K","校园 后宫 青梅竹马 妹妹 人外","http://img.wenku8.com/image/1/1754/1754s.jpg","高二生一树吃了一颗能够实现各种愿望的「天界苹果」，并且在吃了苹果之后遭到恶魔的追…"
"https://raw.githubusercontent.com/ixinzhi/lightnovel-2014to2017/master/剪刀·石头·布 - 木村心一 - 20160623.epub",2096,"https://www.wenku8.net/book/2096.htm","title+author","剪刀·石头·布","木村心一","富士见文库","连载中","2016-06-23","163K","校园 异能 欢乐向 后宫 青梅竹马","http://img.wenku8.com/image/2/2096/2096s.jpg","「我在找最强的人――和马哥９
升升学园――这是一座位于太平洋上的学园都市，聚集在…"
"https://raw.githubusercontent.com/ixinzhi/lightnovel-2014to2017/master/东京侵域：Closed Eden - 岩井恭平 - 20160615.epub",1849,"https://www.wenku8.net/book/1849.htm","title+author","东京侵域：Closed Eden","岩井恭平","角川文库","连载中","2016-06-15","353K","科幻 战斗 冒险 人外 妹妹","http://img.wenku8.com/image/1/1849/1849s.jpg","两年之前，『东京』遭遇了灾难——高中生秋月莲次和著名偶像弓家叶方有着一个共同的秘…"
"https://raw.githubusercontent.com/ixinzhi/lightnovel-2014to2017/master/IS(Infinite Stratos) - 弓弦逸鹤 - 20160613.epub",446,"https://www.wenku8.net/book/446.htm","title+author","IS(Infinite Stratos)","弓弦逸鹤","其他文库","连载中/ 已动画化","2016-06-13","902K","校园 战斗 机战 后宫 青梅竹马","http://img.wenku8.com/image/0/446/446s.jpg","IS学园是一所培养只对女性有反应的兵器──「Infinite Stratos」（IS）操纵者的学校。…"
"https://raw.githubusercontent.com/ixinzhi/lightnovel-2014to2017/master/深夜烘焙坊 - 大沼纪子 - 20160601.epub",2077,"https://www.wenku8.net/book/2077.htm","title+author","深夜烘焙坊","大沼纪子","其他文库","已完结","2016-06-01","221K","美食 治愈 JK","http://img.wenku8.com/image/2/2077/2077s.jpg","充满人情味的面包，伤心的人请大口咬下！
即使是孤单一天，即使没有温暖的餐桌
面包…"
"https://raw.githubusercontent.com/ixinzhi/lightnovel-2014to2017/master/Let’s Party来组队吧！ - 小金井ゴル - 20160529.epub",2086,"https://www.wenku8.net/book/2086.htm","title+author","Let’s Party来组队吧！","小金井ゴル","GA文库","连载中","2016-05-29","114K","魔法 冒险 战斗 欢乐向 后宫","http://img.wenku8.com/image/2/2086/2086s.jpg","同伴（Party)——
对于以狩猎魔物维生的猎人来说，这是不可欠缺的牵绊。同伴之间互相分…"
"https://raw.githubusercontent.com/ixinzhi/lightnovel-2014to2017/master/Y的纹章师 - 越智文比古 - 20160524.epub",2083,"https://www.wenku8.net/book/2083.htm","title+author","Y的纹章师","越智文比古","MF文库J","连载中","2016-05-24","101K","校园 魔法 战斗 龙傲天 后宫","http://img.wenku8.com/image/2/2083/2083s.jpg","里昂·卡特，是在这拥有纹章力量的少年少女所就读的罗文纹章学园的学生。
就算因为许…"
"https://raw.githubusercontent.com/ixinzhi/lightnovel-2014to2017/master/与某飞行员的誓约 - 犬村小六 - 20160523.epub",1758,"https://www.wenku8.net/book/1758.htm","title+author","与某飞行员的誓约","犬村小六","小学馆","连载中","2016-05-23","1219K","恋爱 战争 冒险","http://img.wenku8.com/image/1/1758/1758s.jpg","被大瀑布隔开四千多座岛屿的「多岛海」。
在这被海德拉巴联合共同体、圣沃尔特帝国、…"
"https://raw.githubusercontent.com/ixinzhi/lightnovel-2014to2017/master/这才是神父的真面目 - 城道コスケ - 20160520.epub",2079,"https://www.wenku8.net/book/2079.htm","title+author","这才是神父的真面目","城道コスケ","HJ文库","连载中","2016-05-20","62K","奇幻 魔法 龙傲天 欢乐向 恋爱","http://img.wenku8.com/image/2/2079/2079s.jpg","那个神父，果然是个人渣
从事着在教会复活勇者工作的神父拉鲁弗是个性骚扰常犯。
明…"
"https://raw.githubusercontent.com/ixinzhi/lightnovel-2014to2017/master/EX！ - 织田兄第 - 20160514.epub",162,"https://www.wenku8.net/book/162.htm","title+author","EX！","织田兄第","GA文库","连载中","2016-05-14","723K","校园 异能 战斗 欢乐向 后宫","http://img.wenku8.com/image/0/162/162s.jpg","这所新学校，竟然是邪恶组织的人才培训所？
就读高中的大和一哉有个不为人知的秘密：…"
"https://raw.githubusercontent.com/ixinzhi/lightnovel-2014to2017/master/RAIL WARS！国有铁道公安队 - 丰田巧 - 20160514.epub",1748,"https://www.wenku8.net/book/1748.htm","title+author","RAIL WARS！国有铁道公安队","丰田巧","其他文库","连载中/ 已动画化","2016-05-14","399K","职场 旅行 战斗 恋爱 后宫","http://img.wenku8.com/image/1/1748/1748s.jpg","「如果电车内有色狼想要逃跑该怎么办？」「当然是开枪射杀９樱井葵不假思索回答，我则…"
"https://raw.githubusercontent.com/ixinzhi/lightnovel-2014to2017/master/游泳社的女生比率太高，我输给诱惑了 - 三叶 - 20160513.epub",2075,"https://www.wenku8.net/book/2075.htm","title+author","游泳社的女生比率太高，我输给诱惑了","三叶","一迅社","已完结","2016-05-13","55K","校园 欢乐向 后宫 青梅竹马","http://img.wenku8.com/image/2/2075/2075s.jpg","从幼儿园到中学一直都在男子学校就读的我，完全无法免疫除青梅竹马瑞浪叶月以外的女生…"
"https://raw.githubusercontent.com/ixinzhi/lightnovel-2014to2017/master/山羊岛的蓝色奇迹 - 多利安助川 - 20160425.epub",2071,"https://www.wenku8.net/book/2071.htm","title+author","山羊岛的蓝色奇迹","多利安助川","其他文库","已完结","2016-04-25","121K","青春","http://img.wenku8.com/image/2/2071/2071s.jpg","饱受自杀冲动所苦的青年菊地凉介来到南方的安布里岛，为的是寻找母亲生前警察提起的那…"
"https://raw.githubusercontent.com/ixinzhi/lightnovel-2014to2017/master/北纬四十三度的神话 - 浅仓卓弥 - 20160414.epub",2058,"https://www.wenku8.net/book/2058.htm","title+author","北纬四十三度的神话","浅仓卓弥","其他文库","已完结","2016-04-14","103K","青春 恋爱 NTR 女性视角","http://img.wenku8.com/image/2/2058/2058s.jpg","在冰天雪地的城市长大的两姊妹，姊姊菜穗子在当地大学念书，之后就在学校当助教，妹妹…"
"https://raw.githubusercontent.com/ixinzhi/lightnovel-2014to2017/master/海鸥食堂 - 群阳子 - 20160414.epub",2059,"https://www.wenku8.net/book/2059.htm","title+author","海鸥食堂","群阳子","其他文库","连载中","2016-04-14","50K","美食 治愈","http://img.wenku8.com/image/2/2059/2059s.jpg","满载手作心意的饭团、挤满鲜奶油的芬芳肉桂卷……
这里是海鸥食堂，一个梦想实现的乐…"
"https://raw.githubusercontent.com/ixinzhi/lightnovel-2014to2017/master/狗与剪刀必有用 - 更伊俊介 - 20160414.epub",1284,"https://www.wenku8.net/book/1284.htm","title+author","狗与剪刀必有用","更伊俊介","Fami通文库","","","","奇幻 悬疑 欢乐向","http://img.wenku8.com/image/1/1284/1284s.jpg","「还没看完怎么能死９某一天，我意外死在强盗手中，却由于身为书痴的执着而奇迹似地复…"
"https://raw.githubusercontent.com/ixinzhi/lightnovel-2014to2017/master/4TEEN(十四岁) - 石田衣良 - 20160410.epub",787,"https://www.wenku8.net/book/787.htm","title+author","4TEEN(十四岁)","石田衣良","其他文库","已完结","2016-04-10","93K","校园 青春 恋爱 群像","http://img.wenku8.com/image/0/787/787s.jpg","月岛，一个「今天」与「明天」共存的市镇。划开天际的摩天大楼、马路上随处可见的长屋…"
"https://raw.githubusercontent.com/ixinzhi/lightnovel-2014to2017/master/盛开之花 其色如血 - 雾崎雀 - 20160407.epub",1847,"https://www.wenku8.net/book/1847.htm","title+author","盛开之花 其色如血","雾崎雀","小学馆","已完结","2016-04-07","223K","犯罪 黑暗 战斗 冒险 恋爱","http://img.wenku8.com/image/1/1847/1847s.jpg","不知何时出现在这个世间的，寄生在人类身上的妖花。被花寄生的人类——“宿主”会在头…"
"https://raw.githubusercontent.com/ixinzhi/lightnovel-2014to2017/master/Bitch女友与清纯的她 - 绫野阳一 - 20160407.epub",2030,"https://www.wenku8.net/book/2030.htm","title+author","Bitch女友与清纯的她","绫野阳一","一迅社","已完结","2016-04-07","108K","校园 欢乐向 青春 后宫","http://img.wenku8.com/image/2/2030/2030s.jpg","认为自己是个丑男的高中生皆野郁夫，在一天偶然间遇见了据说是住在网络上的「神明」，…"
"https://raw.githubusercontent.com/ixinzhi/lightnovel-2014to2017/master/那年夏天，你打来的电话 - 三秋缒 - 20160407.epub",2052,"https://www.wenku8.net/book/2052.htm","title+author","那年夏天，你打来的电话","三秋缒","电击文库","已完结","2016-04-07","188K","青春 恋爱","http://img.wenku8.com/image/2/2052/2052s.jpg","『你有一段放不下的恋情，对吧？』
国三毕业的春天，我接到一通电话，电话里的女子这…"
"https://raw.githubusercontent.com/ixinzhi/lightnovel-2014to2017/master/听说桐岛退社了 - 朝井辽 - 20160404.epub",2051,"https://www.wenku8.net/book/2051.htm","title+author","听说桐岛退社了","朝井辽","集英社","已完结","2016-04-04","75K","青春 群像","http://img.wenku8.com/image/2/2051/2051s.jpg","17岁的苦涩与甜美×青春的纠结与勇气
五十年来最年轻直木赏得主朝井辽文坛惊艳作
今…"
"https://raw.githubusercontent.com/ixinzhi/lightnovel-2014to2017/master/绿阳探求士的叙情诗 - 相泽沙呼 - 20160401.epub",2047,"https://www.wenku8.net/book/2047.htm","title+author","绿阳探求士的叙情诗","相泽沙呼","MF文库J","连载中","2016-04-01","112K","奇幻 冒险 战斗","http://img.wenku8.com/image/2/2047/2047s.jpg","“我想，成为冒险者——”魔术才能捉襟见肘的少年——吉赛尔·安德布尔库林。主动从魔…"
"https://raw.githubusercontent.com/ixinzhi/lightnovel-2014to2017/master/在废墟中乞求 - 佐佐木让 - 20160331.epub",2049,"https://www.wenku8.net/book/2049.htm","title+author","在废墟中乞求","佐佐木让","其他文库","已完结","2016-03-31","127K","悬疑 黑暗","http://img.wenku8.com/image/2/2049/2049s.jpg","我了解你的绝望，但我又该如何治愈那尖锐、剧痛的伤痕……
刑警仙道孝司，怠惰、不愿…"
"https://raw.githubusercontent.com/ixinzhi/lightnovel-2014to2017/master/死体泥棒(窃尸贼) - 唐边叶介 - 20160329.epub",2044,"https://www.wenku8.net/book/2044.htm","title+author","死体泥棒(窃尸贼)","唐边叶介","讲谈社","已完结","2016-03-29","89K","猎奇 脑洞","http://img.wenku8.com/image/2/2044/2044s.jpg","我偷偷潜入了突然死亡的女友的葬礼，把她的尸体偷出来并藏在了我独居公寓的冷藏库中，…"
"https://raw.githubusercontent.com/ixinzhi/lightnovel-2014to2017/master/后宫乐园棒球(后宫乐园球场) - 石川博品 - 20160326.epub",1949,"https://www.wenku8.net/book/1949.htm","title+author","后宫乐园棒球(后宫乐园球场)","石川博品","集英社","已完结","2016-03-26","191K","竞技 伪娘","http://img.wenku8.com/image/1/1949/1949s.jpg","绝世美少女用棒球争夺皇帝的宠爱！
棒球比赛和吵吵闹闹是后宫精彩的风景——大白日帝…"
"https://raw.githubusercontent.com/ixinzhi/lightnovel-2014to2017/master/魔女狩猎的谢幕欢呼 - 纸城境介 - 20160320.epub",2039,"https://www.wenku8.net/book/2039.htm","title+author","魔女狩猎的谢幕欢呼","纸城境介","集英社","已完结","2016-03-20","116K","奇幻 悬疑 战斗","http://img.wenku8.com/image/2/2039/2039s.jpg","犯人是魔女。手法是魔法。
在祭典中，少女陷入火海，以密室加上众人环视下，模仿千年…"
"https://raw.githubusercontent.com/ixinzhi/lightnovel-2014to2017/master/破除者(邪之制裁者) - 兔月山羊 - 20160319.epub",1686,"https://www.wenku8.net/book/1686.htm","title+author","破除者(邪之制裁者)","兔月山羊","电击文库","已完结","2016-03-19","460K","科幻 悬疑 犯罪 斗智 妹妹","http://img.wenku8.com/image/1/1686/1686s.jpg","将丑陋的人皮戴在脸上，自称「恐惧之脸（Scare Face）」的谜样男子占据了一所高中，并…"
"https://raw.githubusercontent.com/ixinzhi/lightnovel-2014to2017/master/狙击冰风 雪妖精与白色死神 - 柳内たくみ - 20160301.epub",1507,"https://www.wenku8.net/book/1507.htm","title+author","狙击冰风 雪妖精与白色死神","柳内たくみ","其他文库","已完结","2016-03-01","148K","战争 女性视角","http://img.wenku8.com/image/1/1507/1507s.jpg","1939年，纽沃斯联邦（维纳亚军）对小国斯欧密共和国发动了以侵占领土为目标的侵略战争…"
"https://raw.githubusercontent.com/ixinzhi/lightnovel-2014to2017/master/折断的龙骨 - 米泽穗信 - 20160226.epub",2026,"https://www.wenku8.net/book/2026.htm","title+author","折断的龙骨","米泽穗信","其他文库","已完结","2016-02-26","238K","悬疑 奇幻 战斗","http://img.wenku8.com/image/2/2026/2026s.jpg","在十二世纪末的英国，位于北海的索伦群岛──从不列颠岛搭船需要三天才能够抵达的此处…"
"https://raw.githubusercontent.com/ixinzhi/lightnovel-2014to2017/master/这尊情趣娃娃是我的妹妹吗？ - 芦屋六月 - 20160226.epub",2028,"https://www.wenku8.net/book/2028.htm","title+author","这尊情趣娃娃是我的妹妹吗？","芦屋六月","电击文库","已完结","2016-02-26","109K","职场 青春 恋爱 欢乐向 妹妹","http://img.wenku8.com/image/2/2028/2028s.jpg","面对日渐成熟、充满魅力的妹妹，我无法压抑自己的情感，于是犹如要逃离这悖德的欲望似…"
"https://raw.githubusercontent.com/ixinzhi/lightnovel-2014to2017/master/假面骑士龙骑 - 井上敏树 - 20160212.epub",2024,"https://www.wenku8.net/book/2024.htm","title+author","假面骑士龙骑(假面骑士系列三)","井上敏树","讲谈社","已完结/ 已动画化","2016-02-12","68K","科幻 战斗","http://img.wenku8.com/image/2/2024/2024s.jpg","「残存到最后的人的不管什么愿望都能实现」————以这句话为导火索，假面骑士们展开…"
"https://raw.githubusercontent.com/ixinzhi/lightnovel-2014to2017/master/舞星洒落的雷涅席库尔(起舞的降星雷涅西库尔) - 裕时悠示 - 20160212.epub",1125,"https://www.wenku8.net/book/1125.htm","title+author","舞星洒落的雷涅席库尔(起舞的降星雷涅西库尔","裕时悠示","GA文库","已完结","2016-02-12","662K","校园 异能 战斗 后宫 青梅竹马 大小姐","http://img.wenku8.com/image/1/1125/1125s.jpg","不断逃避的少年，总是落败的少女。
两人相遇于胜者统治一切的学园之中——
「无论是…"
"https://raw.githubusercontent.com/ixinzhi/lightnovel-2014to2017/master/雪翼的芙莉吉亚 - 松山刚 - 20160212.epub",2010,"https://www.wenku8.net/book/2010.htm","title+author","雪翼的芙莉吉亚","松山刚","电击文库","已完结","2016-02-12","89K","奇幻 青春","http://img.wenku8.com/image/2/2010/2010s.jpg","这里是拥有翅膀的人们所居住的世界。因意外失去翅膀的“飞翔士”少女芙莉吉亚为了再次…"
"https://raw.githubusercontent.com/ixinzhi/lightnovel-2014to2017/master/境界的彼方 - 鸟居なごむ - 20160201.epub",1682,"https://www.wenku8.net/book/1682.htm","title+author","境界的彼方","鸟居なごむ","其他文库","连载中/ 已动画化","2016-02-01","114K","校园 奇幻 异能 战斗 恋爱","http://img.wenku8.com/image/1/1682/1682s.jpg","一个偶然的契机，人类和妖梦之间出生的少年——神原秋人，有一天与在学校屋顶看上去要…"
"https://raw.githubusercontent.com/ixinzhi/lightnovel-2014to2017/master/笨蛋，测验，召唤兽 - 井上坚二 - 20160125.epub",4,"https://www.wenku8.net/book/4.htm","title+author","笨蛋，测验，召唤兽","井上坚二","Fami通文库","已完结/ 已动画化","2016-01-25","1761K","校园 奇幻 战斗 欢乐向 后宫","http://img.wenku8.com/image/0/4/4s.jpg","顶级教室争夺战即将开打，召唤兽现身吧！
「我不要这种教室啦９──笨蛋明久的喊叫声…"
"https://raw.githubusercontent.com/ixinzhi/lightnovel-2014to2017/master/巴冈特反英雄谭(巴甘多反英雄传) - 八街步 - 20151222.epub",1551,"https://www.wenku8.net/book/1551.htm","title+author","巴冈特反英雄谭(巴甘多反英雄传)","八街步","富士见文库","连载中","2015-12-22","548K","校园 奇幻 战争 后宫 妹妹","http://img.wenku8.com/image/1/1551/1551s.jpg","数十年前，《魔王》率领魔族侵略巴冈特大陆，人类落败被逼至穷途末路。但是人称《天圣…"
"https://raw.githubusercontent.com/ixinzhi/lightnovel-2014to2017/master/独立学园国家的召唤术科生 - 镜银钵 - 20151221.epub",2005,"https://www.wenku8.net/book/2005.htm","title+author","独立学园国家的召唤术科生","镜银钵","MF文库J","连载中","2015-12-21","103K","奇幻 校园 战斗 后宫 青梅竹马","http://img.wenku8.com/image/2/2005/2005s.jpg","以神、天使、恶魔、精灵、妖怪、英灵、怪物等一切超常存在为持有灵的召唤术师。独立学…"
"https://raw.githubusercontent.com/ixinzhi/lightnovel-2014to2017/master/英雄传说 闪之轨迹~心灵交错~ - 草薙アキ - 20151221.epub",2004,"https://www.wenku8.net/book/2004.htm","title+author","英雄传说 闪之轨迹~心灵交错~","草薙アキ","其他文库","已完结","2015-12-21","64K","校园 奇幻 战斗 性转","http://img.wenku8.com/image/2/2004/2004s.jpg","由于战术导力器“ARCUS”的错误启动，黎恩和亚莉莎，劳拉和菲的精神两两互换了。他们在…"
"https://raw.githubusercontent.com/ixinzhi/lightnovel-2014to2017/master/心连·情结(恋爱随意链接) - 庵田定夏 - 20151221.epub",1132,"https://www.wenku8.net/book/1132.htm","title+author","心连·情结(恋爱随意链接)","庵田定夏","Fami通文库","","","","校园 科幻 恋爱 群像 欢乐向 性转","http://img.wenku8.com/image/1/1132/1132s.jpg","在平稳崩溃时，五人之间的关系即将产生变化！
八重樫太一、永濑伊织、稻叶姬子、桐山…"
"https://raw.githubusercontent.com/ixinzhi/lightnovel-2014to2017/master/第99位吸血姬 - サイトウケンジ - 20151210.epub",2002,"https://www.wenku8.net/book/2002.htm","title_only","第99位吸血姬","サイトウケンジ","MF文库J","已完结","2015-12-10","100K","奇幻 校园 后宫 人外 妹妹","http://img.wenku8.com/image/2/2002/2002s.jpg","都市传说实体化的存在——『Lore』
高中生少年九十九仁把其中最强最著名的『吸血鬼Lo…"
"https://raw.githubusercontent.com/ixinzhi/lightnovel-2014to2017/master/Life Alive！ - 朝野始 - 20151208.epub",1940,"https://www.wenku8.net/book/1940.htm","title+author","Life Alive！","朝野始","MF文库J","已完结","2015-12-08","304K","校园 欢乐向 青春 恋爱 后宫","http://img.wenku8.com/image/1/1940/1940s.jpg","私立濑海学园──学生数7000人的豪门名校。
葛原北斗──在这所学校里被学生们称为「人…"
"https://raw.githubusercontent.com/ixinzhi/lightnovel-2014to2017/master/海波家的付丧神 - 淡路帆希 - 20151120.epub",2000,"https://www.wenku8.net/book/2000.htm","title+author","海波家的付丧神","淡路帆希","少女文库","连载中","2015-11-20","93K","奇幻 治愈","http://img.wenku8.com/image/2/2000/2000s.jpg","父母因事故去世的高中生海波大地，要一个人在乡下的家中生活。他虽然很不想和他人扯上…"
"https://raw.githubusercontent.com/ixinzhi/lightnovel-2014to2017/master/Steins；Gate命运石之门(助手视角篇) - 三轮清宗 - 20151118.epub",1400,"https://www.wenku8.net/book/1400.htm","title+author","Steins；Gate命运石之门(助手视角篇)","三轮清宗","角川文库","已完结","2015-11-18","357K","科幻 悬疑 恋爱 女性视角","http://img.wenku8.com/image/1/1400/1400s.jpg","为了与父亲和好而来到「无线电馆」的牧濑红莉栖，却在该处丧命。
躺在不知其名，身穿…"
"https://raw.githubusercontent.com/ixinzhi/lightnovel-2014to2017/master/冰雪少女 - 山田有 - 20151118.epub",1543,"https://www.wenku8.net/book/1543.htm","title+author","冰雪少女","山田有","富士见文库","连载中","2015-11-18","155K","校园 奇幻 青春 后宫","http://img.wenku8.com/image/1/1543/1543s.jpg","常遇上怪事的高中生「我」在无意间误闯雪儿的世界，巧遇叫做雪儿的女孩子，并在因缘际…"
"https://raw.githubusercontent.com/ixinzhi/lightnovel-2014to2017/master/铃酱NOW！SSs - sezu - 20151118.epub",1999,"https://www.wenku8.net/book/1999.htm","title+author","铃酱NOW！SSs","sezu","一迅社","连载中","2015-11-18","99K","音乐","http://img.wenku8.com/image/1/1999/1999s.jpg","在niconico动画网站上掀起轰动，高唱对VOCALOID&#12539;镜音铃的热爱的那首迷（？）曲改…"
"https://raw.githubusercontent.com/ixinzhi/lightnovel-2014to2017/master/光刃魔王与月影少女军师 - 桜崎あきと - 20151113.epub",1996,"https://www.wenku8.net/book/1996.htm","title+author","光刃魔王与月影少女军师","桜崎あきと","HJ文库","连载中","2015-11-13","127K","奇幻 战争 后宫 妹妹 青梅竹马","http://img.wenku8.com/image/1/1996/1996s.jpg","艾尔席里雅王国遭到军事大国锷鲁马吉亚帝国侵略。王国中最出色的「六魔将」之首兼魔术…"
"https://raw.githubusercontent.com/ixinzhi/lightnovel-2014to2017/master/濒临绝种的左眼龙王 - 千月さかき - 20151113.epub",1997,"https://www.wenku8.net/book/1997.htm","title+author","濒临绝种的左眼龙王","千月さかき","HJ文库","连载中","2015-11-13","99K","奇幻 魔法 后宫 青梅竹马 人外","http://img.wenku8.com/image/1/1997/1997s.jpg","魔法使驱逐巨龙后，如今跃升为君临世界的上位中，被世人冠上魔法使〈失败作〉之名的少…"
"https://raw.githubusercontent.com/ixinzhi/lightnovel-2014to2017/master/王者英雄战记 - 稻叶义明 - 20151109.epub",1900,"https://www.wenku8.net/book/1900.htm","title+author","王者英雄战记","稻叶义明","Fami通文库","已完结","2015-11-09","224K","穿越 奇幻 冒险 恋爱","http://img.wenku8.com/image/1/1900/1900s.jpg","平凡的高中生天城飒也在某天突然被丢进异界，那是一个众神君临，存在着魔法、幻兽与怪…"
"https://raw.githubusercontent.com/ixinzhi/lightnovel-2014to2017/master/懒洋洋寝猫的怠惰侦探帖 - 舞阪洸 - 20151108.epub",1991,"https://www.wenku8.net/book/1991.htm","title+author","懒洋洋寝猫的怠惰侦探帖","舞阪洸","Fami通文库","连载中","2015-11-08","79K","悬疑 战斗 欢乐向 女性视角","http://img.wenku8.com/image/1/1991/1991s.jpg","在这个没有明治维新、江户幕府存续的世界，时代进入二十一世纪一一。
身为女性，却习…"
"https://raw.githubusercontent.com/ixinzhi/lightnovel-2014to2017/master/月族 - 今村恭子 - 20151107.epub",1972,"https://www.wenku8.net/book/1972.htm","title+author","月族","今村恭子","其他文库","连载中","2015-11-07","126K","奇幻 恋爱 女性视角","http://img.wenku8.com/image/1/1972/1972s.jpg","对月亮有莫名热爱的十九岁现代女生「药子」，从未谈过恋爱，也不懂为何爱情总令人心碎…"
"https://raw.githubusercontent.com/ixinzhi/lightnovel-2014to2017/master/贪婪的我与魔法书 - 北国ばらっど - 20151028.epub",1987,"https://www.wenku8.net/book/1987.htm","title+author","贪婪的我与魔法书","北国ばらっど","HJ文库","已完结","2015-10-28","93K","奇幻 欢乐向 后宫 青梅竹马 人外","http://img.wenku8.com/image/1/1987/1987s.jpg","忠实于自身欲望的高中生．光桥诚二于某一天由祖父所遗留下来的魔导书中召唤出了贪婪的…"
"https://raw.githubusercontent.com/ixinzhi/lightnovel-2014to2017/master/巴哈姆特之怒 腐朽的黑色龙鳞 - ゆうきりん - 20151023.epub",1984,"https://www.wenku8.net/book/1984.htm","title_only","巴哈姆特之怒 腐朽的黑色龙鳞","ゆうきりん","Fami通文库","已完结/ 已动画化","2015-10-23","91K","奇幻 战斗 人外","http://img.wenku8.com/image/1/1984/1984s.jpg","尽管对事前完全没有任何告知便出现的活动任务「腐朽的黑色龙鳞」感到讶异，对『巴哈姆…"
"https://raw.githubusercontent.com/ixinzhi/lightnovel-2014to2017/master/狗与魔法的奇幻世界 - 田中罗密欧 - 20151023.epub",1985,"https://www.wenku8.net/book/1985.htm","title+author","狗与魔法的奇幻世界","田中罗密欧","小学馆","已完结","2015-10-23","106K","奇幻 魔法 冒险","http://img.wenku8.com/image/1/1985/1985s.jpg","“剑与魔法的大冒险”早已成为久远的过去。曾经，伟大的始祖文明为大地带来了繁荣。而…"
"https://raw.githubusercontent.com/ixinzhi/lightnovel-2014to2017/master/最初物语 - 宫部美雪 - 20151023.epub",1986,"https://www.wenku8.net/book/1986.htm","title+author","最初物语","宫部美雪","其他文库","已完结","2015-10-23","99K","悬疑 黑暗","http://img.wenku8.com/image/1/1986/1986s.jpg","冬季的河里，出现一具浮尸，是一名年约三十的女子。
她的身上一丝不挂，而且脸上显得…"
"https://raw.githubusercontent.com/ixinzhi/lightnovel-2014to2017/master/沉睡魔女(沉睡女巫) - 真野真央 - 20151009.epub",1491,"https://www.wenku8.net/book/1491.htm","title+author","沉睡魔女(沉睡女巫)","真野真央","MF文库J","连载中","2015-10-09","197K","校园 魔法 战斗 后宫 妹妹","http://img.wenku8.com/image/1/1491/1491s.jpg","「——你，跟我妹妹莉昂同居吧。」「什么！？」与妹妹真白过着简朴的两人生活的平凡高…"
"https://raw.githubusercontent.com/ixinzhi/lightnovel-2014to2017/master/悠久骑士(HRSVELGR EXCEED 月誓的崇高之剑) - 七乌未奏 - 20151008.epub",1394,"https://www.wenku8.net/book/1394.htm","title+author","悠久骑士(HRSVELGR EXCEED 月誓的崇高之剑)","七乌未奏","MF文库J","已完结","2015-10-08","387K","校园 奇幻 战斗 后宫 妹妹","http://img.wenku8.com/image/1/1394/1394s.jpg","「夕雾隼人。希望你成为王，拯救这个世界。」
    某天晚上，隼人舍获神秘指环。…"
"https://raw.githubusercontent.com/ixinzhi/lightnovel-2014to2017/master/所罗门的伪证 - 宫部美雪 - 20151006.epub",1979,"https://www.wenku8.net/book/1979.htm","title+author","所罗门的伪证","宫部美雪","其他文库","已完结","2015-10-06","947K","校园 悬疑 犯罪 黑暗","http://img.wenku8.com/image/1/1979/1979s.jpg","根据本书改编电影已于2015年初上映。
少年的死是一面镜子，映照出恶与善、虚伪与真实…"
"https://raw.githubusercontent.com/ixinzhi/lightnovel-2014to2017/master/绯色魔法使 - 茅田砂胡 - 20151006.epub",992,"https://www.wenku8.net/book/992.htm","title+author","绯色魔法使","茅田砂胡","其他文库","已完结","2015-10-06","621K","科幻 冒险 战斗 恋爱","http://img.wenku8.com/image/0/992/992s.jpg","海盗王vs.财团女王的爱情合约，一场以分手为前提的浪漫冒险！
全宇宙最富有的财团女王…"
"https://raw.githubusercontent.com/ixinzhi/lightnovel-2014to2017/master/Lateral～水平思考推理的天使～ - 乙野四方字 - 20151005.epub",1977,"https://www.wenku8.net/book/1977.htm","title+author","Lateral～水平思考推理的天使～","乙野四方字","电击文库","已完结","2015-10-05","97K","悬疑 游戏 后宫 青梅竹马","http://img.wenku8.com/image/1/1977/1977s.jpg","为解谜而生的少年——鸠之巢论。 在高中二年级开学的第一天，遇到了坐在论的座位后面的…"
"https://raw.githubusercontent.com/ixinzhi/lightnovel-2014to2017/master/纯白煌王姬与异能魔导小队 - 桐生恭丞 - 20151004.epub",1830,"https://www.wenku8.net/book/1830.htm","title+author","纯白煌王姬与异能魔导小队","桐生恭丞","其他文库","连载中","2015-10-04","210K","奇幻 战斗 欢乐向 后宫","http://img.wenku8.com/image/1/1830/1830s.jpg","「即使无法使用魔导，我还是有我的战斗方式！９
由煌王教会掌握绝对权力的世界，在这…"
"https://raw.githubusercontent.com/ixinzhi/lightnovel-2014to2017/master/椎名町学姊的安全日 - サイトウケンジ - 20151001.epub",1652,"https://www.wenku8.net/book/1652.htm","title_only","椎名町学姊的安全日","サイトウケンジ","MF文库J","已完结","2015-10-01","401K","校园 异能 战斗 后宫 妹妹","http://img.wenku8.com/image/1/1652/1652s.jpg","「今天是我的安全日，所以请你来我的房间一趟。」
身为图书委员的椎名町香夜学姊，忽…"
"https://raw.githubusercontent.com/ixinzhi/lightnovel-2014to2017/master/我的朋友很少 - 平坂读 - 20150929.epub",467,"https://www.wenku8.net/book/467.htm","title+author","我的朋友很少","平坂读","MF文库J","已完结/ 已动画化","2015-09-29","1166K","校园 青春 欢乐向 后宫 妹妹","http://img.wenku8.com/image/0/467/467s.jpg","在学校总是独来独往的羽濑川小鹰，在一次偶然的情况下，目击到总是摆出一副臭脸的美少…"
"https://raw.githubusercontent.com/ixinzhi/lightnovel-2014to2017/master/勇者我和魔王她的客厅之战 - 绯月剃 - 20150925.epub",1731,"https://www.wenku8.net/book/1731.htm","title+author","勇者我和魔王她的客厅之战","绯月剃","HJ文库","已完结","2015-09-25","304K","奇幻 校园 恋爱 后宫 青梅竹马","http://img.wenku8.com/image/1/1731/1731s.jpg","仓桥和希身为一介普通高中生，在他家的客厅里却突然出现一位自 称魔王公主的少女&#8226…"
"https://raw.githubusercontent.com/ixinzhi/lightnovel-2014to2017/master/明治妖怪摩登记 - 畠中惠 - 20150922.epub",1971,"https://www.wenku8.net/book/1971.htm","title+author","明治妖怪摩登记","畠中惠","其他文库","已完结","2015-09-22","82K","奇幻 悬疑","http://img.wenku8.com/image/1/1971/1971s.jpg","打着维持治安的名号，破旧的木造派出所唯落银座黄金地段。性格阴晴不定的原田，与拥有…"
"https://raw.githubusercontent.com/ixinzhi/lightnovel-2014to2017/master/一鬼夜行 - 小松艾梅儿 - 20150921.epub",1968,"https://www.wenku8.net/book/1968.htm","title+author","一鬼夜行","小松艾梅儿","其他文库","连载中","2015-09-21","124K","奇幻 悬疑","http://img.wenku8.com/image/1/1968/1968s.jpg","我讨厌人类，人类是种经不起背叛欲望引诱的生物。
不要相信人类就不会受伤。
但我单调…"
"https://raw.githubusercontent.com/ixinzhi/lightnovel-2014to2017/master/圣彼得的送葬队伍 - 宫部美雪 - 20150921.epub",1969,"https://www.wenku8.net/book/1969.htm","title+author","圣彼得的送葬队伍","宫部美雪","其他文库","已完结","2015-09-21","281K","悬疑 犯罪 黑暗","http://img.wenku8.com/image/1/1969/1969s.jpg","世上最美丽的绝非真相，而是没有终点的谎言。
只不过，那往往是生命无法承受的重量。…"
"https://raw.githubusercontent.com/ixinzhi/lightnovel-2014to2017/master/神圣懒鬼的冒险 - 森见登美彦 - 20150914.epub",1963,"https://www.wenku8.net/book/1963.htm","title+author","神圣懒鬼的冒险","森见登美彦","其他文库","已完结","2015-09-14","154K","奇幻 悬疑","http://img.wenku8.com/image/1/1963/1963s.jpg","星期六开始了！小和田君已经准备好一整天都要窝在单身宿舍里，然而，这却是关于他「如…"
"https://raw.githubusercontent.com/ixinzhi/lightnovel-2014to2017/master/轻飘飘少女从天而降 - 入间人间 - 20150913.epub",1961,"https://www.wenku8.net/book/1961.htm","title+author","轻飘飘少女从天而降","入间人间","电击文库","已完结","2015-09-13","77K","奇幻 青春 恋爱 人外","http://img.wenku8.com/image/1/1961/1961s.jpg","这星球上，有种名叫「轻飘飘」的东西。他们究竟是不是生物，仍是未解之谜，但总是以人…"
"https://raw.githubusercontent.com/ixinzhi/lightnovel-2014to2017/master/那是超高率的莫查子喔！ - 丹羽春信 - 20150913.epub",1962,"https://www.wenku8.net/book/1962.htm","title+author","那是超高率的莫查子喔！","丹羽春信","角川文库","已完结","2015-09-13","89K","校园 欢乐向 青梅竹马","http://img.wenku8.com/image/1/1962/1962s.jpg","第20回角川Sneaker文库大赏《特别赏》受赏作！
“我们的莫查子爆炸了１小唯（的呆毛）…"
"https://raw.githubusercontent.com/ixinzhi/lightnovel-2014to2017/master/F级的暴君 - 御影瑛路 - 20150912.epub",1898,"https://www.wenku8.net/book/1898.htm","title+author","F级的暴君","御影瑛路","电击文库","连载中","2015-09-12","217K","校园 异能 战斗 斗智 后宫","http://img.wenku8.com/image/1/1898/1898s.jpg","如夜空中闪耀星斗的私立七星学园，在校生的成绩极为优异，所有社团表现称霸全国。
然…"
"https://raw.githubusercontent.com/ixinzhi/lightnovel-2014to2017/master/诱 - 松浦だるま - 20150912.epub",1960,"https://www.wenku8.net/book/1960.htm","title_only","诱","松浦达摩","其他文库","已完结","2015-09-12","95K","复仇 黑暗 女性视角","http://img.wenku8.com/image/1/1960/1960s.jpg","《累》官方前传小说
－－－－－－
远离世俗、人烟稀少的边境朱磐村。在这片被传统和…"
"https://raw.githubusercontent.com/ixinzhi/lightnovel-2014to2017/master/鲜血妖精 - 藤原佑 - 20150912.epub",1918,"https://www.wenku8.net/book/1918.htm","title+author","鲜血妖精","藤原佑","电击文库","已完结","2015-09-12","237K","黑暗 复仇 战斗 恋爱 青梅竹马","http://img.wenku8.com/image/1/1918/1918s.jpg","在一个边境的村庄里住着一对人类姐弟，在森林的深处住着一对妖精兄妹。他们四个彼此是…"
"https://raw.githubusercontent.com/ixinzhi/lightnovel-2014to2017/master/会飞的猪还是猪？ - 凉木行 - 20150911.epub",1299,"https://www.wenku8.net/book/1299.htm","title+author","会飞的猪还是猪?","凉木行","MF文库J","已完结","2015-09-11","284K","校园 职场 青春 恋爱 后宫","http://img.wenku8.com/image/1/1299/1299s.jpg","曾经的不良少年，真宫逢人在今年春天考上了高中。某天打工处有一位客人吃完饭不付钱就…"
"https://raw.githubusercontent.com/ixinzhi/lightnovel-2014to2017/master/新世界 a new world - 长野真弓 - 20150911.epub",1955,"https://www.wenku8.net/book/1955.htm","title+author","新世界 a new world","长野真弓","其他文库","已完结","2015-09-11","258K","科幻","http://img.wenku8.com/image/1/1955/1955s.jpg","白天和黑夜，醒来和睡着，都是挑战
在距离太阳两亿三千万公里远的夏星上面，人们被一…"
"https://raw.githubusercontent.com/ixinzhi/lightnovel-2014to2017/master/搭乘者科的最下生 - 志木谦介 - 20150911.epub",1957,"https://www.wenku8.net/book/1957.htm","title+author","搭乘者科的最下生","志木谦介","HJ文库","连载中","2015-09-11","78K","机战 战斗 后宫 青梅竹马","http://img.wenku8.com/image/1/1957/1957s.jpg","『逆神机』，配备「魔女」系统，并且需要人类驾驶，是唯一能够对抗人类之敌『神兵』的…"
"https://raw.githubusercontent.com/ixinzhi/lightnovel-2014to2017/master/七星降灵学园的恶魔 - 田口仙年堂 - 20150910.epub",1669,"https://www.wenku8.net/book/1669.htm","title+author","七星降灵学园的恶魔","田口仙年堂","角川文库","连载中","2026-09-30","252K","校园 奇幻 魔法 战斗 后宫 妹妹","http://img.wenku8.com/image/1/1669/1669s.jpg","「召唤停不下来！哥哥，快救救我９
「雪伽９
我，花村月斗，与双胞胎妹妹雪伽立志要…"
"https://raw.githubusercontent.com/ixinzhi/lightnovel-2014to2017/master/出包王女 DARKNESS Little Sisters - 若月光 - 20150910.epub",1952,"https://www.wenku8.net/book/1952.htm","title+author","出包王女 DARKNESS Little Sisters","若月光","集英社","已完结/ 已动画化","2015-09-10","75K","欢乐向 群像 妹妹 女性视角","http://img.wenku8.com/image/1/1952/1952s.jpg","芽亚的舔舔犬是何来历，将由娜娜来查出！美柑秘密的换装游戏!?唯的国中时代，爸爸竟有…"
"https://raw.githubusercontent.com/ixinzhi/lightnovel-2014to2017/master/魔法之子 - 入江君人 - 20150909.epub",1948,"https://www.wenku8.net/book/1948.htm","title+author","魔法之子","入江君人","富士见文库","连载中","2015-09-09","72K","奇幻 魔法 战斗 妹妹","http://img.wenku8.com/image/1/1948/1948s.jpg","七十年前，人类突然发现一股新力量──魔法。
于此同时，被命名为「特殊灾害指定生物…"
"https://raw.githubusercontent.com/ixinzhi/lightnovel-2014to2017/master/圣剑与邪刀的叛逆者 - 岩波零 - 20150909.epub",1722,"https://www.wenku8.net/book/1722.htm","title+author","圣剑与邪刀的叛乱者(圣剑与邪刀的叛逆者)","岩波零","MF文库J","已完结","2015-09-09","193K","校园 异能 战斗 后宫","http://img.wenku8.com/image/1/1722/1722s.jpg","「吶，阿龙，今晚要不要偷偷跑去学校的泳池看看？」在某天的放学时分，一年级的八云龙…"
"https://raw.githubusercontent.com/ixinzhi/lightnovel-2014to2017/master/简单的问卷调查 - 镰池和马 - 20150909.epub",1800,"https://www.wenku8.net/book/1800.htm","title+author","简单的问卷调查","镰池和马","电击文库","连载中","2015-09-09","243K","脑洞","http://img.wenku8.com/image/1/1800/1800s.jpg","-问卷调查开始前的提醒-
这是读者参加型的问卷调查，请勿忘记纸和笔。
现在开始说明…"
"https://raw.githubusercontent.com/ixinzhi/lightnovel-2014to2017/master/五彩斑斓的未来 - 漆原雪人 - 20150909.epub",1950,"https://www.wenku8.net/book/1950.htm","title+author","五彩斑斓的未来","漆原雪人","其他文库","已完结","2015-09-09","72K","恋爱 后宫 女儿","http://img.wenku8.com/image/1/1950/1950s.jpg","二阶堂真红和鹿野上悠马在幸福恬静的日常中生活。 
每一天，他们注视着自己的宝贝女儿…"
"https://raw.githubusercontent.com/ixinzhi/lightnovel-2014to2017/master/咨询社的大小姐喜欢求钉问铆！？ - 海原三吾 - 20150906.epub",1939,"https://www.wenku8.net/book/1939.htm","title+author","咨询社的大小姐喜欢求钉问铆！？","海原三吾","其他文库","已完结","2015-09-06","81K","校园 悬疑 青春 恋爱","http://img.wenku8.com/image/1/1939/1939s.jpg","纤手细足皮肤白皙、黑色长发曳曳摇动的美少女高中生，冴缟静。学校中的明星，咨询社的…"
"https://raw.githubusercontent.com/ixinzhi/lightnovel-2014to2017/master/夜魔-奇- - 甲田学人 - 20150906.epub",1941,"https://www.wenku8.net/book/1941.htm","title+author","夜魔-奇-","甲田学人","电击文库","已完结","2015-09-06","80K","奇幻 校园 惊悚 女性视角","http://img.wenku8.com/image/1/1941/1941s.jpg","甲田学人创作的幻想奇谭短篇集！也是另一个『Missing』──。
「沉睡在你内心深处的『…"
"https://raw.githubusercontent.com/ixinzhi/lightnovel-2014to2017/master/夜魔-怪- - 甲田学人 - 20150906.epub",1926,"https://www.wenku8.net/book/1926.htm","title+author","夜魔-怪-","甲田学人","电击文库","已完结","2015-09-06","66K","奇幻 惊悚","http://img.wenku8.com/image/1/1926/1926s.jpg","「这株樱花你看得到么？ ……可那是幽灵喔」鬼才全力献上的幻想怪奇谭──。
「你的『…"
"https://raw.githubusercontent.com/ixinzhi/lightnovel-2014to2017/master/虽然我不记得，但还是喜欢你 - 比嘉智康 - 20150902.epub",1615,"https://www.wenku8.net/book/1615.htm","title+author","虽然我不记得，但还是喜欢你","比嘉智康","一迅社","已完结","2015-09-02","188K","校园 欢乐向 后宫 妹妹 青梅竹马","http://img.wenku8.com/image/1/1615/1615s.jpg","绰号为小吉的高中二年级学生小衣吉足，正跟就读高一的妹妹日向单独住在一起。
三年前…"
"https://raw.githubusercontent.com/ixinzhi/lightnovel-2014to2017/master/CROSS WIZARD 魔术都市与虚伪假面 - しきや - 20150827.epub",1928,"https://www.wenku8.net/book/1928.htm","title_only","CROSS WIZARD 魔术都市与虚伪假面","しきや","HJ文库","已完结","2015-08-27","91K","悬疑 战斗 恋爱","http://img.wenku8.com/image/1/1928/1928s.jpg","一座位在孤岛高墙环绕的都市『桐谷』。在那里有座拥有《魔术》天分的人所兴建的设施，…"
"https://raw.githubusercontent.com/ixinzhi/lightnovel-2014to2017/master/再生的思考升华 - 武叶红 - 20150827.epub",1575,"https://www.wenku8.net/book/1575.htm","title+author","再生的思考升华","武叶红","富士见文库","连载中","2015-08-27","356K","奇幻 校园 战斗 后宫 青梅竹马","http://img.wenku8.com/image/1/1575/1575s.jpg","第24回奇幻大赏＜大赏＞&＜读者赏＞得奖作品！
史无前例的大灾害彻底毁灭了世界。大地…"
"https://raw.githubusercontent.com/ixinzhi/lightnovel-2014to2017/master/神曲奏界 黑 - 大迫纯一 - 20150827.epub",272,"https://www.wenku8.net/book/272.htm","title+author","神曲奏界 黑","大迫纯一","GA文库","已完结","2015-08-27","1397K","奇幻 悬疑 战斗","http://img.wenku8.com/image/0/272/272s.jpg","注：作者病逝
凶杀桉是发生在豪宅的某个房间里，绝代的神曲乐士欧索尼．库登达尔因为…"
"https://raw.githubusercontent.com/ixinzhi/lightnovel-2014to2017/master/虚空之盒与零之麻理亚(空虚之箱与零之玛丽亚) - 御影瑛路 - 20150824.epub",879,"https://www.wenku8.net/book/879.htm","title+author","虚空之盒与零之麻理亚(空虚之箱与零之玛丽亚","御影瑛路","电击文库","","","","校园 奇幻 悬疑 游戏 斗智 黑暗","http://img.wenku8.com/image/0/879/879s.jpg","三月，在这半吊子的时期到来的转学生──音无彩矢。在被她惊人的美貌所震慑的教室里，…"
"https://raw.githubusercontent.com/ixinzhi/lightnovel-2014to2017/master/果冻日和 - 森田季节 - 20150824.epub",1919,"https://www.wenku8.net/book/1919.htm","title+author","果冻日和","森田季节","小学馆","连载中","2015-08-24","88K","欢乐向 职场 恋爱 后宫 JK","http://img.wenku8.com/image/1/1919/1919s.jpg","＜特征＞半透明又软呼呼。
＜敬请放心＞果冻球并不会危害人类。若是您感到不知所措，…"
"https://raw.githubusercontent.com/ixinzhi/lightnovel-2014to2017/master/祭品的幸福扳机 - 未味なり太 - 20150819.epub",1789,"https://www.wenku8.net/book/1789.htm","title+author","祭品的幸福扳机","未味なり太","MF文库J","连载中","2015-08-19","107K","异能 战斗 青春 恋爱","http://img.wenku8.com/image/1/1789/1789s.jpg","某一天“神”出现在了全人类的梦中这样宣言道。要拯救人类！而要拯救人类，需要杀掉一…"
"https://raw.githubusercontent.com/ixinzhi/lightnovel-2014to2017/master/浴血方舟 公元5000年的亚当 - 榊一郎 - 20150815.epub",1521,"https://www.wenku8.net/book/1521.htm","title+author","浴血方舟 公元5000年的亚当","榊一郎","其他文库","连载中","2015-08-15","210K","科幻 机战 校园 后宫 人外","http://img.wenku8.com/image/1/1521/1521s.jpg","被卷入事故中受到重伤的明久。睁开眼睛时已经是数千年后的未来世界！？因长时间的冬眠…"
"https://raw.githubusercontent.com/ixinzhi/lightnovel-2014to2017/master/地狱公主与王族召唤师 - 百濑ヨルカ - 20150815.epub",1911,"https://www.wenku8.net/book/1911.htm","title+author","地狱公主与王族召唤师","百濑ヨルカ","HJ文库","已完结","2015-08-15","162K","奇幻 魔法 后宫 妹妹 伪娘","http://img.wenku8.com/image/1/1911/1911s.jpg","为了救回被掳走的妹妹，召唤师索拿举行了魔神召唤仪式。现身的17岁女公爵摩露琪，是甫…"
"https://raw.githubusercontent.com/ixinzhi/lightnovel-2014to2017/master/千嫁喵物语 - マサト真希 - 20150813.epub",909,"https://www.wenku8.net/book/909.htm","title+author","千嫁喵物语","マサト真希","电击文库","已完结","2015-08-13","804K","校园 奇幻 欢乐向 后宫 青梅竹马 人外","http://img.wenku8.com/image/0/909/909s.jpg","某天鲣屋广人在梅园捡到了一只小猫，结果这只小猫的真实身份居然是猫神！？而猫神为了…"
"https://raw.githubusercontent.com/ixinzhi/lightnovel-2014to2017/master/愧疚游戏的制作方法 - 荒川工 - 20150813.epub",1945,"https://www.wenku8.net/book/1945.htm","title+author","愧疚游戏的制作方法","荒川工","小学馆","连载中","2015-08-13","91K","穿越 欢乐向 校园 职场","http://img.wenku8.com/image/1/1945/1945s.jpg","「人生如戏。」这句话耳熟能详。我以制作游戏为生，所以对这句话更有感觉。要形容我之…"
"https://raw.githubusercontent.com/ixinzhi/lightnovel-2014to2017/master/冥玉的奥尔曼 - 筑地俊彦 - 20150813.epub",1702,"https://www.wenku8.net/book/1702.htm","title+author","冥玉的奥尔曼","筑地俊彦","Fami通文库","连载中","2015-08-13","189K","战争 斗智 后宫 妹妹","http://img.wenku8.com/image/1/1702/1702s.jpg","由于芬梅尔豪森王朝的国王对奥尔曼的母亲一见钟情，奥尔曼因而成为王朝成员之一。
不…"
"https://raw.githubusercontent.com/ixinzhi/lightnovel-2014to2017/master/神历的外典 - 青山あまら - 20150813.epub",1934,"https://www.wenku8.net/book/1934.htm","title+author","神历的外典","青山あまら","MF文库J","连载中","2015-08-13","97K","校园 奇幻 战斗 后宫","http://img.wenku8.com/image/1/1934/1934s.jpg","外典（Apocrypha）——那是用以功夫热闹过异端之神，禁断的魔章经典。学术国家亚伽罗的…"
"https://raw.githubusercontent.com/ixinzhi/lightnovel-2014to2017/master/百花缭乱 - すずきぁきら - 20150813.epub",455,"https://www.wenku8.net/book/455.htm","title_only","百花缭乱","すずきぁきら","HJ文库","连载中/ 已动画化","2015-08-13","1556K","校园 战斗 欢乐向 后宫 青梅竹马","http://img.wenku8.com/image/0/455/455s.jpg","故事发生在平诚二十X年，地点是位于富土山下的原野。
一间为了反抗学生会势力《丰臣派…"
"https://raw.githubusercontent.com/ixinzhi/lightnovel-2014to2017/master/小恶魔缇莉与救世主(小恶魔媞莉与救世主)！？ - 衣笠彰梧 - 20150813.epub",1466,"https://www.wenku8.net/book/1466.htm","title+author","小恶魔缇莉与救世主(小恶魔媞莉与救世主)！","衣笠彰梧","MF文库J","已完结","2015-08-13","540K","校园 青春 欢乐向 后宫 人外","http://img.wenku8.com/image/1/1466/1466s.jpg","「我要让你知道恶魔的可怕９
我——聪一郎在某个下雨天捡到一位少女。虽然她有着粉红…"
"https://raw.githubusercontent.com/ixinzhi/lightnovel-2014to2017/master/无限回圈游戏 - 入间人间 - 20150812.epub",1689,"https://www.wenku8.net/book/1689.htm","title+author","无限回圈游戏","入间人间","电击文库","连载中","2015-08-12","207K","冒险 悬疑 斗智 游戏 恋爱","http://img.wenku8.com/image/1/1689/1689s.jpg","教室里午休时间将至，一片天下太平，却忽然受到巨大怪兽攻击。我被怪兽一脚踩死。
紧…"
"https://raw.githubusercontent.com/ixinzhi/lightnovel-2014to2017/master/我的她中二得让人困扰 - 日の原裕光 - 20150812.epub",1811,"https://www.wenku8.net/book/1811.htm","title+author","我的她中二得让人困扰","日の原裕光","富士见文库","已完结","2015-08-12","188K","校园 异能 欢乐向 恋爱 后宫","http://img.wenku8.com/image/1/1811/1811s.jpg","中枢脑神经第二觉醒症候群——通称<中二病>。
我，不知火慧转学过来的升龙门学园，是一…"
"https://raw.githubusercontent.com/ixinzhi/lightnovel-2014to2017/master/GE GoodEater - 新木伸 - 20150812.epub",1903,"https://www.wenku8.net/book/1903.htm","title+author","GE GoodEater","新木伸","小学馆","连载中","2015-08-12","50K","战斗 冒险 美食 欢乐向 后宫","http://img.wenku8.com/image/1/1903/1903s.jpg","Catch&Eat式四格幻想剧。一如既往的迷宫最下层。于此展开的Catch&Eat的每日。没有任何特…"
"https://raw.githubusercontent.com/ixinzhi/lightnovel-2014to2017/master/山手线死亡游戏 - 藤达利欧 - 20150811.epub",1944,"https://www.wenku8.net/book/1944.htm","title+author","山手线死亡游戏","藤达利欧","角川文库","已完结","2015-08-11","82K","悬疑 斗智 游戏 大逃杀","http://img.wenku8.com/image/1/1944/1944s.jpg","「高中生猜谜王」冠军朝仓修平一早被一位身材姣好的陌生美女唤醒，发现自己竟然人在山…"
"https://raw.githubusercontent.com/ixinzhi/lightnovel-2014to2017/master/超完美小说家培育法 - 野崎まど - 20150801.epub",1932,"https://www.wenku8.net/book/1932.htm","title_only","超完美小说家培育法","野崎窗","电击文库","已完结","2015-08-01","84K","科幻 悬疑 职场","http://img.wenku8.com/image/1/1932/1932s.jpg","新人作家物实收到了自己的第一封慕名信，信上写着意味深长的字句。
「全世界最有趣的…"
"https://raw.githubusercontent.com/ixinzhi/lightnovel-2014to2017/master/GOD WORLD - 吉村夜 - 20150731.epub",1922,"https://www.wenku8.net/book/1922.htm","title+author","GOD WORLD","吉村夜","富士见文库","连载中","2015-07-31","98K","穿越 奇幻 战斗 后宫 青梅竹马","http://img.wenku8.com/image/1/1922/1922s.jpg","这个被称为泰坦的异世界是靠众神行使创造万物的「创造术」发展而来的。
国中生坂上大…"
"https://raw.githubusercontent.com/ixinzhi/lightnovel-2014to2017/master/企鹅之夏 - 六塚光 - 20150730.epub",453,"https://www.wenku8.net/book/453.htm","title+author","企鹅之夏","六塚光","一迅社","已完结","2015-07-30","92K","校园 奇幻 冒险 青春 恋爱 青梅竹马","http://img.wenku8.com/image/0/453/453s.jpg","东田隆司被青梅竹马相马光拉去，为了寻找古老传说中的“无头大人”，而不得不登上附近…"
"https://raw.githubusercontent.com/ixinzhi/lightnovel-2014to2017/master/时槻风乃与暗黑童话之夜 - 甲田学人 - 20150730.epub",1848,"https://www.wenku8.net/book/1848.htm","title+author","时槻风乃与暗黑童话之夜","甲田学人","电击文库","连载中","2015-07-30","221K","黑暗 犯罪 惊悚 悬疑","http://img.wenku8.com/image/1/1848/1848s.jpg","身穿华丽哥德式服装的美少女──时槻风乃，
总是在深夜聆听著少女们的烦恼，
每当她…"
"https://raw.githubusercontent.com/ixinzhi/lightnovel-2014to2017/master/末日乐园的葬花少女(倾轧乐园的葬花少女) - 鹰野新 - 20150730.epub",1817,"https://www.wenku8.net/book/1817.htm","title+author","末日乐园的葬花少女(倾轧乐园的葬花少女)","鹰野新","电击文库","已完结","2015-07-30","491K","奇幻 异能 战斗 后宫 青梅竹马","http://img.wenku8.com/image/1/1817/1817s.jpg","葬花少女（死神），她们是守护世界免于谜样生命体──军团侵袭的终极武器。在这个人类…"
"https://raw.githubusercontent.com/ixinzhi/lightnovel-2014to2017/master/和果子的杏 - 坂木司 - 20150724.epub",1925,"https://www.wenku8.net/book/1925.htm","title+author","和果子的杏","坂木司","其他文库","连载中","2015-07-24","111K","悬疑 青春 女性视角","http://img.wenku8.com/image/1/1925/1925s.jpg","年方十八的高中毕业生梅本杏子，既没有升学打算，也暂时找不到人生方向，身型圆滚滚的…"
"https://raw.githubusercontent.com/ixinzhi/lightnovel-2014to2017/master/回忆当铺 - 吉野万理子 - 20150724.epub",1924,"https://www.wenku8.net/book/1924.htm","title+author","回忆当铺","吉野万理子","其他文库","已完结","2015-07-24","92K","奇幻 青春 治愈 女性视角","http://img.wenku8.com/image/1/1924/1924s.jpg","鲸崎町海边的悬崖下有一个大人们不曾涉足的地方，那是孩子们的秘密基地，一家由魔法师…"
"https://raw.githubusercontent.com/ixinzhi/lightnovel-2014to2017/master/渣渣捡了圣剑的结果 - くさかべかさく - 20150723.epub",1902,"https://www.wenku8.net/book/1902.htm","title_only","废柴捡到圣剑的结果(渣渣捡了圣剑的结果)","日下部佳作","电击文库","连载中","2025-09-08","278K","奇幻 魔法 冒险 欢乐向 后宫","http://img.wenku8.com/image/1/1902/1902s.jpg","我不小心撞见了这一幕──班上同学来栖麻央手持「圣剑」在「练习」打倒「魔王」的模样…"
"https://raw.githubusercontent.com/ixinzhi/lightnovel-2014to2017/master/白银龙王的摇篮 - 津川友贵 - 20150721.epub",1151,"https://www.wenku8.net/book/1151.htm","title+author","白银龙王的摇篮","津川友贵","HJ文库","已完结","2015-07-21","475K","奇幻 魔法 冒险 后宫","http://img.wenku8.com/image/1/1151/1151s.jpg","伊尔弥在森林里观察龙的途中，碰巧遇上贸然挑战西疆霸龙的少女，卡萝蕾娜，并救了她一…"
"https://raw.githubusercontent.com/ixinzhi/lightnovel-2014to2017/master/神栖丽奈就在此处 - 御影瑛路 - 20150720.epub",1883,"https://www.wenku8.net/book/1883.htm","title+author","神栖丽奈就在此处","御影瑛路","电击文库","连载中","2015-07-20","94K","黑暗 惊悚","http://img.wenku8.com/image/1/1883/1883s.jpg","她，是【我】的挚友。是作为田径部的部员，虽然班级不同，但每天都能和我一起回家的挚…"
"https://raw.githubusercontent.com/ixinzhi/lightnovel-2014to2017/master/我可爱的国家令娘 - 镜游 - 20150718.epub",1768,"https://www.wenku8.net/book/1768.htm","title+author","我可爱的国家令娘","镜游","富士见文库","已完结","2015-07-18","184K","校园 欢乐向 后宫 大小姐 伪娘","http://img.wenku8.com/image/1/1768/1768s.jpg","「在下遵命，大小姐。一切包在我身上吧。」
国家令娘——遇上外敌侵略日本时，便会前…"
"https://raw.githubusercontent.com/ixinzhi/lightnovel-2014to2017/master/修罗场恋人(修罗场之恋) - 岸杯也 - 20150718.epub",1238,"https://www.wenku8.net/book/1238.htm","title+author","修罗场恋人(修罗场之恋)","岸杯也","MF文库J","已完结","2015-07-18","1030K","校园 恋爱 欢乐向 后宫 青梅竹马","http://img.wenku8.com/image/1/1238/1238s.jpg","八本木一大是个极为普通的高中生，同时也是个老好人，却从来没交过女朋友。某天，桃花…"
"https://raw.githubusercontent.com/ixinzhi/lightnovel-2014to2017/master/机关鬼神晓月 - 榊一郎 - 20150716.epub",1836,"https://www.wenku8.net/book/1836.htm","title+author","机关鬼神晓月","榊一郎","Fami通文库","连载中","2015-07-16","148K","机战 战斗 后宫","http://img.wenku8.com/image/1/1836/1836s.jpg","天下由「丰聪」移权至「德河」，太平盛世持续了好一段日子。征战无数的巨型机关甲冑已…"
"https://raw.githubusercontent.com/ixinzhi/lightnovel-2014to2017/master/英知学园的UNDER HEART - 根岸和哉 - 20150716.epub",1638,"https://www.wenku8.net/book/1638.htm","title+author","英知学园的UNDER HEART","根岸和哉","富士见文库","连载中","2015-07-16","204K","校园 异能 欢乐向 后宫 妹妹","http://img.wenku8.com/image/1/1638/1638s.jpg","《英知学园》是一所天天会发生原因不明的超自然现象的学校。然而对于溺爱自己体弱多病…"
"https://raw.githubusercontent.com/ixinzhi/lightnovel-2014to2017/master/Fateful moments 理想的沙漠 - 高桥びすい - 20150716.epub",1803,"https://www.wenku8.net/book/1803.htm","title+author","Fateful moments 理想的沙漠","高桥びすい","讲谈社","已完结","2015-07-16","162K","科幻 战斗 后宫 青梅竹马","http://img.wenku8.com/image/1/1803/1803s.jpg","我是人类最强的战士，却背叛了人类——
MMORPG【Fateful·Moments】计划——那是人类…"
"https://raw.githubusercontent.com/ixinzhi/lightnovel-2014to2017/master/陆与千星～发送世界的少年与别墅的少女～ - 野村美月 - 20150715.epub",1914,"https://www.wenku8.net/book/1914.htm","title+author","陆与千星～发送世界的少年与别墅的少女～","野村美月","Fami通文库","已完结","2015-07-15","77K","青春 恋爱","http://img.wenku8.com/image/1/1914/1914s.jpg","「夏季即将结束。因此──我们必须就此离别。」
千星的双亲濒临离婚，她为此感到坐立…"
"https://raw.githubusercontent.com/ixinzhi/lightnovel-2014to2017/master/逃奏剧reactors - 塀流通留 - 20150715.epub",1887,"https://www.wenku8.net/book/1887.htm","title+author","逃奏剧reactors","塀流通留","MF文库J","连载中","2015-07-15","93K","校园 异能 战斗 后宫 青梅竹马","http://img.wenku8.com/image/1/1887/1887s.jpg","「再见日常！你好非日常９次代最强异能者，阿赖耶识冥清向往爱与喜剧的非日常，从充满…"
"https://raw.githubusercontent.com/ixinzhi/lightnovel-2014to2017/master/黄昏的禁忌之药～从枝叶间洒落的冬阳～ - 桐月 - 20150715.epub",1886,"https://www.wenku8.net/book/1886.htm","title+author","黄昏的禁忌之药～从枝叶间洒落的冬阳～","桐月","其他文库","连载中","2015-07-15","88K","校园 奇幻 后宫 青梅竹马 妹妹","http://img.wenku8.com/image/1/1886/1886s.jpg","夏——在群山环绕的御奈神村，发生了动物的集体暴动，这事件是『天女』的道具所引起的…"
"https://raw.githubusercontent.com/ixinzhi/lightnovel-2014to2017/master/琉璃色的瞎扯淡日常 - 伊达康 - 20150704.epub",1602,"https://www.wenku8.net/book/1602.htm","title+author","琉璃色的瞎扯淡日常","伊达康","MF文库J","已完结","2015-07-04","403K","校园 奇幻 欢乐向 青春 后宫","http://img.wenku8.com/image/1/1602/1602s.jpg","「装傻的话就要吐槽，不是你们那个世界的规则吗？」
绀野孝巳是受到灵障所苦的高中一…"
"https://raw.githubusercontent.com/ixinzhi/lightnovel-2014to2017/master/天才程式少女(你好，世界—Hello World—) - 仙波ユウスケ - 20150704.epub",1910,"https://www.wenku8.net/book/1910.htm","title+author","天才程式少女(你好，世界—Hello World—)","仙波ユウスケ","讲谈社","连载中","2015-07-04","107K","冒险 青春 恋爱 青梅竹马","http://img.wenku8.com/image/1/1910/1910s.jpg","圣诞夜的夜里，打工完回到家的少年·池野朋生，发现一名银发少女倒在自家门前。朋生让…"
"https://raw.githubusercontent.com/ixinzhi/lightnovel-2014to2017/master/未完的少女传说Current Tale - 弥生志郎 - 20150704.epub",1458,"https://www.wenku8.net/book/1458.htm","title+author","未完的少女传说Current Tale","弥生志郎","MF文库J","连载中","2015-07-04","191K","奇幻 校园 战斗 后宫","http://img.wenku8.com/image/1/1458/1458s.jpg","幻想戏曲——那是一本魔法之书，能够召唤降妖除魔的英雄、不存在于这世上的幻兽，以及…"
"https://raw.githubusercontent.com/ixinzhi/lightnovel-2014to2017/master/闪光的雪茫 - 明秀一 - 20150629.epub",1594,"https://www.wenku8.net/book/1594.htm","title+author","闪光的雪茫","明秀一","其他文库","已完结","2015-06-29","222K","奇幻 战斗 欢乐向 后宫 伪娘","http://img.wenku8.com/image/1/1594/1594s.jpg","魔法少女——无论怎么看都是美少女的少年佐仓松雪在与侵蚀伺服器的巨大病毒“电脑害恶…"
"https://raw.githubusercontent.com/ixinzhi/lightnovel-2014to2017/master/苍穹女武神(苍穹的驱真) - 橘公司 - 20150628.epub",531,"https://www.wenku8.net/book/531.htm","title+author","苍穹女武神(苍穹的驱真)","橘公司","富士见文库","已完结","2015-06-28","660K","奇幻 战斗 机战 欢乐向 百合","http://img.wenku8.com/image/0/531/531s.jpg","在苍穹园上空两千公尺处，铺著毛毯般层积云的广阔蓝天里，出现了名为空兽的不纯物，此…"
"https://raw.githubusercontent.com/ixinzhi/lightnovel-2014to2017/master/双星的异端骑士 - 空野一树 - 20150627.epub",1905,"https://www.wenku8.net/book/1905.htm","title+author","双星的异端骑士","空野一树","其他文库","连载中","2015-06-27","104K","校园 战斗 欢乐向 后宫 青梅竹马","http://img.wenku8.com/image/1/1905/1905s.jpg","「终于见到你了。从今以后你就是我的骑士了。」
这是个魔女与骑士同心协力对抗【黑星…"
"https://raw.githubusercontent.com/ixinzhi/lightnovel-2014to2017/master/脱衣传 - 大谷久 - 20150626.epub",1565,"https://www.wenku8.net/book/1565.htm","title+author","脱衣传","大谷久","小学馆","已完结","2015-06-26","141K","竞技 欢乐向 战斗 后宫","http://img.wenku8.com/image/1/1565/1565s.jpg","自古以来日本都在执行着一个名为“脱衣之仪”的神秘仪式。那是被称为“脱衣士”的人身…"
"https://raw.githubusercontent.com/ixinzhi/lightnovel-2014to2017/master/口袋妖怪(宠物小精灵) - 首藤刚志 - 20150624.epub",1816,"https://www.wenku8.net/book/1816.htm","title+author","口袋妖怪(宠物小精灵)","首藤刚志","小学馆","连载中/ 已动画化","2015-06-24","153K","奇幻 战斗 冒险","http://img.wenku8.com/image/1/1816/1816s.jpg","我叫小智，梦想是成为世界第一的宠物小精灵大师。和虽然有点任性，但很可爱的皮卡丘一…"
"https://raw.githubusercontent.com/ixinzhi/lightnovel-2014to2017/master/银月之书 - 枯野瑛 - 20150623.epub",398,"https://www.wenku8.net/book/398.htm","title+author","银月之书","枯野瑛","富士见文库","已完结","2015-06-23","486K","奇幻 魔法 战斗 冒险 恋爱","http://img.wenku8.com/image/0/398/398s.jpg","这是个骑士与公主的浪漫故事已经远去。
大陆被蒸汽机与枪炮所支配的时代。
普通学生…"
"https://raw.githubusercontent.com/ixinzhi/lightnovel-2014to2017/master/政宗君的复仇 - 竹冈叶月 - 20150621.epub",1899,"https://www.wenku8.net/book/1899.htm","title+author","政宗君的复仇","竹冈叶月","一迅社","已完结/ 已动画化","2015-06-21","65K","校园 青春 恋爱 欢乐向 后宫","http://img.wenku8.com/image/1/1899/1899s.jpg","为了复仇，我又回来了！
8年前，被美少女·安达垣爱姫残酷甩掉的那个既是小胖子又不起…"
"https://raw.githubusercontent.com/ixinzhi/lightnovel-2014to2017/master/森博嗣S＆M系列(全部成为F) - 森博嗣 - 20150620.epub",459,"https://www.wenku8.net/book/459.htm","title+author","森博嗣S＆M系列(全部成为F)","森博嗣","其他文库","已完结/ 已动画化","2015-06-20","1824K","悬疑 惊悚 犯罪 猎奇 黑暗","http://img.wenku8.com/image/0/459/459s.jpg","真贺田四季博士，十四岁时因杀害双亲，从此被隔离在妃真纪岛上研究所的地下密室。
十…"
"https://raw.githubusercontent.com/ixinzhi/lightnovel-2014to2017/master/幻想症候群 - 西村悠 - 20150615.epub",1881,"https://www.wenku8.net/book/1881.htm","title+author","幻想症候群","西村悠","一迅社","已完结","2015-06-15","83K","科幻 末日","http://img.wenku8.com/image/1/1881/1881s.jpg","“幻想症候群”。
这是一种发生在极个别人身上的神秘现象，患者内心深处的愿望与恐惧…"
"https://raw.githubusercontent.com/ixinzhi/lightnovel-2014to2017/master/好心的大人 - 桐野夏生 - 20150613.epub",1891,"https://www.wenku8.net/book/1891.htm","title+author","好心的大人","桐野夏生","其他文库","已完结","2015-06-13","105K","青春","http://img.wenku8.com/image/1/1891/1891s.jpg","我十五岁，在东京街头流浪，不相信世界上有好心的大人。
黑暗才是最公平的，我要离开…"
"https://raw.githubusercontent.com/ixinzhi/lightnovel-2014to2017/master/我的妈妈变回17岁(我的妈妈变成17岁了) - 弘前龙 - 20150612.epub",1465,"https://www.wenku8.net/book/1465.htm","title+author","我的妈妈变回17岁(我的妈妈变成17岁了)","弘前龙","电击文库","连载中","2015-06-12","202K","校园 青春 欢乐向 后宫 妹妹","http://img.wenku8.com/image/1/1465/1465s.jpg","泽村隆史是一名高中二年级学生。某一天从学校回家后，忽然出现一位从未见过的女高中生…"
"https://raw.githubusercontent.com/ixinzhi/lightnovel-2014to2017/master/C3魔幻三次方(魔方少女) - 水濑叶月 - 20150605.epub",185,"https://www.wenku8.net/book/185.htm","title+author","C3魔幻三次方(魔方少女)","水濑叶月","电击文库","已完结/ 已动画化","2015-06-05","2103K","校园 异能 战斗 后宫 青梅竹马","http://img.wenku8.com/image/0/185/185s.jpg","夜知春亮收到了父亲突如其来自国外寄回家的宅配，那是一个非常重的神秘黑色立方体。感…"
"https://raw.githubusercontent.com/ixinzhi/lightnovel-2014to2017/master/400圆行骗天下 - 嬉野君 - 20150530.epub",1880,"https://www.wenku8.net/book/1880.htm","title+author","400圆行骗天下","嬉野君","其他文库","已完结","2015-05-30","81K","犯罪 斗智 伪娘","http://img.wenku8.com/image/1/1880/1880s.jpg","纯太因接到外曾祖母，总病危的消息而前往云出家探玻在那里，许多不曾谋面的亲戚全因为…"
"https://raw.githubusercontent.com/ixinzhi/lightnovel-2014to2017/master/拉帝提亚霸龙战记 - すえばしけん - 20150530.epub",1879,"https://www.wenku8.net/book/1879.htm","title_only","拉帝提亚霸龙战记","すえばしけん","HJ文库","连载中","2015-05-30","106K","奇幻 战争 斗智 后宫","http://img.wenku8.com/image/1/1879/1879s.jpg","战乱时期，上天派遣传说中的圣人「神王」到各国引导人们。
莱鲁斯国的年轻女祭司长拉…"
"https://raw.githubusercontent.com/ixinzhi/lightnovel-2014to2017/master/嗜虐之月(嗜虐女和不举男Sadistic moon) - 出口きぬごし - 20150529.epub",1875,"https://www.wenku8.net/book/1875.htm","title+author","嗜虐之月(嗜虐女和不举男Sadistic moon)","出口きぬごし","电击文库","已完结","2015-05-29","94K","校园 欢乐向 青春 犯罪 黑暗","http://img.wenku8.com/image/1/1875/1875s.jpg","幸德秋良是位罕见的美少女。
长度及腰的乌黑秀发绽放丰润的光泽，细长的双眼与端整的…"
"https://raw.githubusercontent.com/ixinzhi/lightnovel-2014to2017/master/Garden of Avalon(Fate外传 阿瓦隆之庭) - 奈须蘑菇 - 20150529.epub",1878,"https://www.wenku8.net/book/1878.htm","title+author","Garden of Avalon(Fate外传 阿瓦隆之庭)","奈须蘑菇","其他文库","已完结","2015-05-29","41K","奇幻 战斗","http://img.wenku8.com/image/1/1878/1878s.jpg","Fate/stay night [Unlimited Blade Works] Blu-ray Disc Box 1附赠小说…"
"https://raw.githubusercontent.com/ixinzhi/lightnovel-2014to2017/master/问题儿童都来自异世界？ - 龙之湖太郎 - 20150526.epub",1192,"https://www.wenku8.net/book/1192.htm","title+author","问题儿童都来自异世界?","龙之湖太郎","角川文库","已完结/ 已动画化","2015-05-26","1290K","穿越 奇幻 斗智 游戏 战斗 欢乐向","http://img.wenku8.com/image/1/1192/1192s.jpg","对世界已经厌烦的逆回十六夜收到了一封邀请函。
当他看清信中内容写着：「望你舍弃一…"
"https://raw.githubusercontent.com/ixinzhi/lightnovel-2014to2017/master/无名反叛者 - 草木うしみつ - 20150525.epub",1632,"https://www.wenku8.net/book/1632.htm","title+author","无名反叛者","草木うしみつ","HJ文库","已完结","2015-05-25","175K","悬疑 魔法 女性视角","http://img.wenku8.com/image/1/1632/1632s.jpg","使用火炎魔剑的骑士少女——菲莉玛。为了调查某个事件而来到北方城镇的她因误入天才魔…"
"https://raw.githubusercontent.com/ixinzhi/lightnovel-2014to2017/master/圣黑龙与火药仪式 - 北元明野 - 20150525.epub",1874,"https://www.wenku8.net/book/1874.htm","title+author","圣黑龙与火药仪式","北元明野","MF文库J","连载中","2015-05-25","83K","校园 魔法 后宫 青梅竹马 人外","http://img.wenku8.com/image/1/1874/1874s.jpg","在精灵诅咒下，受到龙化侵蚀的魔法师·朝雾圭，为了寻求解咒的线索，他成为专门回收寄…"
"https://raw.githubusercontent.com/ixinzhi/lightnovel-2014to2017/master/神曲奏界 白 - 高殿円 - 20150525.epub",273,"https://www.wenku8.net/book/273.htm","title+author","神曲奏界 白","高殿円","GA文库","连载中","2015-05-25","941K","校园 奇幻 音乐 青春 恋爱","http://img.wenku8.com/image/0/273/273s.jpg","神曲乐士与精灵诞生的地方──
丝诺多罗布在格兰纳多家工作，她比任何人都敬爱她的小…"
"https://raw.githubusercontent.com/ixinzhi/lightnovel-2014to2017/master/咱们高中的罗蕾莱 命运的一听钟情 - 志田用太朗 - 20150525.epub",1872,"https://www.wenku8.net/book/1872.htm","title+author","咱们高中的罗蕾莱 命运的一听钟情","志田用太朗","Fami通文库","连载中","2015-05-25","92K","校园 欢乐向 青春 后宫","http://img.wenku8.com/image/1/1872/1872s.jpg","你相信“一听钟情”吗？那是田野音好理想中的声音，听到它，充盈的快感从鼓膜向脑部驰…"
"https://raw.githubusercontent.com/ixinzhi/lightnovel-2014to2017/master/甜点师傅的秘密推理 - 似鸟鸡 - 20150522.epub",1870,"https://www.wenku8.net/book/1870.htm","title+author","甜点师傅的秘密推理","似鸟鸡","其他文库","已完结","2015-05-22","150K","悬疑 美食","http://img.wenku8.com/image/1/1870/1870s.jpg","每一个案件的背后，都隐藏着嫌犯不为人知的眼泪。唯有用巧手细心料理，才能让真相完美…"
"https://raw.githubusercontent.com/ixinzhi/lightnovel-2014to2017/master/我的青春被一群家里蹲搞砸了 - 棺悠介 - 20150522.epub",1869,"https://www.wenku8.net/book/1869.htm","title+author","我的青春被一群家里蹲搞砸了","棺悠介","一迅社","连载中","2015-05-22","124K","校园 青春 欢乐向 青梅竹马","http://img.wenku8.com/image/1/1869/1869s.jpg","遭到霸凌的苍衣春哉，在小时候被大家所害怕的、拥有异名的美少女·瑞鸟紫羽所救。春哉…"
"https://raw.githubusercontent.com/ixinzhi/lightnovel-2014to2017/master/我果然还是浑然不觉 - 望公太 - 20150518.epub",1373,"https://www.wenku8.net/book/1373.htm","title+author","我果然还是浑然不觉","望公太","HJ文库","连载中","2015-05-18","223K","校园 奇幻 欢乐向 后宫","http://img.wenku8.com/image/1/1373/1373s.jpg","笼岛谛是歌颂日常的高二男生。他今天也和沉迷漫画的学妹、兴趣独特的学姊、以及经常藉…"
"https://raw.githubusercontent.com/ixinzhi/lightnovel-2014to2017/master/一五同盟 - 三田诚广 - 20150515.epub",1865,"https://www.wenku8.net/book/1865.htm","title+author","一五同盟","三田诚广","集英社","已完结","2015-05-15","88K","青春 恋爱","http://img.wenku8.com/image/1/1865/1865s.jpg","初三的良一通过棒球部的王牌徹也认识了重病住院的女孩.直美。 撤也在比赛中尽全力来鼓…"
"https://raw.githubusercontent.com/ixinzhi/lightnovel-2014to2017/master/圣兽 - 有栖川ケイ - 20150509.epub",911,"https://www.wenku8.net/book/911.htm","title+author","圣兽","有栖川ケイ","其他文库","连载中","2015-05-09","462K","奇幻 冒险 战斗 耽美","http://img.wenku8.com/image/0/911/911s.jpg","在远久的时代里，天界是个满溢着光辉的乐园。天使犹达拥有过人的力量，颇为自负的他和…"
"https://raw.githubusercontent.com/ixinzhi/lightnovel-2014to2017/master/万能鉴定士Q事件簿 - 松冈圭佑 - 20150502.epub",1375,"https://www.wenku8.net/book/1375.htm","title+author","万能鉴定士Q事件簿","松冈圭佑","角川文库","","","","悬疑 恋爱","http://img.wenku8.com/image/1/1375/1375s.jpg","侵蚀东京23区的怪异“力士贴纸”。是谁、又是为了什么贴这种东西的呢？年轻周刊记者小…"
"https://raw.githubusercontent.com/ixinzhi/lightnovel-2014to2017/master/噬神之天机神铠 - 草薙アキ - 20150430.epub",1858,"https://www.wenku8.net/book/1858.htm","title+author","噬神之天机神铠","草薙アキ","富士见文库","连载中","2015-04-30","87K","穿越 战斗 机战 后宫","http://img.wenku8.com/image/1/1858/1858s.jpg","由于吞噬众神的异型兽＜神噬＞的横行暴虐，这个世界变得一片荒芜。人类的命运掌握在能…"
"https://raw.githubusercontent.com/ixinzhi/lightnovel-2014to2017/master/放学后的偶像 我与学生会长的×× - 鸭志田一 - 20150427.epub",1855,"https://www.wenku8.net/book/1855.htm","title+author","放学后的偶像 我与学生会长的××","鸭志田一","小学馆","已完结","2015-04-27","100K","校园 音乐 青春 恋爱","http://img.wenku8.com/image/1/1855/1855s.jpg","由俏皮淘气的真帆、少根筋的悠里和不服输的翼，三个女孩所组成的偶像团体「波斯菊」，…"
"https://raw.githubusercontent.com/ixinzhi/lightnovel-2014to2017/master/神谕学园的超越者 - 秋堂カオル - 20150425.epub",1852,"https://www.wenku8.net/book/1852.htm","title+author","神谕学园的超越者","秋堂カオル","GA文库","连载中","2015-04-25","125K","校园 异能 战斗 欢乐向 后宫","http://img.wenku8.com/image/1/1852/1852s.jpg","『本座决定要带来变革。』
大约一年前，突如其来的「神谕」，使美景原高中的学生们成…"
"https://raw.githubusercontent.com/ixinzhi/lightnovel-2014to2017/master/月花歌姬与魔技之王 - 翅田大介 - 20150424.epub",1351,"https://www.wenku8.net/book/1351.htm","title+author","月花歌姬与魔技之王","翅田大介","HJ文库","已完结","2015-04-24","433K","奇幻 战斗 后宫 青梅竹马 大小姐","http://img.wenku8.com/image/1/1351/1351s.jpg","「最后的女巫」所启动的技术革命将名为「科学」的新秩序导入「魔法」的世界。莱尔是一…"
"https://raw.githubusercontent.com/ixinzhi/lightnovel-2014to2017/master/火影忍者佐助外传小说 迅雷传 - 东山彰良 - 20150423.epub",1851,"https://www.wenku8.net/book/1851.htm","title+author","火影忍者佐助外传小说 迅雷传","东山彰良","集英社","已完结","2015-04-23","57K","奇幻 冒险 战斗 复仇","http://img.wenku8.com/image/1/1851/1851s.jpg","佐助从鼬的过期眼药水找到了什么线索，跑到一个村子调查，遇到了一对兄弟，接受了弟弟…"
"https://raw.githubusercontent.com/ixinzhi/lightnovel-2014to2017/master/You are My Hero - 干 - 20150421.epub",1801,"https://www.wenku8.net/book/1801.htm","title+author","You are My Hero","干","讲谈社","已完结","2015-04-21","190K","校园 异能 战斗 悬疑 恋爱","http://img.wenku8.com/image/1/1801/1801s.jpg","隶属于神务省的退魔官八云接受了神明天照的命令，与新任的美少女圣一起，来到了星宫市…"
"https://raw.githubusercontent.com/ixinzhi/lightnovel-2014to2017/master/白人萠乃与世界危机 - 七月隆文 - 20150414.epub",593,"https://www.wenku8.net/book/593.htm","title+author","白人萠乃与世界危机","七月隆文","电击文库","连载中","2015-04-14","73K","欢乐向 宅文化","http://img.wenku8.com/image/0/593/593s.jpg","有人正在策划要把全世界的女孩子都变成二次元的可怕计划！！
就是将走在路上的女孩子…"
"https://raw.githubusercontent.com/ixinzhi/lightnovel-2014to2017/master/失落的宇宙(宇宙特警) - 神坂一 - 20150414.epub",1776,"https://www.wenku8.net/book/1776.htm","title+author","失落的宇宙(宇宙特警)","神坂一","富士见文库","已完结/ 已动画化","2015-04-14","295K","科幻 战斗 冒险 欢乐向","http://img.wenku8.com/image/1/1776/1776s.jpg","“……这次的工作，没有报酬呢”凯娜儿不爽的睥睨着他。“的，的确……不是么……”“…"
"https://raw.githubusercontent.com/ixinzhi/lightnovel-2014to2017/master/五龙世界 - 壁井有可子 - 20150414.epub",1518,"https://www.wenku8.net/book/1518.htm","title+author","五龙世界","壁井有可子","其他文库","连载中","2015-04-14","332K","奇幻 旅行 冒险 青春 女性视角","http://img.wenku8.com/image/1/1518/1518s.jpg","神话时代，天上五龙争夺地上霸权，历经漫长争斗，耗尽力气落入海中，五龙的尸首形成了…"
"https://raw.githubusercontent.com/ixinzhi/lightnovel-2014to2017/master/女仆刑事 - 早见裕司 - 20150412.epub",602,"https://www.wenku8.net/book/602.htm","title+author","女仆刑事","早见裕司","GA文库","连载中","2015-04-12","190K","犯罪 冒险 战斗","http://img.wenku8.com/image/0/602/602s.jpg","「请三位小心。黑市卖的托卡列夫品质都不是很好。搞不好会膛炸，伤了各位的手呢。」看…"
"https://raw.githubusercontent.com/ixinzhi/lightnovel-2014to2017/master/菩提树庄的暗狩姬 - 凉元悠一 - 20150410.epub",583,"https://www.wenku8.net/book/583.htm","title+author","菩提树庄的暗狩姬","凉元悠一","GA文库","已完结","2015-04-10","116K","校园 奇幻 百合 女性视角","http://img.wenku8.com/image/0/583/583s.jpg","知名美少女游戏“AIR”剧作家凉元悠一亲手打造的妖豔华丽百合经典
“可以请你爱我吗？…"
"https://raw.githubusercontent.com/ixinzhi/lightnovel-2014to2017/master/禁忌的转生术与誓约的公主 - 鸟村居子 - 20150408.epub",1846,"https://www.wenku8.net/book/1846.htm","title+author","禁忌的转生术与誓约的公主","鸟村居子","Fami通文库","连载中","2015-04-08","94K","奇幻 悬疑 恋爱 后宫 青梅竹马","http://img.wenku8.com/image/1/1846/1846s.jpg","「找出背叛者」——这是代替逃家的哥哥成为一法师家之主的元所接下的第一道使命。元被…"
"https://raw.githubusercontent.com/ixinzhi/lightnovel-2014to2017/master/名侦探X不良X现充X痴女X决斗者 - 天地优雅 - 20150406.epub",1839,"https://www.wenku8.net/book/1839.htm","title+author","名侦探X不良X现充X痴女X决斗者","天地优雅","角川文库","连载中","2015-04-06","88K","校园 青春 恋爱 欢乐向 后宫","http://img.wenku8.com/image/1/1839/1839s.jpg","第19回角川SNEAKER小说大赏《特别赏》
某封书信让悠人战栗不已０我知道您过去的丑态，…"
"https://raw.githubusercontent.com/ixinzhi/lightnovel-2014to2017/master/终焉之栞 - スズム - 20150406.epub",1511,"https://www.wenku8.net/book/1511.htm","title_only","终焉之栞","スズム","MF文库J","连载中","2015-04-06","181K","音乐 悬疑 游戏 惊悚","http://img.wenku8.com/image/1/1511/1511s.jpg","突如其来的死亡游戏。
“──游戏开始条件为参加者中须有一位背叛者，结束游戏则须注…"
"https://raw.githubusercontent.com/ixinzhi/lightnovel-2014to2017/master/通往查拉图斯特拉的阶梯 - 土桥真二郎 - 20150406.epub",1843,"https://www.wenku8.net/book/1843.htm","title+author","通往查拉图斯特拉的阶梯","土桥真二郎","电击文库","连载中","2015-04-06","115K","异能 斗智 游戏 黑暗","http://img.wenku8.com/image/1/1843/1843s.jpg","“被推崇为上古之神的存在，和历史上的英雄们，都是掌控了帕尔斯的人哦。”
  正体不…"
"https://raw.githubusercontent.com/ixinzhi/lightnovel-2014to2017/master/向魔王太多的世界宣战 - 甘宇井白一 - 20150331.epub",1840,"https://www.wenku8.net/book/1840.htm","title+author","向魔王太多的世界宣战","甘宇井白一","其他文库","连载中","2015-03-31","82K","校园 战斗 欢乐向 恋爱 人外","http://img.wenku8.com/image/1/1840/1840s.jpg","「最近流行勇者与魔王大和解的结局吧，为什么我非得负责收拾不可碍…９
合马学园２年…"
"https://raw.githubusercontent.com/ixinzhi/lightnovel-2014to2017/master/特务魔法使 - すえばしけん - 20150330.epub",248,"https://www.wenku8.net/book/248.htm","title_only","特务魔法使","すえばしけん","HJ文库","已完结","2015-03-30","615K","校园 魔法 战斗 恋爱","http://img.wenku8.com/image/0/248/248s.jpg","天生魔法资质极差的椎叶十郎，当号称天才魔法师的姐姐在五年前因公殉职之后，靠着某种…"
"https://raw.githubusercontent.com/ixinzhi/lightnovel-2014to2017/master/现视研 拝入兰人的野心 - 饭田和敏 - 20150328.epub",518,"https://www.wenku8.net/book/518.htm","title+author","现视研 拝入兰人的野心","饭田和敏","讲谈社","已完结/ 已动画化","2015-03-28","84K","校园 青春 欢乐向","http://img.wenku8.com/image/0/518/518s.jpg","这是梦吗？梦境里通常是不可能抵达自己想去的地方的，而绿洲果真也与我渐行渐远。
可…"
"https://raw.githubusercontent.com/ixinzhi/lightnovel-2014to2017/master/魔界战记迪斯凯亚 - 神代创 - 20150325.epub",100,"https://www.wenku8.net/book/100.htm","title+author","魔界战记迪斯凯亚","神代创","Fami通文库","已完结/ 已动画化","2015-03-25","407K","奇幻 战斗 冒险 欢乐向","http://img.wenku8.com/image/0/100/100s.jpg","魔王克里切夫斯寇伊的死亡冲击了整个魔界，为了镇压这混乱的情势，谜样的美少女艾特娜…"
"https://raw.githubusercontent.com/ixinzhi/lightnovel-2014to2017/master/叛逆的鲁路修(反叛的鲁路修) - 岩佐守 - 20150324.epub",353,"https://www.wenku8.net/book/353.htm","title+author","叛逆的鲁路修(反叛的鲁路修)","岩佐守","角川文库","已完结/ 已动画化","2015-03-24","1142K","科幻 异能 战争 机战 妹妹","http://img.wenku8.com/image/0/353/353s.jpg","少年们的友情，被红莲战火所包围了…过去曾称作日本的这个国家，如今是在神圣不列颠帝…"
"https://raw.githubusercontent.com/ixinzhi/lightnovel-2014to2017/master/夏目友人帐(妖怪连络簿) - 绿川幸 - 20150324.epub",422,"https://www.wenku8.net/book/422.htm","title+author","夏目友人帐(妖怪连络簿)","绿川幸","其他文库","已完结/ 已动画化","2015-03-24","154K","奇幻 治愈","http://img.wenku8.com/image/0/422/422s.jpg","六月初的时候，小城镇上已经洋溢着灿烂的夏日气息。这一天清晨，大片的树荫在屋外不停…"
"https://raw.githubusercontent.com/ixinzhi/lightnovel-2014to2017/master/战斗妖精雪风 - 神林长平 - 20150324.epub",396,"https://www.wenku8.net/book/396.htm","title+author","战斗妖精雪风","神林长平","其他文库","已完结/ 已动画化","2015-03-24","412K","科幻 战争 冒险","http://img.wenku8.com/image/0/396/396s.jpg","南极的上空出现了被称为〈通路〉的蘑菇云般的时空通路、未知外星生物〈迦姆〉利用它发…"
"https://raw.githubusercontent.com/ixinzhi/lightnovel-2014to2017/master/未完少女洛夫克莱夫特 - 黑史郎 - 20150321.epub",1837,"https://www.wenku8.net/book/1837.htm","title+author","未完少女洛夫克莱夫特","黑史郎","其他文库","连载中","2015-03-21","128K","穿越 奇幻 冒险 人外","http://img.wenku8.com/image/1/1837/1837s.jpg","一有事就会失去理智的软弱少年康那，被单恋女性脸上突然开启的洞吸了进去，迷失在异世…"
"https://raw.githubusercontent.com/ixinzhi/lightnovel-2014to2017/master/生存意义空想 - 人比良 - 20150319.epub",1833,"https://www.wenku8.net/book/1833.htm","title+author","生存意义空想","人比良","其他文库","已完结","2015-03-19","146K","校园 悬疑 黑暗 百合 女性视角","http://img.wenku8.com/image/1/1833/1833s.jpg","主人公星野刻子，如同逃命一般转学来到了封闭式的校园——江之岛女子学院。
在那里，…"
"https://raw.githubusercontent.com/ixinzhi/lightnovel-2014to2017/master/明智少年的诡辩 - 道端さつと - 20150319.epub",1631,"https://www.wenku8.net/book/1631.htm","title+author","明智少年的诡辩","道端さつと","Fami通文库","连载中","2015-03-19","197K","校园 悬疑 欢乐向 青梅竹马","http://img.wenku8.com/image/1/1631/1631s.jpg","我，小林修司，有三个青梅竹马的伙伴──但很可惜，都是笨蛋。
「小林同学。你就是这…"
"https://raw.githubusercontent.com/ixinzhi/lightnovel-2014to2017/master/萝莉公主大人的建国日志 - 箕崎准 - 20150317.epub",1813,"https://www.wenku8.net/book/1813.htm","title+author","萝莉公主大人的建国日志","箕崎准","其他文库","连载中","2015-03-17","70K","校园 欢乐向 后宫 青梅竹马 妹妹","http://img.wenku8.com/image/1/1813/1813s.jpg","从触礁的船上救出来的女孩子，竟然是独立小国的公主！
原本只是好心留她过夜的家，却…"
"https://raw.githubusercontent.com/ixinzhi/lightnovel-2014to2017/master/圆环的悖论 - 濑尾つかさ - 20150317.epub",1835,"https://www.wenku8.net/book/1835.htm","title+author","圆环的悖论","濑尾つかさ","一迅社","连载中","2015-03-17","87K","科幻 校园 战斗 青梅竹马","http://img.wenku8.com/image/1/1835/1835s.jpg","被撕裂成无数碎片，受异星生命体侵袭的地球。
在如此残酷严苛的世界里，赤羽玖朗和阿…"
"https://raw.githubusercontent.com/ixinzhi/lightnovel-2014to2017/master/大图书馆的牧羊人 - 田尾典丈 - 20150315.epub",1454,"https://www.wenku8.net/book/1454.htm","title+author","大图书馆的牧羊人","田尾典丈","Fami通文库","连载中/ 已动画化","2015-03-15","254K","校园 青春 恋爱 后宫","http://img.wenku8.com/image/1/1454/1454s.jpg","笕京太郎和图书社社员，放学后总是聚在学校的大图书馆里，从事许多和社团宗旨无关的活…"
"https://raw.githubusercontent.com/ixinzhi/lightnovel-2014to2017/master/召唤学园的魔术史学 - 中谷荣太 - 20150315.epub",1616,"https://www.wenku8.net/book/1616.htm","title+author","召唤学园的魔术史学","中谷荣太","其他文库","连载中","2015-03-15","295K","校园 奇幻 欢乐向 后宫 妹妹","http://img.wenku8.com/image/1/1616/1616s.jpg","太小看我可是百害无一利喔……呜呜，不要靠近我！
「密斯特露提魔术学园」是一所突然…"
"https://raw.githubusercontent.com/ixinzhi/lightnovel-2014to2017/master/来自新世界 - 贵志佑介 - 20150311.epub",1827,"https://www.wenku8.net/book/1827.htm","title+author","来自新世界","贵志佑介","讲谈社","已完结/ 已动画化","2015-03-11","368K","科幻 悬疑 冒险 末日 黑暗","http://img.wenku8.com/image/1/1827/1827s.jpg","「我将记录一切的记事本放入时光胶囊，深埋地底，千年后才能公开。
致千年后看到这封…"
"https://raw.githubusercontent.com/ixinzhi/lightnovel-2014to2017/master/不洁圣者的神代之诗 - 新见圣 - 20150305.epub",1828,"https://www.wenku8.net/book/1828.htm","title+author","不洁圣者的神代之诗","新见圣","MF文库J","连载中","2015-03-05","95K","战争 机战 复仇 恋爱 妹妹","http://img.wenku8.com/image/1/1828/1828s.jpg","费加洛魔皇国获得了上天赐予的无敌兵器「辂机」，並企图依靠它的力量征服世界。祖国因…"
"https://raw.githubusercontent.com/ixinzhi/lightnovel-2014to2017/master/SCAR EDGE - 三田诚 - 20150304.epub",1589,"https://www.wenku8.net/book/1589.htm","title+author","SCAR EDGE","三田诚","富士见文库","已完结","2015-03-04","303K","奇幻 异能 战斗 恋爱","http://img.wenku8.com/image/1/1589/1589s.jpg","黑色的，手套。
少年戴着仿佛手铐一般的黑色手套。
「你……是……」
千寻茫然地呢…"
"https://raw.githubusercontent.com/ixinzhi/lightnovel-2014to2017/master/樱之雨 - 合作 - 20150303.epub",1802,"https://www.wenku8.net/book/1802.htm","title+author","樱之雨","合作","其他文库","连载中","2015-03-03","323K","音乐 校园 青春 恋爱 群像","http://img.wenku8.com/image/1/1802/1802s.jpg","第一卷作者：halyosy、第二卷开始作者：雨宮ひとみ
在音滨高中，有个叫樱音春的学生写…"
"https://raw.githubusercontent.com/ixinzhi/lightnovel-2014to2017/master/送行者：温柔又笨拙的送行人们 - 御堂彰彦 - 20150301.epub",1825,"https://www.wenku8.net/book/1825.htm","title+author","送行者:温柔又笨拙的送行人们","御堂彰彦","电击文库","连载中","2015-03-01","87K","奇幻 悬疑","http://img.wenku8.com/image/1/1825/1825s.jpg","「人与幽灵都是一样的。不踏入对方的内心，不可能让对方升天。」
濑川托实，「行定事…"
"https://raw.githubusercontent.com/ixinzhi/lightnovel-2014to2017/master/青蛙堂鬼谈 - 冈本绮堂 - 20150228.epub",1824,"https://www.wenku8.net/book/1824.htm","title+author","青蛙堂鬼谈","冈本绮堂","其他文库","已完结","2015-02-28","78K","奇幻 悬疑 惊悚","http://img.wenku8.com/image/1/1824/1824s.jpg","冈本绮堂提灯引路
带你进入日本怪谈的幽冥界在初春雪夜的幽暗灯光底下，听闻一段段不…"
"https://raw.githubusercontent.com/ixinzhi/lightnovel-2014to2017/master/双合透镜Cromn Flint - 三上康明 - 20150228.epub",1554,"https://www.wenku8.net/book/1554.htm","title+author","双合透镜Cromn Flint","三上康明","小学馆","已完结","2015-02-28","388K","校园 奇幻 悬疑 恋爱 人外","http://img.wenku8.com/image/1/1554/1554s.jpg","我被别人给踩着——踩着我的是一名穿着酒红色水手服的少女。我只是「摸了摄影社的相机…"
"https://raw.githubusercontent.com/ixinzhi/lightnovel-2014to2017/master/也许是现在进行式的黑历史 - 淡群赤光 - 20150223.epub",1760,"https://www.wenku8.net/book/1760.htm","title+author","也许是现在进行式的黑历史","淡群赤光","GA文库","连载中","2015-02-23","205K","欢乐向 后宫 人外 妹妹 青梅竹马","http://img.wenku8.com/image/1/1760/1760s.jpg","「真正的玛丽丝出现了──９在旁边发出奇怪的娇喊声的是吉冈枫子。
虽然百般不愿意，…"
"https://raw.githubusercontent.com/ixinzhi/lightnovel-2014to2017/master/死神姬的再婚 - 小野上明夜 - 20150222.epub",1506,"https://www.wenku8.net/book/1506.htm","title+author","死神姬的再婚","小野上明夜","少女文库","连载中","2015-02-22","494K","恋爱 欢乐向 女性视角","http://img.wenku8.com/image/1/1506/1506s.jpg","亲爱的，撑着点，千万别被我克死了喔！
自从把第一任老公克死在婚礼上，爱莉西亚便被…"
"https://raw.githubusercontent.com/ixinzhi/lightnovel-2014to2017/master/最终幻想 FINAL FANTASY X-2.5 - 野岛一成 - 20150222.epub",1823,"https://www.wenku8.net/book/1823.htm","title+author","最终幻想 FINAL FANTASY X-2.5","野岛一成","其他文库","连载中","2015-02-22","88K","科幻 战斗","http://img.wenku8.com/image/1/1823/1823s.jpg","真实有如太阳的光辉，令人眩目——
这个故事莫非是什么的前兆吗？
接续在FINAL FANT…"
"https://raw.githubusercontent.com/ixinzhi/lightnovel-2014to2017/master/红鬼不哭了 - 明坂缀 - 20150221.epub",1821,"https://www.wenku8.net/book/1821.htm","title+author","红鬼不哭了","明坂缀","小学馆","已完结","2015-02-21","96K","校园 奇幻 青春 恋爱 人外","http://img.wenku8.com/image/1/1821/1821s.jpg","舔了人家女生上胳膊的变态国中生（？）·西还大豪被迫只身转学到偏僻地方的学校。虽然…"
"https://raw.githubusercontent.com/ixinzhi/lightnovel-2014to2017/master/偶像总爱被吐嘈！(她喜欢被吐槽) - 斎藤雅人 - 20150219.epub",1106,"https://www.wenku8.net/book/1106.htm","title+author","偶像总爱被吐嘈！(她喜欢被吐槽)","斎藤雅人","电击文库","已完结","2015-02-19","1066K","校园 职场 青春 欢乐向 后宫 妹妹","http://img.wenku8.com/image/1/1106/1106s.jpg","被春天的温暖阳光所吸引而在街上随意闲晃的我，突然被人给绑架了。咦？什么？不不不，…"
"https://raw.githubusercontent.com/ixinzhi/lightnovel-2014to2017/master/对不起 - 日高由香 - 20150219.epub",1820,"https://www.wenku8.net/book/1820.htm","title+author","对不起","日高由香","其他文库","已完结","2015-02-19","96K","校园 悬疑 惊悚 黑暗","http://img.wenku8.com/image/1/1820/1820s.jpg","由香班上有一位沉默寡言的女同学，名叫黑羽比那子。比那子成绩优秀，却因一头近乎遮住…"
"https://raw.githubusercontent.com/ixinzhi/lightnovel-2014to2017/master/罪色之环 REJUDGEMENT - 仁科裕贵 - 20150218.epub",1818,"https://www.wenku8.net/book/1818.htm","title+author","罪色之环 REJUDGEMENT","仁科裕贵","电击文库","已完结","2015-02-18","147K","悬疑 犯罪 黑暗","http://img.wenku8.com/image/1/1818/1818s.jpg","死刑抑或无罪，终极的二选一——日薪四百万的重审将走向何方！？
“你们被选中成为了…"
"https://raw.githubusercontent.com/ixinzhi/lightnovel-2014to2017/master/假面骑士Faiz 异形之花 - 井上敏树 - 20150218.epub",1039,"https://www.wenku8.net/book/1039.htm","title+author","假面骑士Faiz 异形之花(假面骑士系列四)","井上敏树","讲谈社","已完结/ 已动画化","2015-02-18","86K","科幻 战斗","http://img.wenku8.com/image/1/1039/1039s.jpg","假面骑士FAIZ 正传
与平成假面骑士关系最深的男人——井上敏树赠送给热情的Faiz爱好者…"
"https://raw.githubusercontent.com/ixinzhi/lightnovel-2014to2017/master/迷你裙宇宙海贼(暴力宇宙海贼) - 笹本祐一 - 20150218.epub",1525,"https://www.wenku8.net/book/1525.htm","title+author","迷你裙宇宙海贼(暴力宇宙海贼)","笹本祐一","其他文库","连载中/ 已动画化","2015-02-18","427K","科幻 校园 战斗 冒险 女性视角","http://img.wenku8.com/image/1/1525/1525s.jpg","在遥远的未来，那时海贼船是一种被认可的私掠船。在这样的时代中，女高中生茉莉香一边…"
"https://raw.githubusercontent.com/ixinzhi/lightnovel-2014to2017/master/樱花contact - 合作 - 20150214.epub",1685,"https://www.wenku8.net/book/1685.htm","title+author","樱花contact","合作","其他文库","已完结","2015-02-14","155K","校园 欢乐向 后宫 青梅竹马 妹妹","http://img.wenku8.com/image/1/1685/1685s.jpg","本小说作者 线路A: 七月隆文 线路B：日日日
高中生樱木春彦，今天也被青梅竹马的桃子…"
"https://raw.githubusercontent.com/ixinzhi/lightnovel-2014to2017/master/不迷途的羔羊 - 玩具堂 - 20150213.epub",964,"https://www.wenku8.net/book/964.htm","title+author","不迷途的羔羊","玩具堂","角川文库","已完结","2015-02-13","590K","校园 青春 欢乐向 后宫","http://img.wenku8.com/image/0/964/964s.jpg","学生会新成立的「不迷途的羔羊咨询会」，简称「羔羊会」，其宗旨在解决学生的烦恼。成…"
"https://raw.githubusercontent.com/ixinzhi/lightnovel-2014to2017/master/喜欢上死党的女友，向井弘凪的罪与罚 - 野村美月 - 20150212.epub",1807,"https://www.wenku8.net/book/1807.htm","title+author","喜欢上死党的女友，向井弘凪的罪与罚","野村美月","集英社","已完结","2015-02-12","88K","校园 青春 恋爱 NTR","http://img.wenku8.com/image/1/1807/1807s.jpg","随著秋季一同来访，甜美而无奈的爱情故事
「弘凪！我交到女朋友了９
死党相羽遥平，…"
"https://raw.githubusercontent.com/ixinzhi/lightnovel-2014to2017/master/皇帝圣印 异境之战 - 夏希のたね - 20150210.epub",1806,"https://www.wenku8.net/book/1806.htm","title+author","皇帝圣印 异境之战","夏希のたね","富士见文库","已完结","2015-02-10","88K","奇幻 异能 战斗","http://img.wenku8.com/image/1/1806/1806s.jpg","在这片由混沌操控万物的大陆上，君主们为了争夺财富与土地而不停引发战乱。战乱的中心…"
"https://raw.githubusercontent.com/ixinzhi/lightnovel-2014to2017/master/武装中学生2045 夏 - 冈本タクヤ - 20150209.epub",1651,"https://www.wenku8.net/book/1651.htm","title+author","武装中学生2045 夏","冈本タクヤ","Fami通文库","连载中","2015-02-09","245K","科幻 校园 战斗 机战 恋爱","http://img.wenku8.com/image/1/1651/1651s.jpg","除了国家之外……还有其他更值得我们守护的事——
根据「国防教育法」规定，这个时代…"
"https://raw.githubusercontent.com/ixinzhi/lightnovel-2014to2017/master/家里蹲万魔殿 - 壱日千次 - 20150203.epub",1660,"https://www.wenku8.net/book/1660.htm","title+author","家里蹲万魔殿","壱日千次","MF文库J","已完结","2015-02-03","192K","校园 欢乐向 后宫 妹妹 人外","http://img.wenku8.com/image/1/1660/1660s.jpg","史上最强的退魔师——日高见久远是个家里蹲。由于最重要的恶魔一直没有出现而被周围轻…"
"https://raw.githubusercontent.com/ixinzhi/lightnovel-2014to2017/master/火影剧场版小说 THE LAST - 经冢丸雄 - 20150203.epub",1809,"https://www.wenku8.net/book/1809.htm","title+author","火影剧场版小说 THE LAST","经冢丸雄","集英社","已完结/ 已动画化","2015-02-03","57K","奇幻 冒险 战斗 恋爱","http://img.wenku8.com/image/1/1809/1809s.jpg","鸣人和佐助的因缘之战结束后的木叶忍者村。在那2年之后……
未能传达的心意。那份隐秘…"
"https://raw.githubusercontent.com/ixinzhi/lightnovel-2014to2017/master/幽灵恋人 - 平坂读 - 20150129.epub",208,"https://www.wenku8.net/book/208.htm","title+author","幽灵恋人","平坂读","MF文库J","已完结","2015-01-29","374K","校园 青春 恋爱 百合 人外","http://img.wenku8.com/image/0/208/208s.jpg","「我喜欢你，请跟我交往９高中生久远悠纪，有一天被青梅竹马的白咲深春以非常恐怖的表…"
"https://raw.githubusercontent.com/ixinzhi/lightnovel-2014to2017/master/我与一乃的游戏同好会活动日志 - 叶村哲 - 20150124.epub",988,"https://www.wenku8.net/book/988.htm","title+author","我与一乃的游戏同好会活动日志","叶村哲","MF文库J","已完结","2015-01-24","1001K","校园 青春 欢乐向 后宫 妹妹","http://img.wenku8.com/image/0/988/988s.jpg","荒谷学园第三旧校舍，在这栋古老木造建筑物一楼的游戏同好会社办里，白崎宗司与孤高的…"
"https://raw.githubusercontent.com/ixinzhi/lightnovel-2014to2017/master/花鸟风月系列 - 绫崎隼 - 20150122.epub",1655,"https://www.wenku8.net/book/1655.htm","title+author","花鸟风月系列","绫崎隼","电击文库","连载中","2015-01-22","329K","群像 恋爱 青春","http://img.wenku8.com/image/1/1655/1655s.jpg","生命结束前，我想起了那个男人。
那一夜，我押下了人生最后一个赌注——
下着豪雨的…"
"https://raw.githubusercontent.com/ixinzhi/lightnovel-2014to2017/master/红 Kure-nai - 片山宪太郎 - 20150113.epub",134,"https://www.wenku8.net/book/134.htm","title+author","红 Kure-nai","片山宪太郎","集英社","已完结/ 已动画化","2015-01-13","519K","悬疑 冒险 战斗 恋爱 大小姐","http://img.wenku8.com/image/0/134/134s.jpg","某天，一件保护某位少女的委托突然落到从事纠纷调解人工作的高中生——红真九郎的手上…"
"https://raw.githubusercontent.com/ixinzhi/lightnovel-2014to2017/master/我的空气 - 泷本龙彦 - 20150113.epub",1799,"https://www.wenku8.net/book/1799.htm","title+author","我的空气","泷本龙彦","其他文库","已完结","2015-01-13","71K","青春 黑暗","http://img.wenku8.com/image/1/1799/1799s.jpg","我是一个没有固定工作、没有生存目标、没有朋友更没有恋人，当然存款也很少的24岁男人…"
"https://raw.githubusercontent.com/ixinzhi/lightnovel-2014to2017/master/千本樱 - 一斗まる - 20150111.epub",1797,"https://www.wenku8.net/book/1797.htm","title+author","千本樱","一斗まる","其他文库","连载中","2015-01-11","180K","音乐 奇幻 战斗 恋爱 妹妹","http://img.wenku8.com/image/1/1797/1797s.jpg","因发生“大正凶变”的大灾难而扭曲了的世界。“神凭特殊樱小队”为了保护屡屡发生各种…"
"https://raw.githubusercontent.com/ixinzhi/lightnovel-2014to2017/master/黑妖精之吻 - 川人忠明 - 20150109.epub",342,"https://www.wenku8.net/book/342.htm","title+author","黑妖精之吻","川人忠明","富士见文库","连载中","2015-01-09","103K","奇幻 冒险 恋爱 人外","http://img.wenku8.com/image/0/342/342s.jpg","“黑妖精之吻——那是死亡的宣告”
少男阿玛迪奥的村庄被一伙黑妖精所袭击，亲人朋友…"
"https://raw.githubusercontent.com/ixinzhi/lightnovel-2014to2017/master/光明之风×光明之泪 - 加納新太 - 20150108.epub",316,"https://www.wenku8.net/book/316.htm","title+author","光明之风×光明之泪","加納新太","Fami通文库","已完结/ 已动画化","2015-01-08","464K","奇幻 冒险 战斗","http://img.wenku8.com/image/0/316/316s.jpg","城塞都市希尔迪亚目前正濒临亡国的危机。旅居于此处的妖精──爱尔雯，救了一名漂流在…"
"https://raw.githubusercontent.com/ixinzhi/lightnovel-2014to2017/master/历物语(物语系列十一) - 西尾维新 - 20150107.epub",1451,"https://www.wenku8.net/book/1451.htm","title+author","历物语(物语系列十一)","西尾维新","讲谈社","已完结/ 已动画化","2015-01-07","199K","校园 奇幻 青春 恋爱 后宫 人外","http://img.wenku8.com/image/1/1451/1451s.jpg","「即使如此，只要自己做得到，
还是会想全部试试看吧？」
自从遇见美丽吸血鬼的春季…"
"https://raw.githubusercontent.com/ixinzhi/lightnovel-2014to2017/master/凭物语(物语系列十) - 西尾维新 - 20150107.epub",1307,"https://www.wenku8.net/book/1307.htm","title+author","凭物语(物语系列十)","西尾维新","讲谈社","已完结/ 已动画化","2015-01-07","129K","校园 奇幻 青春 恋爱 后宫 人外","http://img.wenku8.com/image/1/1307/1307s.jpg","「拜托狠心一点──贴心一点吧。」
阿良良木历被迫逐渐、确实地
清算「至今视而不见…"
"https://raw.githubusercontent.com/ixinzhi/lightnovel-2014to2017/master/化物语(物语系列一) - 西尾维新 - 20150107.epub",6,"https://www.wenku8.net/book/6.htm","title+author","化物语(物语系列一)","西尾维新","讲谈社","已完结/ 已动画化","2015-01-07","499K","校园 奇幻 青春 恋爱 后宫 人外","http://img.wenku8.com/image/0/6/6s.jpg","高三生阿良良木历，某天在学校爬楼梯时接住一位从天而降(其实是采到香蕉皮滑倒)的少女…"
"https://raw.githubusercontent.com/ixinzhi/lightnovel-2014to2017/master/猫物语(物语系列四) - 西尾维新 - 20150107.epub",901,"https://www.wenku8.net/book/901.htm","title+author","猫物语(物语系列四)","西尾维新","讲谈社","已完结/ 已动画化","2015-01-07","294K","校园 奇幻 青春 恋爱 后宫 人外","http://img.wenku8.com/image/0/901/901s.jpg","完美的班长，羽川翼。
身为阿良良木厉恩人的她
在黄金周的第一天，被一只猫所魅惑了…"
"https://raw.githubusercontent.com/ixinzhi/lightnovel-2014to2017/master/伪物语(物语系列三) - 西尾维新 - 20150107.epub",421,"https://www.wenku8.net/book/421.htm","title+author","伪物语(物语系列三)","西尾维新","讲谈社","已完结/ 已动画化","2015-01-07","344K","校园 奇幻 青春 恋爱 后宫 人外","http://img.wenku8.com/image/0/421/421s.jpg","在「火炎姐妹」担任实战的阿良良木火怜。
历的这位妹妹所对抗的，
并非「怪异」之物…"
"https://raw.githubusercontent.com/ixinzhi/lightnovel-2014to2017/master/鬼物语(物语系列八) - 西尾维新 - 20150107.epub",1113,"https://www.wenku8.net/book/1113.htm","title+author","鬼物语(物语系列八)","西尾维新","讲谈社","已完结/ 已动画化","2015-01-07","129K","校园 奇幻 青春 恋爱 后宫 人外","http://img.wenku8.com/image/1/1113/1113s.jpg","「不努力解除误会，等同于说谎。」
栖息于阿良良木历影子里的吸血鬼──忍野忍。
从…"
"https://raw.githubusercontent.com/ixinzhi/lightnovel-2014to2017/master/影≒光 Shadow Light - 影名浅海 - 20150107.epub",215,"https://www.wenku8.net/book/215.htm","title+author","影≒光 Shadow Light","影名浅海","集英社","连载中","2015-01-07","532K","校园 奇幻 冒险 战斗 后宫","http://img.wenku8.com/image/0/215/215s.jpg","出身于以除魔为家业的阴阳师世家──‘星之宫’的双胞胎，姊姊御影及弟弟光辉。与充满…"
"https://raw.githubusercontent.com/ixinzhi/lightnovel-2014to2017/master/月下魔女 - 佐藤ケイ - 20150106.epub",1609,"https://www.wenku8.net/book/1609.htm","title+author","月下魔女","佐藤ケイ","电击文库","连载中","2015-01-06","141K","奇幻 魔法 战斗 黑暗 百合","http://img.wenku8.com/image/1/1609/1609s.jpg","在温柔的父母和朋友的环绕下，过着非常平凡的生活的小学生·东岛惠奈。在某一天，作为…"
"https://raw.githubusercontent.com/ixinzhi/lightnovel-2014to2017/master/Realforce Ignition - 七乌未奏 - 20150104.epub",1732,"https://www.wenku8.net/book/1732.htm","title+author","Realforce Ignition","七乌未奏","讲谈社","连载中","2015-01-04","156K","校园 战斗 后宫 青梅竹马 人外","http://img.wenku8.com/image/1/1732/1732s.jpg","为了与被称为狂精灵的威胁对抗，人类开发了魔法——。魔奏学园，是以培养魔法的使用者…"
"https://raw.githubusercontent.com/ixinzhi/lightnovel-2014to2017/master/无尽深海的索拉利斯 - らきるち - 20150104.epub",1791,"https://www.wenku8.net/book/1791.htm","title_only","绝深海的索拉里斯(无尽深海的索拉利斯)","らきるち","MF文库J","已完结","2021-10-17","220K","科幻 校园 末日 战斗 惊悚 黑暗","http://img.wenku8.com/image/1/1791/1791s.jpg","二十二世纪的人类创造出「征服深海的异能」──《水使者》。山城凑以指导水使者教官的…"
"https://raw.githubusercontent.com/ixinzhi/lightnovel-2014to2017/master/拜托了！数学先生 - 向井湘吾 - 20150104.epub",1795,"https://www.wenku8.net/book/1795.htm","title+author","拜托了！数学先生","向井湘吾","其他文库","连载中","2015-01-04","98K","校园 青春 恋爱","http://img.wenku8.com/image/1/1795/1795s.jpg","一部以数学为梦想的青春物语！
「我的梦想是以数学拯救世界９
新来的转学生一开口就…"
"https://raw.githubusercontent.com/ixinzhi/lightnovel-2014to2017/master/斩魔大圣 - 凉风凉 - 20141231.epub",529,"https://www.wenku8.net/book/529.htm","title+author","斩魔大圣","凉风凉","角川文库","已完结/ 已动画化","2014-12-31","416K","奇幻 悬疑 冒险 恋爱","http://img.wenku8.com/image/0/529/529s.jpg","贫穷的三流侦探──大十字九郎，有天接到一项要求他帮忙寻找魔导书的奇妙委托。魔导书…"
"https://raw.githubusercontent.com/ixinzhi/lightnovel-2014to2017/master/神曲奏界 红 - 榊一郎 - 20141227.epub",271,"https://www.wenku8.net/book/271.htm","title+author","神曲奏界 红","榊一郎","GA文库","连载中/ 已动画化","2014-12-27","1211K","校园 奇幻 音乐 战斗 恋爱 人外","http://img.wenku8.com/image/0/271/271s.jpg","任性的红发精灵  迷人电力百分百
这世界有精灵，他们拥有神奇的力量，并以音乐为食。…"
"https://raw.githubusercontent.com/ixinzhi/lightnovel-2014to2017/master/巴洛克骑士 - 叶村哲 - 20141222.epub",1517,"https://www.wenku8.net/book/1517.htm","title+author","巴洛克骑士","叶村哲","MF文库J","已完结","2014-12-22","358K","奇幻 校园 战斗 悬疑 后宫","http://img.wenku8.com/image/1/1517/1517s.jpg","放学后，守部京耶突然被神秘少女．巴洛克叫到屋顶进行莫名其妙爱的告白。在她半强迫式…"
"https://raw.githubusercontent.com/ixinzhi/lightnovel-2014to2017/master/扑杀天使朵库萝 - おかゆまさき - 20141222.epub",89,"https://www.wenku8.net/book/89.htm","title_only","扑杀天使朵库萝","おかゆまさき","电击文库","已完结/ 已动画化","2014-12-22","865K","校园 奇幻 欢乐向 后宫 青梅竹马 人外","http://img.wenku8.com/image/0/89/89s.jpg","随著一阵谜样的声响，草壁樱（国中二年级）的家里突然冒出一个天使。这个女孩的名字叫…"
"https://raw.githubusercontent.com/ixinzhi/lightnovel-2014to2017/master/莉莉亚与特雷兹 - 时雨泽惠一 - 20141222.epub",105,"https://www.wenku8.net/book/105.htm","title+author","莉莉亚与特雷兹","时雨泽惠一","电击文库","已完结/ 已动画化","2014-12-22","459K","冒险 旅行 青春 恋爱 青梅竹马","http://img.wenku8.com/image/0/105/105s.jpg","艾莉森的女儿--莉莉亚充满梦想、精彩无比的冒险旅程就此展开。莉莉亚与青梅竹马特雷兹…"
"https://raw.githubusercontent.com/ixinzhi/lightnovel-2014to2017/master/AIR 青空下的传说 - 合作 - 20141222.epub",1788,"https://www.wenku8.net/book/1788.htm","title+author","AIR 青空下的传说","合作","其他文库","已完结/ 已动画化","2014-12-22","91K","校园 青春 恋爱","http://img.wenku8.com/image/1/1788/1788s.jpg","6月的一个雨天，神尾观铃在放学路过涨水河上的小桥时，发现了一个溺水的少年。尽管呛了…"
"https://raw.githubusercontent.com/ixinzhi/lightnovel-2014to2017/master/暮蝉悲鸣之时 解(寒蝉鸣泣之时 解) - 龙骑士07 - 20141219.epub",1786,"https://www.wenku8.net/book/1786.htm","title+author","暮蝉悲鸣之时 解(寒蝉鸣泣之时 解)","龙骑士07","游戏剧本","已完结/ 已动画化","2014-12-19","1452K","校园 悬疑 犯罪 惊悚 黑暗 猎奇","http://img.wenku8.com/image/1/1786/1786s.jpg","【阅读前先看】★轻小说☆文库★特别说明：因为解篇的文库本翻译比较零散，大量篇章不…"
"https://raw.githubusercontent.com/ixinzhi/lightnovel-2014to2017/master/海猫鸣泣之时 - 龙骑士07 - 20141219.epub",380,"https://www.wenku8.net/book/380.htm","title+author","海猫鸣泣之时","龙骑士07","游戏剧本","已完结/ 已动画化","2014-12-19","2579K","奇幻 悬疑 犯罪 惊悚 猎奇","http://img.wenku8.com/image/0/380/380s.jpg","在日本伊豆群岛中，一个名为六轩岛的小岛上。这个长度只有10公里的小岛，是大富豪右代…"
"https://raw.githubusercontent.com/ixinzhi/lightnovel-2014to2017/master/穿越！红女神骑士团 - 诸星崇 - 20141218.epub",1784,"https://www.wenku8.net/book/1784.htm","title+author","穿越！红女神骑士团","诸星崇","其他文库","连载中","2014-12-18","87K","穿越 魔法 战争 后宫","http://img.wenku8.com/image/1/1784/1784s.jpg","「请拯救我们的国家与人民９ 
号称梵迪尔帝国最强的「红女神骑士团」，因帝国高层的阴…"
"https://raw.githubusercontent.com/ixinzhi/lightnovel-2014to2017/master/夏之庭 - 汤本香树实 - 20141217.epub",1781,"https://www.wenku8.net/book/1781.htm","title+author","夏之庭","汤本香树实","其他文库","已完结","2014-12-17","74K","青春","http://img.wenku8.com/image/1/1781/1781s.jpg","「死亡」是什么？人是怎么死的？「死亡」有什么样的意义？
三个十二岁的少年，为了解…"
"https://raw.githubusercontent.com/ixinzhi/lightnovel-2014to2017/master/四日间的奇迹 - 浅仓卓弥 - 20141216.epub",1780,"https://www.wenku8.net/book/1780.htm","title+author","四日间的奇迹","浅仓卓弥","其他文库","已完结","2014-12-16","173K","音乐 青春","http://img.wenku8.com/image/1/1780/1780s.jpg","因意外而断送钢琴家生涯的如月敬辅，智能障碍与音乐天赋并具的少女千织，一次相遇改变…"
"https://raw.githubusercontent.com/ixinzhi/lightnovel-2014to2017/master/三日间的幸福 - 三秋缒 - 20141216.epub",1779,"https://www.wenku8.net/book/1779.htm","title+author","三日间的幸福","三秋缒","电击文库","","","","青春 恋爱","http://img.wenku8.com/image/1/1779/1779s.jpg","如果人命可以换算成金钱，你值多少？什么事物值得你用生命换取？
有一家收购寿命的店…"
"https://raw.githubusercontent.com/ixinzhi/lightnovel-2014to2017/master/寻觅眼中的你 - 入间人间 - 20141215.epub",1777,"https://www.wenku8.net/book/1777.htm","title+author","寻觅眼中的你","入间人间","电击文库","已完结","2014-12-15","113K","青春 恋爱 群像","http://img.wenku8.com/image/1/1777/1777s.jpg","《说谎的男孩与坏掉的女孩》创作鬼才──入间人间，献上宛如99%黑巧克力般的恋爱短篇集…"
"https://raw.githubusercontent.com/ixinzhi/lightnovel-2014to2017/master/艾莉森 - 时雨泽惠一 - 20141211.epub",19,"https://www.wenku8.net/book/19.htm","title+author","艾莉森","时雨泽惠一","电击文库","已完结/ 已动画化","2014-12-11","376K","战争 冒险 青春 恋爱 青梅竹马","http://img.wenku8.com/image/0/19/19s.jpg","仅有一片陆地的世界，分成东西二个联邦，这二个国家长年争战不断。住在东联邦的17岁学…"
"https://raw.githubusercontent.com/ixinzhi/lightnovel-2014to2017/master/我的狐姬主人(狐姬的仆人) - 春日御影 - 20141209.epub",1292,"https://www.wenku8.net/book/1292.htm","title+author","我的狐姬主人(狐姬的仆人)","春日御影","富士见文库","已完结","2014-12-09","361K","穿越 奇幻 后宫 人外 青梅竹马","http://img.wenku8.com/image/1/1292/1292s.jpg","穿越至远古时代的光，惨遭毒蛇舌狐耳美少女调教!?水原光与青梅竹马朝日奈紫在破旧神社…"
"https://raw.githubusercontent.com/ixinzhi/lightnovel-2014to2017/master/暮蝉悲鸣之时(寒蝉鸣泣之时) - 龙骑士07 - 20141209.epub",371,"https://www.wenku8.net/book/371.htm","title+author","暮蝉悲鸣之时(寒蝉鸣泣之时)","龙骑士07","讲谈社","已完结/ 已动画化","2014-12-09","914K","校园 悬疑 犯罪 惊悚 黑暗 猎奇","http://img.wenku8.com/image/0/371/371s.jpg","昭和五十八年。
流传在悠闲的雏见泽村的神秘祭典「绵流祭」，潜藏其中千万不可冒犯的…"
"https://raw.githubusercontent.com/ixinzhi/lightnovel-2014to2017/master/乐圣少女 - 杉井光 - 20141209.epub",1274,"https://www.wenku8.net/book/1274.htm","title+author","乐圣少女","杉井光","电击文库","","","","穿越 奇幻 音乐 恋爱","http://img.wenku8.com/image/1/1274/1274s.jpg","高中二年级的暑假，一个叫做恶魔梅菲斯托菲勒斯的奇妙女孩，将我带到了一个从未见过的…"
"https://raw.githubusercontent.com/ixinzhi/lightnovel-2014to2017/master/遥远时空 - 桥立鲇美 - 20141209.epub",958,"https://www.wenku8.net/book/958.htm","title+author","遥远时空","桥立鲇美","其他文库","已完结/ 已动画化","2014-12-09","59K","奇幻 恋爱","http://img.wenku8.com/image/0/958/958s.jpg","尽管取得了北方神符，永泉依然迷惘，不仅如此，内心更多了难以痊愈的伤口……某日他和…"
"https://raw.githubusercontent.com/ixinzhi/lightnovel-2014to2017/master/光明之刃 剑士们的间奏曲 - 加纳新太 - 20141208.epub",1774,"https://www.wenku8.net/book/1774.htm","title+author","光明之刃 剑士们的间奏曲","加纳新太","Fami通文库","已完结","2014-12-08","78K","奇幻 冒险 人外","http://img.wenku8.com/image/1/1774/1774s.jpg","被姐姐椎名夏音当成牛马一般使唤，仍不忘享受假期的零侍，最近几天几乎夜夜梦见某人呼…"
"https://raw.githubusercontent.com/ixinzhi/lightnovel-2014to2017/master/魔王之类的啦！ - 原田源五郎 - 20141206.epub",1544,"https://www.wenku8.net/book/1544.htm","title+author","魔王之类的啦！","原田源五郎","小学馆","已完结","2014-12-06","280K","校园 欢乐向 后宫 人外 青梅竹马","http://img.wenku8.com/image/1/1544/1544s.jpg","“吾乃……魔王之类的１那名美少女这么说道。明明是最关键的部分，却做出了暧昧不明的…"
"https://raw.githubusercontent.com/ixinzhi/lightnovel-2014to2017/master/CLANNAD ~MAGIC HOUR~ 魔法时间 - 糸井健一 - 20141204.epub",962,"https://www.wenku8.net/book/962.htm","title+author","CLANNAD ~MAGIC HOUR~ 魔法时间","糸井健一","其他文库","已完结/ 已动画化","2014-12-04","79K","校园 青春 恋爱 后宫","http://img.wenku8.com/image/0/962/962s.jpg","""欢迎光临，我已经听说了你的事。""
古老灯台上的火光，照亮了发出声音的主人。
像是很…"
"https://raw.githubusercontent.com/ixinzhi/lightnovel-2014to2017/master/逆理的魔女 - 雪野静 - 20141203.epub",985,"https://www.wenku8.net/book/985.htm","title+author","逆理的魔女","雪野静","集英社","已完结","2014-12-03","112K","校园 魔法 战斗 后宫","http://img.wenku8.com/image/0/985/985s.jpg","建在高台上的市立蓝染高中，这个季节，从屋顶可以看到茂盛的枫叶和银杏。街道建在大自…"
"https://raw.githubusercontent.com/ixinzhi/lightnovel-2014to2017/master/蔷薇色时光胶囊 - 大沼纪子 - 20141203.epub",1771,"https://www.wenku8.net/book/1771.htm","title+author","蔷薇色时光胶囊","大沼纪子","其他文库","已完结","2014-12-03","113K","青春 恋爱 女性视角","http://img.wenku8.com/image/1/1771/1771s.jpg","挣扎地想要忘记却又不断回忆 我多希望一直那么喜欢那个人……
无可救药的我 来到绝望…"
"https://raw.githubusercontent.com/ixinzhi/lightnovel-2014to2017/master/超能力师事务所 - 誉田哲也 - 20141130.epub",1769,"https://www.wenku8.net/book/1769.htm","title+author","超能力师事务所","誉田哲也","其他文库","已完结","2014-11-30","120K","异能 悬疑","http://img.wenku8.com/image/1/1769/1769s.jpg","销量破300万册《草莓之夜》系列作家，首度挑战幽默诙谐的人性推理剧！看似无敌的超能力…"
"https://raw.githubusercontent.com/ixinzhi/lightnovel-2014to2017/master/超钢女雪拉 - 寺田とものり - 20141129.epub",181,"https://www.wenku8.net/book/181.htm","title+author","超钢女雪拉","寺田とものり","HJ文库","已完结","2014-11-29","1249K","校园 科幻 战斗 恋爱 人外","http://img.wenku8.com/image/0/181/181s.jpg","昭和70年、春天。
高中一年级的赖户茸味，想帮助被混混纠缠的御滨千美绘，却反被混混…"
"https://raw.githubusercontent.com/ixinzhi/lightnovel-2014to2017/master/PSYCHO-PASS心理测量者 前传 - 高羽彩 - 20141128.epub",1766,"https://www.wenku8.net/book/1766.htm","title+author","PSYCHO-PASS心理测量者 前传","高羽彩","角川文库","已完结/ 已动画化","2014-11-28","109K","科幻 职场 悬疑 犯罪 战斗","http://img.wenku8.com/image/1/1766/1766s.jpg","公历2109年。在将人类的精神数值化、追求最适合幸福的未来世界，以系统导出的“犯罪系…"
"https://raw.githubusercontent.com/ixinzhi/lightnovel-2014to2017/master/PSYCHO-PASS心理测量者 - 深见真 - 20141128.epub",1765,"https://www.wenku8.net/book/1765.htm","title+author","PSYCHO-PASS心理测量者","深见真","角川文库","已完结/ 已动画化","2014-11-28","209K","科幻 职场 犯罪 战斗","http://img.wenku8.com/image/1/1765/1765s.jpg","在人类的心理状态和性格倾向都能被数值化的未来。所有的感情、欲望、社会病态心理倾向…"
"https://raw.githubusercontent.com/ixinzhi/lightnovel-2014to2017/master/安琪莉可 天空的镇魂歌 - 草剃陀美鸟 - 20141127.epub",1762,"https://www.wenku8.net/book/1762.htm","title+author","安琪莉可 天空的镇魂歌","草剃陀美鸟","其他文库","已完结","2014-11-27","73K","奇幻 恋爱","http://img.wenku8.com/image/1/1762/1762s.jpg","与你初会之际…… 
从那个时候起我就一直注视着你。 
所以我都知道、你的温柔、你的…"
"https://raw.githubusercontent.com/ixinzhi/lightnovel-2014to2017/master/Over Image超异能游戏(超越想像) - 游佐真弘 - 20141125.epub",1226,"https://www.wenku8.net/book/1226.htm","title+author","Over Image超异能游戏(超越想象)","游佐真弘","MF文库J","已完结","2014-11-25","355K","校园 奇幻 异能 战斗 后宫 青梅竹马","http://img.wenku8.com/image/1/1226/1226s.jpg","失去色彩的世界，纯白的世界，所有景物被染成同一颜色的世界──原本一如往常走在上学…"
"https://raw.githubusercontent.com/ixinzhi/lightnovel-2014to2017/master/钢音之剑 - 无嵨树了 - 20141125.epub",1090,"https://www.wenku8.net/book/1090.htm","title+author","钢音之剑","无嵨树了","HJ文库","已完结","2014-11-25","276K","校园 奇幻 战斗 后宫 青梅竹马","http://img.wenku8.com/image/1/1090/1090s.jpg","矢上玖朗某天路经公园时被不明物体攻击而身受重伤，就在他濒临死亡时出现了一位美少女…"
"https://raw.githubusercontent.com/ixinzhi/lightnovel-2014to2017/master/魔王的仆人出现了! - 上野游 - 20141125.epub",1742,"https://www.wenku8.net/book/1742.htm","title+author","魔王的仆人出现了!","上野游","电击文库","连载中","2014-11-25","98K","校园 欢乐向 后宫","http://img.wenku8.com/image/1/1742/1742s.jpg","17岁生日那天，一位像死神般的纯黑少女降临在了一个人生活的我的身边。她自诩为本应灭…"
"https://raw.githubusercontent.com/ixinzhi/lightnovel-2014to2017/master/献给某飞行员的夜想曲 - 犬村小六 - 20141124.epub",1209,"https://www.wenku8.net/book/1209.htm","title+author","献给某飞行员的夜想曲","犬村小六","小学馆","已完结","2014-11-24","227K","恋爱 战争 冒险","http://img.wenku8.com/image/1/1209/1209s.jpg","赛昂岛上有条「魔犬」——维多利亚海海战半年后，神圣雷瓦姆皇国军的飞行员们心怀敬畏…"
"https://raw.githubusercontent.com/ixinzhi/lightnovel-2014to2017/master/七曲七海的奇妙秘密 - 雨木秀介 - 20141124.epub",1756,"https://www.wenku8.net/book/1756.htm","title+author","七曲七海的奇妙秘密","雨木秀介","讲谈社","连载中","2014-11-24","77K","校园 冒险 战斗 恋爱 妹妹","http://img.wenku8.com/image/1/1756/1756s.jpg","这个星球有个小秘密，那就是存在和我们生活的这个星球稍微有点不同——称为《镜》的「…"
"https://raw.githubusercontent.com/ixinzhi/lightnovel-2014to2017/master/贵族侦探爱德华 - 椹野道流 - 20141121.epub",145,"https://www.wenku8.net/book/145.htm","title+author","贵族侦探爱德华","椹野道流","少女文库","连载中","2014-11-21","661K","悬疑 冒险 耽美","http://img.wenku8.com/image/0/145/145s.jpg","在西方大国安葛雷的首都──伦托拉的平民区里，有位拥有耀眼金发、湛蓝双眸、家世显赫…"
"https://raw.githubusercontent.com/ixinzhi/lightnovel-2014to2017/master/战娘交响曲 - 筑地俊彦 - 20141119.epub",201,"https://www.wenku8.net/book/201.htm","title+author","战娘交响曲","筑地俊彦","Fami通文库","连载中","2014-11-19","235K","校园 异能 战斗 后宫","http://img.wenku8.com/image/0/201/201s.jpg","威胁人类的谜样不死生命体。灵机拉鲁瓦。能打倒它的，只有将思春期少女特有的「阿尼玛…"
"https://raw.githubusercontent.com/ixinzhi/lightnovel-2014to2017/master/增血鬼果林 - 甲斐透 - 20141119.epub",204,"https://www.wenku8.net/book/204.htm","title+author","增血鬼果林","甲斐透","富士见文库","连载中/ 已动画化","2014-11-19","384K","校园 奇幻 欢乐向 青春 恋爱","http://img.wenku8.com/image/0/204/204s.jpg","最另类的吸血鬼物语 超爆笑的校园爱情喜剧
「……我、我已经忍不住了……」
真红果林…"
"https://raw.githubusercontent.com/ixinzhi/lightnovel-2014to2017/master/笨蛋全裸向前冲 - 入间人间 - 20141116.epub",1753,"https://www.wenku8.net/book/1753.htm","title+author","笨蛋全裸向前冲","入间人间","电击文库","已完结","2014-11-16","116K","群像 青春","http://img.wenku8.com/image/1/1753/1753s.jpg","创作的妖精是全裸的笨蛋？
我的梦想是当个小说家，为此付出所有努力；对于出书这档事…"
"https://raw.githubusercontent.com/ixinzhi/lightnovel-2014to2017/master/魔女之家 艾莲日记 - ふみー - 20141116.epub",1750,"https://www.wenku8.net/book/1750.htm","title_only","魔女之家 艾莲日记","ふみー","Fami通文库","已完结","2014-11-16","86K","惊悚 女性视角","http://img.wenku8.com/image/1/1750/1750s.jpg","我的眼睛已派不上用场
我的双脚也弃之不惜
所以请赐给我吧
你的全部都给我
我期盼…"
"https://raw.githubusercontent.com/ixinzhi/lightnovel-2014to2017/master/樱神乐 - 久弥直树 - 20141116.epub",1751,"https://www.wenku8.net/book/1751.htm","title+author","樱神乐","久弥直树","讲谈社","连载中","2014-11-16","97K","校园 奇幻 悬疑 百合 女性视角","http://img.wenku8.com/image/1/1751/1751s.jpg","——我想知道我是被谁杀死的。
看到了“不存在于这个世界的少年”的月深学园高等部一…"
"https://raw.githubusercontent.com/ixinzhi/lightnovel-2014to2017/master/残酷童话 - 仓桥由美子 - 20141116.epub",1749,"https://www.wenku8.net/book/1749.htm","title+author","残酷童话","仓桥由美子","其他文库","已完结","2014-11-16","81K","黑暗 欢乐向","http://img.wenku8.com/image/1/1749/1749s.jpg","现实残酷，童话幻灭
在现实生活中，王子与公主是不可能过着幸福快乐的日子，而金银财…"
"https://raw.githubusercontent.com/ixinzhi/lightnovel-2014to2017/master/初恋Continue - なかひろ - 20141114.epub",1663,"https://www.wenku8.net/book/1663.htm","title_only","初恋Continue","なかひろ","小学馆","连载中","2014-11-14","164K","校园 青春 后宫 妹妹 青梅竹马","http://img.wenku8.com/image/1/1663/1663s.jpg","有萌点有燃点的死亡游戏风格恋爱喜剧！？
「救我……哥哥……游戏里……」
妹妹空罕…"
"https://raw.githubusercontent.com/ixinzhi/lightnovel-2014to2017/master/桑潟幸一副教授的时尚生活 - 奥泉光 - 20141114.epub",1747,"https://www.wenku8.net/book/1747.htm","title+author","桑潟幸一副教授的时尚生活","奥泉光","其他文库","已完结","2014-11-14","153K","悬疑","http://img.wenku8.com/image/1/1747/1747s.jpg","日本最废柴的大学教师，今天也愉快地哼着鲁蛇之歌，与脱轨的奇葩学生们解决身边的怪事…"
"https://raw.githubusercontent.com/ixinzhi/lightnovel-2014to2017/master/在紫阳花开的季节我们彼此感应 - 志茂文彦 - 20141114.epub",1746,"https://www.wenku8.net/book/1746.htm","title+author","在紫阳花开的季节我们彼此感应","志茂文彦","Fami通文库","已完结","2014-11-14","100K","科幻 青春 恋爱","http://img.wenku8.com/image/1/1746/1746s.jpg","「——找到了。就是她。」自七年前开始，水上瞬一直共享着未曾谋面的少女的五感，理应…"
"https://raw.githubusercontent.com/ixinzhi/lightnovel-2014to2017/master/真红老师的课外授业 - 漆原雪人 - 20141113.epub",1745,"https://www.wenku8.net/book/1745.htm","title+author","真红老师的课外授业","漆原雪人","其他文库","已完结","2014-11-13","29K","奇幻 校园 青春 恋爱","http://img.wenku8.com/image/1/1745/1745s.jpg","C86发售的galgame五彩斑斓的世界外传小说…"
"https://raw.githubusercontent.com/ixinzhi/lightnovel-2014to2017/master/将太的寿司 挑战笹寿司四大天王 - 游生草平 - 20141111.epub",1743,"https://www.wenku8.net/book/1743.htm","title+author","将太的寿司 挑战笹寿司四大天王","游生草平","讲谈社","已完结","2014-11-11","74K","美食","http://img.wenku8.com/image/1/1743/1743s.jpg","天才寿司师傅——将太这回决定前往北方，挑战宿敌——笹寿司的四大天王，途中却过上丧…"
"https://raw.githubusercontent.com/ixinzhi/lightnovel-2014to2017/master/黑色子弹(漆黑的子弹) - 神崎紫电 - 20141110.epub",1107,"https://www.wenku8.net/book/1107.htm","title+author","黑色子弹(漆黑的子弹)","神崎紫电","电击文库","","","","奇幻 异能 战斗 后宫","http://img.wenku8.com/image/1/1107/1107s.jpg","不久的未来，人类在与病毒性生物「原肠动物」的战争中败北，被驱逐至狭窄的领土，带着…"
"https://raw.githubusercontent.com/ixinzhi/lightnovel-2014to2017/master/Leading Blood - 田尾典丈 - 20141106.epub",1591,"https://www.wenku8.net/book/1591.htm","title+author","Leading Blood","田尾典丈","Fami通文库","已完结","2014-11-06","286K","校园 奇幻 后宫 青梅竹马 妹妹","http://img.wenku8.com/image/1/1591/1591s.jpg","眼里浮现的蓝色纹样＝我老婆人选之一的凭证！？
美丽的她眼里有着「适任者」的纹样—…"
"https://raw.githubusercontent.com/ixinzhi/lightnovel-2014to2017/master/伊苏 - 大场惑 - 20141105.epub",1480,"https://www.wenku8.net/book/1480.htm","title+author","伊苏","大场惑","其他文库","连载中","2014-11-05","482K","奇幻 冒险 旅行 战斗 后宫","http://img.wenku8.com/image/1/1480/1480s.jpg","☆轻小说☆文库☆说明：第x卷就代表第x代游戏剧情，每卷故事独立，缺卷不影响阅读。
…"
"https://raw.githubusercontent.com/ixinzhi/lightnovel-2014to2017/master/终夏与失忆女友 - 境田吉孝 - 20141101.epub",1739,"https://www.wenku8.net/book/1739.htm","title+author","终夏与失忆女友","境田吉孝","小学馆","已完结","2014-11-01","89K","校园 青春 恋爱","http://img.wenku8.com/image/1/1739/1739s.jpg","那个夏天，她失去了记忆——。
暑假。樱间同学遭遇了事故而失忆了。
一说道樱间同学…"
"https://raw.githubusercontent.com/ixinzhi/lightnovel-2014to2017/master/天国旅行 - 三浦紫苑 - 20141031.epub",1741,"https://www.wenku8.net/book/1741.htm","title+author","天国旅行","三浦紫苑","其他文库","已完结","2014-10-31","90K","恋爱 黑暗","http://img.wenku8.com/image/1/1741/1741s.jpg","爱的终极证明就是一起死去吗？只有直视过死亡带来的绝望，才能体会生存所产生的羁绊。…"
"https://raw.githubusercontent.com/ixinzhi/lightnovel-2014to2017/master/你是北极星 - 三浦紫苑 - 20141028.epub",1738,"https://www.wenku8.net/book/1738.htm","title+author","你是北极星","三浦紫苑","其他文库","已完结","2014-10-28","106K","恋爱","http://img.wenku8.com/image/1/1738/1738s.jpg","爱情，就像指引自己人生道路的北极星。
为什么我们在陷入爱河的时候，会知道这就是恋…"
"https://raw.githubusercontent.com/ixinzhi/lightnovel-2014to2017/master/光机动飞翔兵器 武装妖精FAIRY - 齐藤真也 - 20141026.epub",1736,"https://www.wenku8.net/book/1736.htm","title+author","光机动飞翔兵器 武装妖精FAIRY","齐藤真也","MF文库J","连载中","2014-10-26","98K","校园 战斗 机战 欢乐向 后宫","http://img.wenku8.com/image/1/1736/1736s.jpg","为了与人类之敌「祸津鬼」战斗而开发出来的光机动兵器「天翼」，来到了培养天翼驾驶员…"
"https://raw.githubusercontent.com/ixinzhi/lightnovel-2014to2017/master/死神的歌谣 - 长谷川启介 - 20141026.epub",72,"https://www.wenku8.net/book/72.htm","title+author","死神的歌谣","长谷川启介","电击文库","已完结/ 已动画化","2014-10-26","963K","奇幻 治愈","http://img.wenku8.com/image/0/72/72s.jpg","虽为死神，却拥有纯白的外貌，因此被同伴们称作“异类”。而她手中那把巨大的灰色镰刀…"
"https://raw.githubusercontent.com/ixinzhi/lightnovel-2014to2017/master/狗牙灭绝之刃(狗牙绝剑) - 舞阪洸 - 20141026.epub",310,"https://www.wenku8.net/book/310.htm","title+author","狗牙灭绝之刃(狗牙绝剑)","舞阪洸","富士见文库","已完结","2014-10-26","277K","校园 奇幻 冒险 战斗 恋爱","http://img.wenku8.com/image/0/310/310s.jpg","水手服的腰上插着日本刀，脚穿草鞋足袋。异样的漂亮的美少女静静的寻找着。
「我在做…"
"https://raw.githubusercontent.com/ixinzhi/lightnovel-2014to2017/master/夜之国的库帕 - 伊坂幸太郎 - 20141025.epub",1737,"https://www.wenku8.net/book/1737.htm","title+author","夜之国的库帕","伊坂幸太郎","其他文库","已完结","2014-10-25","150K","奇幻 悬疑","http://img.wenku8.com/image/1/1737/1737s.jpg","奇迹国度里，让我们用猫眼看世界！
这个国度究竟发生了什么事？
让百无聊赖的猫，燃…"
"https://raw.githubusercontent.com/ixinzhi/lightnovel-2014to2017/master/2 - 野崎まど - 20141025.epub",1735,"https://www.wenku8.net/book/1735.htm","title_only","2","野崎窗","电击文库","已完结","2014-10-25","172K","科幻 悬疑 脑洞","http://img.wenku8.com/image/1/1735/1735s.jpg","这世上没有比叫我放弃创作更痛苦的事。
潘朵拉是一年吸引二十万观众的顶级剧团。
艺…"
"https://raw.githubusercontent.com/ixinzhi/lightnovel-2014to2017/master/失恋侦探百濑 - 岬鹭宫 - 20141024.epub",1646,"https://www.wenku8.net/book/1646.htm","title+author","失恋侦探百濑","岬鹭宫","电击文库","已完结","2014-10-24","275K","校园 悬疑 青春 恋爱","http://img.wenku8.com/image/1/1646/1646s.jpg","“恋爱终究会结束的。”被说着这种话的后辈千代田百濑所牵连，野野村九十九过着为身为…"
"https://raw.githubusercontent.com/ixinzhi/lightnovel-2014to2017/master/我的女神 初终 - 冬马由美 - 20141023.epub",462,"https://www.wenku8.net/book/462.htm","title+author","我的女神 初终","冬马由美","讲谈社","已完结/ 已动画化","2014-10-23","133K","校园 科幻 青春 恋爱","http://img.wenku8.com/image/0/462/462s.jpg","一个偶然的电话，一次命运的邂逅，其貌不扬的大学生森里萤一结识了温柔美丽的女神贝璐…"
"https://raw.githubusercontent.com/ixinzhi/lightnovel-2014to2017/master/Death Need Round - 朝浦 - 20141023.epub",1734,"https://www.wenku8.net/book/1734.htm","title+author","Death Need Round","朝浦","其他文库","连载中","2014-10-23","101K","战斗 欢乐向 美食 女性视角","http://img.wenku8.com/image/1/1734/1734s.jpg","背负巨额债款的女子高中生由莉，为了还债而持枪冒险........进入了危险的佣兵行业。她…"
"https://raw.githubusercontent.com/ixinzhi/lightnovel-2014to2017/master/RDG 濒危物种少女 - 荻原规子 - 20141022.epub",1427,"https://www.wenku8.net/book/1427.htm","title+author","RDG 濒危物种少女","荻原规子","角川文库","","","","校园 奇幻 恋爱 青梅竹马 女性视角","http://img.wenku8.com/image/1/1427/1427s.jpg","一心渴望「平凡生活」的少女，体内却封印着上古传说的起源——在被列为世界遗产的日本…"
"https://raw.githubusercontent.com/ixinzhi/lightnovel-2014to2017/master/拜托了双子星(星空的邂逅2) - 雑破业 - 20141018.epub",1205,"https://www.wenku8.net/book/1205.htm","title+author","拜托了双子星(星空的邂逅2)","雑破业","电击文库","已完结/ 已动画化","2014-10-18","214K","校园 青春 欢乐向 后宫 妹妹","http://img.wenku8.com/image/1/1205/1205s.jpg","拜托了双子星(星空的邂逅2)是拜托了老师(星空的邂逅)的续篇。说是续篇，其实也只是只是…"
"https://raw.githubusercontent.com/ixinzhi/lightnovel-2014to2017/master/袭来!美少女邪神(潜行吧!奈亚子) - 逢空万太 - 20141012.epub",842,"https://www.wenku8.net/book/842.htm","title+author","袭来!美少女邪神(潜行吧!奈亚子)","逢空万太","GA文库","已完结/ 已动画化","2014-10-12","1352K","校园 奇幻 战斗 欢乐向 后宫 人外","http://img.wenku8.com/image/0/842/842s.jpg","深夜时分，八坂真寻被不知名的「某种物体」紧追在后。由于再怎么求救都没有任何人或声…"
"https://raw.githubusercontent.com/ixinzhi/lightnovel-2014to2017/master/虫之荒石园 - 物草纯平 - 20141011.epub",1509,"https://www.wenku8.net/book/1509.htm","title+author","法布尔小姐的虫之荒园(虫之荒石园)","物草纯平","电击文库","已完结","2014-10-11","649K","奇幻 战斗 冒险 恋爱","http://img.wenku8.com/image/1/1509/1509s.jpg","十八世纪，转眼间便蔓延至全世界的神秘巨大生物〈虫（guivre）〉──那是与我们所知的…"
"https://raw.githubusercontent.com/ixinzhi/lightnovel-2014to2017/master/死神的浮力 - 伊坂幸太郎 - 20141007.epub",1728,"https://www.wenku8.net/book/1728.htm","title+author","死神的浮力","伊坂幸太郎","其他文库","已完结","2014-10-07","182K","奇幻 悬疑 犯罪 黑暗","http://img.wenku8.com/image/1/1728/1728s.jpg","「死神监察部」一员的千叶，他的任务是来到人间接触特定人类，进行为期七日的贴身观察…"
"https://raw.githubusercontent.com/ixinzhi/lightnovel-2014to2017/master/肌肉之神马思鲁 - 佐藤ケイ - 20141007.epub",1666,"https://www.wenku8.net/book/1666.htm","title+author","肌肉之神马思鲁","佐藤ケイ","电击文库","连载中","2014-10-07","177K","奇幻 战斗 欢乐向","http://img.wenku8.com/image/1/1666/1666s.jpg","由于突然出现的「猿神」，益荒市成了被猿支配的城市。面对令人类武器完全不起作用的神…"
"https://raw.githubusercontent.com/ixinzhi/lightnovel-2014to2017/master/平行处的阳光 - 有川浩 - 20141004.epub",1725,"https://www.wenku8.net/book/1725.htm","title+author","平行处的阳光","有川浩","其他文库","已完结","2014-10-04","74K","奇幻 悬疑 恋爱","http://img.wenku8.com/image/1/1725/1725s.jpg","担任编辑的三十岁青年古川真也，从小就能看见人类留在物品或地方上的记忆。愈强烈的记…"
"https://raw.githubusercontent.com/ixinzhi/lightnovel-2014to2017/master/天魔黑兔(曾几何时天魔的黑兔) - 镜贵也 - 20141004.epub",764,"https://www.wenku8.net/book/764.htm","title+author","天魔黑兔(曾几何时天魔的黑兔)","镜贵也","富士见文库","","","","校园 魔法 战斗 后宫 青梅竹马","http://img.wenku8.com/image/0/764/764s.jpg","自以为平凡、成天无所事事的宫阪高中一年级生──铁大兔。他已不再相信自己是主角，也…"
"https://raw.githubusercontent.com/ixinzhi/lightnovel-2014to2017/master/天才作家铃铃的秘密档案 - 爱川樱 - 20141003.epub",1719,"https://www.wenku8.net/book/1719.htm","title+author","天才作家铃铃的秘密档案","爱川樱","角川文库","连载中","2014-10-03","135K","校园 悬疑 女性视角","http://img.wenku8.com/image/1/1719/1719s.jpg","我叫铃铃。小六的时候阴错阳差跃身成「天才小学生作家」！可是我写不出新作品来，责编…"
"https://raw.githubusercontent.com/ixinzhi/lightnovel-2014to2017/master/下脚蔬菜村的败部复活大作战 - 黑野伸一 - 20141003.epub",1724,"https://www.wenku8.net/book/1724.htm","title+author","下脚蔬菜村的败部复活大作战","黑野伸一","小学馆","已完结","2014-10-03","150K","青春 群像","http://img.wenku8.com/image/1/1724/1724s.jpg","厌倦都市生活的银行菁英多歧川优，回到祖父世代务农的偏僻小山村。原本只打算短期度假…"
"https://raw.githubusercontent.com/ixinzhi/lightnovel-2014to2017/master/天空的阿卡米雷斯 - 三上延 - 20141002.epub",1723,"https://www.wenku8.net/book/1723.htm","title+author","天空的阿卡米雷斯","三上延","电击文库","连载中","2014-10-02","96K","校园 奇幻 战斗 后宫 青梅竹马","http://img.wenku8.com/image/1/1723/1723s.jpg","在讴歌着人类繁荣文明的阴暗里，存在着本应继续静静尘封于历史之中，黑暗的眷属——“…"
"https://raw.githubusercontent.com/ixinzhi/lightnovel-2014to2017/master/绝对服从少女(绝对服从女孩) - 春日秋人 - 20140930.epub",1471,"https://www.wenku8.net/book/1471.htm","title+author","绝对服从少女(绝对服从女孩)","春日秋人","富士见文库","已完结","2014-09-30","221K","校园 青春 欢乐向 后宫 青梅竹马","http://img.wenku8.com/image/1/1471/1471s.jpg","看来，魔眼好像对我没效……我是说真的。
高中一年级的开学典礼上，一个美少女·真奈…"
"https://raw.githubusercontent.com/ixinzhi/lightnovel-2014to2017/master/山手线侦探团 - 七尾与史 - 20140929.epub",1694,"https://www.wenku8.net/book/1694.htm","title+author","山手线侦探团","七尾与史","其他文库","连载中","2014-09-29","204K","悬疑 女性视角","http://img.wenku8.com/image/1/1694/1694s.jpg","我叫道山诗穗，是雾村老大的助手。没错，就是引发乡民疯狂讨论、人称「山手线侦探」的…"
"https://raw.githubusercontent.com/ixinzhi/lightnovel-2014to2017/master/walkyrie works - 逢空万太 - 20140927.epub",1457,"https://www.wenku8.net/book/1457.htm","title+author","walkyrie works","逢空万太","GA文库","连载中","2014-09-27","403K","奇幻 校园 战斗 欢乐向 后宫","http://img.wenku8.com/image/1/1457/1457s.jpg","“那么——就来接吻吧。”
“你突然间说些什么！？”
惊愕得睁大眼睛的菲尔丝兹。
…"
"https://raw.githubusercontent.com/ixinzhi/lightnovel-2014to2017/master/欢迎光临美少女游戏世界 - 田尾典丈 - 20140926.epub",497,"https://www.wenku8.net/book/497.htm","title+author","欢迎光临美少女游戏世界","田尾典丈","Fami通文库","已完结","2014-09-26","912K","校园 欢乐向 后宫 青梅竹马 妹妹","http://img.wenku8.com/image/0/497/497s.jpg","某天，突然得到改变世界机会的我，毫不迟疑地将自己的愿望付诸实现。
是的，就是让我…"
"https://raw.githubusercontent.com/ixinzhi/lightnovel-2014to2017/master/圣魔少女 - 林智明 - 20140924.epub",76,"https://www.wenku8.net/book/76.htm","title+author","圣魔少女","林智明","角川文库","已完结","2014-09-24","722K","奇幻 魔法 战斗 冒险","http://img.wenku8.com/image/0/76/76s.jpg","「不好意思，可以麻烦你去卖身体吗？」
果然。
一开始是歌舞伎町，接著是某处的温泉…"
"https://raw.githubusercontent.com/ixinzhi/lightnovel-2014to2017/master/奇迹寄物商 - 大山淳子 - 20140922.epub",1717,"https://www.wenku8.net/book/1717.htm","title+author","奇迹寄物商","大山淳子","其他文库","已完结","2014-09-22","75K","治愈","http://img.wenku8.com/image/1/1717/1717s.jpg","二十七岁盲眼青年桐岛透拥有声音听过一次就记得的超强能力，在普通的商店街里经营一家…"
"https://raw.githubusercontent.com/ixinzhi/lightnovel-2014to2017/master/花开人家 - 村山早纪 - 20140922.epub",1716,"https://www.wenku8.net/book/1716.htm","title+author","花开人家","村山早纪","其他文库","已完结","2014-09-22","99K","治愈","http://img.wenku8.com/image/1/1716/1716s.jpg","风早市街上传说，某个家族具有与花草沟通的能力。花开茉莉亚、花开莉萝子与花开桂，便…"
"https://raw.githubusercontent.com/ixinzhi/lightnovel-2014to2017/master/不能使用攻击魔法的魔法师 - 绢野帽子 - 20140920.epub",1714,"https://www.wenku8.net/book/1714.htm","title+author","不能使用攻击魔法的魔法师","绢野帽子","其他文库","已完结","2014-09-20","202K","穿越 奇幻 魔法 性转","http://img.wenku8.com/image/1/1714/1714s.jpg","轻小说文库特别注明：本书目前没有文库本翻译，只有web版翻译(写作已完实则已坑)。
－…"
"https://raw.githubusercontent.com/ixinzhi/lightnovel-2014to2017/master/水的边缘 - 片冈智晴 - 20140920.epub",1448,"https://www.wenku8.net/book/1448.htm","title+author","水的边缘","片冈智晴","MF文库J","已完结","2014-09-20","250K","异能 青春 恋爱","http://img.wenku8.com/image/1/1448/1448s.jpg","可以读懂水的感情的高中生佳奈子，可能因为人体基本都是水组成的，注意到这点的时候，…"
"https://raw.githubusercontent.com/ixinzhi/lightnovel-2014to2017/master/都市冒险王 - 勇岭薰 - 20140916.epub",1607,"https://www.wenku8.net/book/1607.htm","title+author","都市冒险王","勇岭薰","讲谈社","连载中","2014-09-16","333K","奇幻 冒险 悬疑","http://img.wenku8.com/image/1/1607/1607s.jpg","☆轻小说☆文库☆提醒：本书第一卷暂缺，本书卷与卷之间剧情相对独立，可直接阅读。
…"
"https://raw.githubusercontent.com/ixinzhi/lightnovel-2014to2017/master/水底祭典 - 辻村深月 - 20140915.epub",1712,"https://www.wenku8.net/book/1712.htm","title+author","水底祭典","辻村深月","其他文库","已完结","2014-09-15","136K","悬疑 复仇 黑暗 恋爱","http://img.wenku8.com/image/1/1712/1712s.jpg","震耳欲聋的睦代村摇滚音乐祭典上，少年广海看见了久违的织场由贵美。她那张小巧细致的…"
"https://raw.githubusercontent.com/ixinzhi/lightnovel-2014to2017/master/推荐一起共度初体验的她(初体验推荐彼女) - 朝野始 - 20140912.epub",1178,"https://www.wenku8.net/book/1178.htm","title+author","推荐一起共度初体验的她(初体验推荐彼女)","朝野始","MF文库J","已完结","2014-09-12","449K","校园 科幻 欢乐向 后宫 妹妹","http://img.wenku8.com/image/1/1178/1178s.jpg","「主人，请跟我一起进行初体验。」
出现在我面前的少女这么说。少女拥有闪耀光泽的秀…"
"https://raw.githubusercontent.com/ixinzhi/lightnovel-2014to2017/master/小魔女Doremi16 - 栗山绿 - 20140911.epub",1711,"https://www.wenku8.net/book/1711.htm","title+author","小魔女Doremi16","栗山绿","讲谈社","连载中","2014-09-11","81K","奇幻 魔法 女性视角","http://img.wenku8.com/image/1/1711/1711s.jpg","春风哆来咪，现在成为了高一新生！今天是小学同窗会，和小叶月和小爱她们这些怀念的怀…"
"https://raw.githubusercontent.com/ixinzhi/lightnovel-2014to2017/master/杀戮之电脑终结者 - 樱井光 - 20140910.epub",1709,"https://www.wenku8.net/book/1709.htm","title+author","杀戮之电脑终结者","樱井光","小学馆","连载中","2014-09-10","86K","科幻 校园 战斗 恋爱","http://img.wenku8.com/image/1/1709/1709s.jpg","赛博朋克式动作剧开幕！
公园20xx年，在位于旧东京湾上建设的积层都市东京.拉莱耶中出…"
"https://raw.githubusercontent.com/ixinzhi/lightnovel-2014to2017/master/飞翔公关室 - 有川浩 - 20140906.epub",1708,"https://www.wenku8.net/book/1708.htm","title+author","飞翔公关室","有川浩","其他文库","已完结","2014-09-06","238K","职场 青春 恋爱","http://img.wenku8.com/image/1/1708/1708s.jpg","「为什么是我？明明梦想已经都到伸手可及之处了，为什么命运偏要让我丧失一切？」我放…"
"https://raw.githubusercontent.com/ixinzhi/lightnovel-2014to2017/master/鬼灵精事件簿!(妖怪狂想曲!) - 夏希のたね - 20140905.epub",1464,"https://www.wenku8.net/book/1464.htm","title+author","鬼灵精事件簿!(妖怪狂想曲!)","夏希のたね","GA文库","已完结","2014-09-05","432K","校园 奇幻 欢乐向 后宫 青梅竹马 妹妹","http://img.wenku8.com/image/1/1464/1464s.jpg","小女孩天真烂漫的声音，在电话另一头妖媚地呢喃。 
「我是玛莉。现在在你的背后——正…"
"https://raw.githubusercontent.com/ixinzhi/lightnovel-2014to2017/master/僵尸少女的入学 - 池端亮 - 20140903.epub",1524,"https://www.wenku8.net/book/1524.htm","title+author","僵尸少女的入学","池端亮","角川文库","连载中","2014-09-03","180K","奇幻 校园 欢乐向 后宫 大小姐","http://img.wenku8.com/image/1/1524/1524s.jpg","《僵尸少女的灾难》的续作——僵尸大小姐以「小鸟游真子」的身份返回人世，却被人从高…"
"https://raw.githubusercontent.com/ixinzhi/lightnovel-2014to2017/master/假面骑士剑 - 宫下隼一 - 20140901.epub",1703,"https://www.wenku8.net/book/1703.htm","title+author","假面骑士剑(假面骑士系列五)","宫下隼一","讲谈社","已完结/ 已动画化","2014-09-01","87K","科幻 战斗","http://img.wenku8.com/image/1/1703/1703s.jpg","失去了记忆甚至失去了过去的，在300年后仍旧活着的剑崎。而始——被暴风雨翻弄的方舟，…"
"https://raw.githubusercontent.com/ixinzhi/lightnovel-2014to2017/master/SHI-NO 黑魂少女 - 上月雨音 - 20140831.epub",258,"https://www.wenku8.net/book/258.htm","title+author","SHI-NO 黑魂少女","上月雨音","富士见文库","已完结","2014-08-31","1160K","悬疑 冒险 恋爱 青梅竹马","http://img.wenku8.com/image/0/258/258s.jpg","「……打扰了。」
没敲门就理所当然推开我公寓房门走进来的她——支仓志乃。
她还是…"
"https://raw.githubusercontent.com/ixinzhi/lightnovel-2014to2017/master/那片大陆上的故事 - 时雨泽惠一 - 20140831.epub",1622,"https://www.wenku8.net/book/1622.htm","title+author","那片大陆上的故事","时雨泽惠一","电击文库","已完结","2014-08-31","188K","校园 青春 恋爱","http://img.wenku8.com/image/1/1622/1622s.jpg","艾莉森＆维尔＆莉莉亚&特雷兹&梅格＆赛隆&其他——串连《艾莉森》《莉莉亚＆特雷兹》《梅…"
"https://raw.githubusercontent.com/ixinzhi/lightnovel-2014to2017/master/翠星上的加尔冈缇亚 - 谷村大四郎 - 20140831.epub",1541,"https://www.wenku8.net/book/1541.htm","title+author","翠星上的加尔冈缇亚","谷村大四郎","Fami通文库","连载中/ 已动画化","2014-08-31","147K","科幻 冒险 机战 恋爱 后宫","http://img.wenku8.com/image/1/1541/1541s.jpg","面对异形天敌的攻势，一再吃下败仗的人类银河同盟，决心进行背水一战的反击。在该场作…"
"https://raw.githubusercontent.com/ixinzhi/lightnovel-2014to2017/master/我与男生与青春期妄想的她们 - 矢野唯 - 20140831.epub",1277,"https://www.wenku8.net/book/1277.htm","title+author","我与男生与青春期妄想的她们","矢野唯","Fami通文库","已完结","2014-08-31","519K","校园 奇幻 欢乐向 恋爱 女性视角","http://img.wenku8.com/image/1/1277/1277s.jpg","峰仓明日美是一名成天为了爱欲在烦恼的国中生。有一天早上，当她戴上一名可疑的虚无僧…"
"https://raw.githubusercontent.com/ixinzhi/lightnovel-2014to2017/master/青春纪行(金色年华) - 竹宫悠由子 - 20140831.epub",930,"https://www.wenku8.net/book/930.htm","title+author","青春纪行(金色年华)","竹宫悠由子","电击文库","","","","校园 奇幻 青春 恋爱 群像","http://img.wenku8.com/image/0/930/930s.jpg","多田万里顺利考上大学而来到东京。上大学、来东京、一个人生活，这许许多多的第一次经…"
"https://raw.githubusercontent.com/ixinzhi/lightnovel-2014to2017/master/这个家里有没有勇者大人或者救世主大人呢？ - 川口士 - 20140827.epub",1424,"https://www.wenku8.net/book/1424.htm","title+author","这个家里有没有勇者大人或者救世主大人呢?","川口士","一迅社","已完结","2014-08-27","328K","校园 战斗 欢乐向 后宫 青梅竹马 妹妹","http://img.wenku8.com/image/1/1424/1424s.jpg","某一天突然，我家来了异世界的巫女、公主、魔法使……在日本过着平凡生活的16岁高中生…"
"https://raw.githubusercontent.com/ixinzhi/lightnovel-2014to2017/master/百器徒然袋 - 京极夏彦 - 20140826.epub",1211,"https://www.wenku8.net/book/1211.htm","title+author","百器徒然袋","京极夏彦","讲谈社","已完结","2014-08-26","536K","奇幻 悬疑 欢乐向","http://img.wenku8.com/image/1/1211/1211s.jpg","「哇哈哈哈，久等了！
我就是普天之下，唯有一人的侦探，榎木津礼二郎！９
神·榎木…"
"https://raw.githubusercontent.com/ixinzhi/lightnovel-2014to2017/master/Starting Over 重启人生 - 三秋缒 - 20140826.epub",1699,"https://www.wenku8.net/book/1699.htm","title+author","Starting Over 重启人生","三秋缒","电击文库","","","","穿越 青春 恋爱 妹妹","http://img.wenku8.com/image/1/1699/1699s.jpg","只要有一个选择不同，人生就可能走向完全相反的结果。
我的第二人生，是从十岁那年的…"
"https://raw.githubusercontent.com/ixinzhi/lightnovel-2014to2017/master/幽灵列车与金平糖 - 瑞智士记 - 20140823.epub",1698,"https://www.wenku8.net/book/1698.htm","title+author","幽灵列车与金平糖","瑞智士记","富士见文库","已完结","2014-08-23","77K","校园 青春 恋爱 百合","http://img.wenku8.com/image/1/1698/1698s.jpg","在七月如火的骄阳暴晒下，“骗人！糟透了——”
上初二的有贺海幸感受到了深深的绝望…"
"https://raw.githubusercontent.com/ixinzhi/lightnovel-2014to2017/master/来自流星的丝碧卡 - 兔月龙之介 - 20140821.epub",1690,"https://www.wenku8.net/book/1690.htm","title+author","来自流星的丝碧卡","兔月龙之介","集英社","连载中","2014-08-21","100K","科幻 冒险 恋爱","http://img.wenku8.com/image/1/1690/1690s.jpg","流星革命——托马斯&#8226;爱迪生在百年前发明出了能从流星碎片中产生出无限能量的“流…"
"https://raw.githubusercontent.com/ixinzhi/lightnovel-2014to2017/master/银之十字架与吸血姬 - 十月ユウ - 20140819.epub",1300,"https://www.wenku8.net/book/1300.htm","title+author","银之十字架与吸血姬","十月ユウ","富士见文库","已完结","2014-08-19","527K","校园 奇幻 欢乐向 后宫 人外","http://img.wenku8.com/image/1/1300/1300s.jpg","红城绯水一心向往着平凡的高中生活，结果却在开学典礼当天就被吸血鬼少女给咬了。
吸…"
"https://raw.githubusercontent.com/ixinzhi/lightnovel-2014to2017/master/伪恶之王 - 二阶堂纮嗣 - 20140819.epub",1583,"https://www.wenku8.net/book/1583.htm","title+author","伪恶之王","二阶堂纮嗣","MF文库J","连载中","2014-08-19","186K","奇幻 魔法 战斗 冒险 后宫","http://img.wenku8.com/image/1/1583/1583s.jpg","市容特异的都市．戴荣。是由自古传承而来魔法与最新之科学技术融合于此的奇钢齿轮之都…"
"https://raw.githubusercontent.com/ixinzhi/lightnovel-2014to2017/master/导弹人 - 平山梦明 - 20140814.epub",1693,"https://www.wenku8.net/book/1693.htm","title+author","导弹人","平山梦明","其他文库","已完结","2014-08-14","117K","奇幻 悬疑 犯罪 惊悚 猎奇","http://img.wenku8.com/image/1/1693/1693s.jpg","阿茂这家伙每次一生气，和我一起出去「解闷」时，总是放同一卷带子，乐团THE HIGH-LOW…"
"https://raw.githubusercontent.com/ixinzhi/lightnovel-2014to2017/master/我一点也不适合当侦探 - 佐久良刚 - 20140814.epub",1691,"https://www.wenku8.net/book/1691.htm","title+author","我一点也不适合当侦探","佐久良刚","其他文库","已完结","2014-08-14","168K","悬疑 欢乐向","http://img.wenku8.com/image/1/1691/1691s.jpg","「我啊，真的很不喜欢『尼特族』这个词埃听起来简直就是在嘲笑没工作的人嘛。而且最近…"
"https://raw.githubusercontent.com/ixinzhi/lightnovel-2014to2017/master/爱的禁行式 - 本谷有希子 - 20140814.epub",1692,"https://www.wenku8.net/book/1692.htm","title+author","爱的禁行式","本谷有希子","其他文库","已完结","2014-08-14","80K","恋爱 黑暗 妹妹 NTR","http://img.wenku8.com/image/1/1692/1692s.jpg","「如果不把你的人生也糟蹋掉，那我出生在这个世上就没有意义了。」
以「兄妹」相称的…"
"https://raw.githubusercontent.com/ixinzhi/lightnovel-2014to2017/master/恋爱合战！ - 瓜亚锭 - 20140811.epub",1675,"https://www.wenku8.net/book/1675.htm","title+author","恋爱合战！","瓜亚锭","HJ文库","连载中","2014-08-11","91K","校园 异能 欢乐向 后宫 青梅竹马","http://img.wenku8.com/image/1/1675/1675s.jpg","聚集了全球能力者的洋上学园都市，造访此地的高中生结人被神秘少女戴上了奇怪的戒指，…"
"https://raw.githubusercontent.com/ixinzhi/lightnovel-2014to2017/master/枪与假面(枪的假面舞会) - 子安秀明 - 20140802.epub",1648,"https://www.wenku8.net/book/1648.htm","title+author","枪与假面(枪的假面舞会)","子安秀明","其他文库","连载中/ 已动画化","2014-08-02","174K","奇幻 校园 战斗 欢乐向 后宫","http://img.wenku8.com/image/1/1648/1648s.jpg","二十一世纪，骑士正存在于现代世界。在中世纪欧洲诞生的骑士团大多数被卷入近代化和国…"
"https://raw.githubusercontent.com/ixinzhi/lightnovel-2014to2017/master/勇者互助公会 交流型留言板 - おけむら - 20140731.epub",1564,"https://www.wenku8.net/book/1564.htm","title_only","勇者互助公会 交流型留言板","おけむら","讲谈社","已完结","2014-07-31","501K","奇幻 欢乐向","http://img.wenku8.com/image/1/1564/1564s.jpg","勇者互助公会——这是由完成了职责的退役勇者们所运营的，穿越时空，支援各世界『勇者…"
"https://raw.githubusercontent.com/ixinzhi/lightnovel-2014to2017/master/碧可梦境大冒险 - 赤村次郎 - 20140730.epub",1681,"https://www.wenku8.net/book/1681.htm","title+author","碧可梦境大冒险","赤村次郎","角川文库","已完结","2014-07-30","29K","奇幻 冒险 女性视角","http://img.wenku8.com/image/1/1681/1681s.jpg","我想去冒险——
碧可是一个最喜欢冒险和不可思议事情的九岁女孩。
碧可和其他的女孩…"
"https://raw.githubusercontent.com/ixinzhi/lightnovel-2014to2017/master/战斗司书 - 山形石雄 - 20140729.epub",200,"https://www.wenku8.net/book/200.htm","title+author","战斗司书","山形石雄","集英社","已完结/ 已动画化","2014-07-29","1138K","奇幻 异能 战斗 冒险 黑暗","http://img.wenku8.com/image/0/200/200s.jpg","杀了哈缪丝=梅瑟塔——这是一个将死者的一生制成“书”，并收藏在图书馆的世界。
一位…"
"https://raw.githubusercontent.com/ixinzhi/lightnovel-2014to2017/master/天之弱 - 柄本和昭 - 20140729.epub",1679,"https://www.wenku8.net/book/1679.htm","title+author","天之弱","柄本和昭","一迅社","已完结","2014-07-29","77K","音乐 校园 青春 恋爱","http://img.wenku8.com/image/1/1679/1679s.jpg","因为中学时代一场憾事而陷入孤独封闭世界的天野悠，原本以为自己会永远形单影只地活下…"
"https://raw.githubusercontent.com/ixinzhi/lightnovel-2014to2017/master/少女与战车 - ひびき游 - 20140728.epub",1677,"https://www.wenku8.net/book/1677.htm","title+author","少女与战车","ひびき游","MF文库J","连载中/ 已动画化","2014-07-28","142K","校园 战斗 青春 百合 女性视角","http://img.wenku8.com/image/1/1677/1677s.jpg","「战车道，是一种在世界各地受到女性喜爱，并且代代相传的传统文化!!」
——。我的名…"
"https://raw.githubusercontent.com/ixinzhi/lightnovel-2014to2017/master/野球少年 - 浅野敦子 - 20140727.epub",1673,"https://www.wenku8.net/book/1673.htm","title+author","野球少年","浅野敦子","角川文库","已完结/ 已动画化","2014-07-27","502K","校园 青春 竞技","http://img.wenku8.com/image/1/1673/1673s.jpg","「没人栽培也无所谓。就算不藉助别人的力量，我也能成为最棒的投手。我相信自己的能力…"
"https://raw.githubusercontent.com/ixinzhi/lightnovel-2014to2017/master/梵蒂冈奇迹调查官 - 藤木禀 - 20140722.epub",1668,"https://www.wenku8.net/book/1668.htm","title+author","梵蒂冈奇迹调查官","藤木禀","角川文库","连载中/ 已动画化","2014-07-22","261K","奇幻 悬疑 犯罪 间谍 黑暗","http://img.wenku8.com/image/1/1668/1668s.jpg","二十世纪最后一次的圣诞夜，在「圣所」中长眠的主终于苏醒；恶魔，也跟着睁开双眼——…"
"https://raw.githubusercontent.com/ixinzhi/lightnovel-2014to2017/master/这间教室被不回家社占领了 - 冈崎登 - 20140721.epub",1049,"https://www.wenku8.net/book/1049.htm","title+author","这间教室被不回家社占领了","冈崎登","MF文库J","已完结","2014-07-21","673K","校园 奇幻 欢乐向 后宫 青梅竹马 妹妹","http://img.wenku8.com/image/1/1049/1049s.jpg","人畜无害的普通高中生（不过是个妹控）柊木夕也，为了拿回白天忘在教室的手机，夜里偷…"
"https://raw.githubusercontent.com/ixinzhi/lightnovel-2014to2017/master/阳炎眩乱(阳炎DAYS／蜉蝣daze) - 自然之敌P - 20140721.epub",1264,"https://www.wenku8.net/book/1264.htm","title+author","阳炎眩乱(阳炎DAYS／蜉蝣daze)","自然之敌P","其他文库","","","","音乐 校园 科幻 悬疑 异能","http://img.wenku8.com/image/1/1264/1264s.jpg","串连所有相关乐曲的故事首次揭晓，引来更深的「谜团」！
──这是在八月十四日、十五…"
"https://raw.githubusercontent.com/ixinzhi/lightnovel-2014to2017/master/我们就爱肉麻放闪耍甜蜜(和她们卿卿我我) - 风见周 - 20140721.epub",1489,"https://www.wenku8.net/book/1489.htm","title+author","我们就爱肉麻放闪耍甜蜜(和她们卿卿我我)","风见周","MF文库J","已完结","2014-07-21","291K","校园 青春 欢乐向 后宫 青梅竹马","http://img.wenku8.com/image/1/1489/1489s.jpg","我叫泽渡由吾，16岁，就读高中一年级，是个随处可见的平凡高中生。
如果硬要我拿—件…"
"https://raw.githubusercontent.com/ixinzhi/lightnovel-2014to2017/master/蛮憨女侦探事件簿 - 东川笃哉 - 20140719.epub",1674,"https://www.wenku8.net/book/1674.htm","title+author","蛮憨女侦探事件簿","东川笃哉","其他文库","连载中","2014-07-19","118K","悬疑 欢乐向 百合","http://img.wenku8.com/image/1/1674/1674s.jpg","在东京的职场受挫，黯然返回故乡的美伽，巧遇10年没见的高中同学艾莎。没想到行动迅捷…"
"https://raw.githubusercontent.com/ixinzhi/lightnovel-2014to2017/master/沃泰克斯学园战记 - 山田有 - 20140717.epub",1671,"https://www.wenku8.net/book/1671.htm","title+author","沃泰克斯学园战记","山田有","讲谈社","连载中","2014-07-17","90K","校园 战斗 欢乐向 后宫 青梅竹马","http://img.wenku8.com/image/1/1671/1671s.jpg","最强的军师、诞生!!一骑当千的美少女们以最强（TOP）为目标！超弩级学园战斗故事开幕！…"
"https://raw.githubusercontent.com/ixinzhi/lightnovel-2014to2017/master/辉夜魔王式! - 月见草平 - 20140717.epub",435,"https://www.wenku8.net/book/435.htm","title+author","辉夜魔王式!","月见草平","MF文库J","连载中","2014-07-17","630K","校园 奇幻 欢乐向 后宫","http://img.wenku8.com/image/0/435/435s.jpg","锦织贵是个成绩优秀、运动神经超群、名声和人缘都好得没话说的清爽系男子…… 
只不过…"
"https://raw.githubusercontent.com/ixinzhi/lightnovel-2014to2017/master/青春猫熊乐团 - 泷上耕 - 20140716.epub",1670,"https://www.wenku8.net/book/1670.htm","title+author","青春猫熊乐团","泷上耕","小学馆","已完结","2014-07-16","90K","校园 音乐 青春 恋爱","http://img.wenku8.com/image/1/1670/1670s.jpg","高三那年暑假，我们的友情在乐音中进发，我们的爱情在图书馆萌芽。令人为之一振的爽快…"
"https://raw.githubusercontent.com/ixinzhi/lightnovel-2014to2017/master/神明大人的工作(神明的工作) - 干 - 20140716.epub",1441,"https://www.wenku8.net/book/1441.htm","title+author","神明大人的工作(神明的工作)","干","讲谈社","已完结","2014-07-16","297K","校园 奇幻 青春 恋爱 后宫","http://img.wenku8.com/image/1/1441/1441s.jpg","「请您成为我们神社的神明吧９──平凡的高中生&#8231;真人有天突然成为了神，在巫女&#8…"
"https://raw.githubusercontent.com/ixinzhi/lightnovel-2014to2017/master/美少女死神还我H之魂! - 橘ぱん - 20140713.epub",1105,"https://www.wenku8.net/book/1105.htm","title+author","美少女死神还我H之魂!","橘ぱん","富士见文库","已完结/ 已动画化","2014-07-13","948K","校园 奇幻 战斗 欢乐向 后宫 青梅竹马","http://img.wenku8.com/image/1/1105/1105s.jpg","良介看着面前只穿了一件衬衫的美少女死神莉萨菈，不禁放声哀嚎：
「见到这幅画面，我…"
"https://raw.githubusercontent.com/ixinzhi/lightnovel-2014to2017/master/鸠子与我的爱情喜剧 - 铃木大辅 - 20140713.epub",1391,"https://www.wenku8.net/book/1391.htm","title+author","鸠子与我的爱情喜剧","铃木大辅","富士见文库","已完结","2014-07-13","323K","校园 欢乐向 后宫 青梅竹马 妹妹","http://img.wenku8.com/image/1/1391/1391s.jpg","女仆、妹妹、儿时玩伴，以及——结婚候补对象！女仆一人身兼数种身份，超诱惑（？）特…"
"https://raw.githubusercontent.com/ixinzhi/lightnovel-2014to2017/master/恋爱0公里 一个假如说的故事 - 天草白 - 20140710.epub",1664,"https://www.wenku8.net/book/1664.htm","title+author","恋爱0公里 一个假如说的故事","天草白","其他文库","已完结","2014-07-10","79K","校园 欢乐向 后宫 妹妹 青梅竹马","http://img.wenku8.com/image/1/1664/1664s.jpg","一直期望着能有一个儿子的，五姐妹的天然呆母亲，以及迫切想要一个女儿的，四兄弟的掉…"
"https://raw.githubusercontent.com/ixinzhi/lightnovel-2014to2017/master/冰结镜界的伊甸 - 细音启 - 20140709.epub",951,"https://www.wenku8.net/book/951.htm","title+author","冰结镜界的伊甸","细音启","富士见文库","已完结","2014-07-09","1415K","奇幻 战斗 冒险 恋爱 青梅竹马","http://img.wenku8.com/image/0/951/951s.jpg","「允许切换至『对．秽歌之庭术式』——请建构第七天音律。」
被要求展开结界的少女，…"
"https://raw.githubusercontent.com/ixinzhi/lightnovel-2014to2017/master/月之誓约与原书的公主 - 樋口用考 - 20140708.epub",1662,"https://www.wenku8.net/book/1662.htm","title+author","月之誓约与原书的公主","樋口用考","富士见文库","连载中","2014-07-08","97K","奇幻 战斗 恋爱 青梅竹马 人外","http://img.wenku8.com/image/1/1662/1662s.jpg","「我说……。要不要牵手？」
跟平常一样没来由的，青梅竹马天边夜火开口问道。这是尽…"
"https://raw.githubusercontent.com/ixinzhi/lightnovel-2014to2017/master/刺杀结之丞 - 浅野敦子 - 20140707.epub",1661,"https://www.wenku8.net/book/1661.htm","title+author","刺杀结之丞","浅野敦子","其他文库","已完结","2014-07-07","127K","悬疑 青春","http://img.wenku8.com/image/1/1661/1661s.jpg","新里林弥是个正准备元服、还没满十五岁的年轻武士，他出生在中阶武士家族，有志同道合…"
"https://raw.githubusercontent.com/ixinzhi/lightnovel-2014to2017/master/蜥蜴王 - 入间人间 - 20140704.epub",1259,"https://www.wenku8.net/book/1259.htm","title+author","蜥蜴王","入间人间","电击文库","已完结","2014-07-04","516K","校园 异能 战斗 龙傲天 后宫","http://img.wenku8.com/image/1/1259/1259s.jpg","我不会在这里了结一生。
我与绝大部分被迫过着「普通人生」的家伙们不一样，是被选中…"
"https://raw.githubusercontent.com/ixinzhi/lightnovel-2014to2017/master/九十九的空伞 - ツカサ - 20140704.epub",1550,"https://www.wenku8.net/book/1550.htm","title_only","九十九的空伞","司","小学馆","已完结","2014-07-04","87K","奇幻 青春 治愈 人外","http://img.wenku8.com/image/1/1550/1550s.jpg","回过神来，少女发现自己撑着天蓝色的伞，站在枯朽的家中。自己到底是谁，为什么在这里…"
"https://raw.githubusercontent.com/ixinzhi/lightnovel-2014to2017/master/你并不孤单 - 小岩井莲二 - 20140704.epub",1395,"https://www.wenku8.net/book/1395.htm","title+author","你并不孤单","小岩井莲二","MF文库J","连载中","2014-07-04","149K","校园 欢乐向 后宫 青梅竹马 女儿","http://img.wenku8.com/image/1/1395/1395s.jpg","稻叶悠大是一个极其平凡的高中生，但从某一天开始却遭到奇怪人物的跟踪。不过悠大并没…"
"https://raw.githubusercontent.com/ixinzhi/lightnovel-2014to2017/master/太阳坐落之处 - 辻村深月 - 20140704.epub",1659,"https://www.wenku8.net/book/1659.htm","title+author","太阳坐落之处","辻村深月","其他文库","已完结","2014-07-04","136K","悬疑 青春 黑暗 群像","http://img.wenku8.com/image/1/1659/1659s.jpg","一出没有谋杀与犯罪的推理剧，却更令人在读后感到一阵寒冷……
过去的高中同学，如今…"
"https://raw.githubusercontent.com/ixinzhi/lightnovel-2014to2017/master/马卡龙女孩的地球千年之旅 - からて - 20140703.epub",1658,"https://www.wenku8.net/book/1658.htm","title_only","马卡龙女孩的地球千年之旅","からて","MF文库J","已完结","2014-07-03","70K","奇幻 治愈 女性视角","http://img.wenku8.com/image/1/1658/1658s.jpg","每天平凡无奇的日子不一定能够永远持续下去……一向形影不离的好友某天竟摔进时空隧道…"
"https://raw.githubusercontent.com/ixinzhi/lightnovel-2014to2017/master/深海编年史(记录大洋底) - 中村学 - 20140703.epub",1634,"https://www.wenku8.net/book/1634.htm","title+author","深海编年史(记录大洋底)","中村学","Fami通文库","已完结","2014-07-03","129K","科幻 冒险 青春 恋爱","http://img.wenku8.com/image/1/1634/1634s.jpg","一切都被大海覆盖的世界，人类居住于散落在海中的城镇。少年乌尔与童年玩伴梅莉露等人…"
"https://raw.githubusercontent.com/ixinzhi/lightnovel-2014to2017/master/天空的莉莉娅 - 千田诚行 - 20140703.epub",1642,"https://www.wenku8.net/book/1642.htm","title+author","天空的莉莉娅","千田诚行","一迅社","已完结","2014-07-03","86K","战争 百合 女性视角","http://img.wenku8.com/image/1/1642/1642s.jpg","1941年，第二次世界大战期间的苏联。反德国的势头增涨，于恩格斯基地成立由女性驾驶的…"
"https://raw.githubusercontent.com/ixinzhi/lightnovel-2014to2017/master/众神的午睡 - 浅野敦子 - 20140703.epub",1620,"https://www.wenku8.net/book/1620.htm","title+author","众神的午睡","浅野敦子","其他文库","已完结","2014-07-03","88K","奇幻","http://img.wenku8.com/image/1/1620/1620s.jpg","二〇××年，散落于某国辽阔原野的某个石窟里，发现了大量的羊皮纸。发现者是闻名世界…"
"https://raw.githubusercontent.com/ixinzhi/lightnovel-2014to2017/master/打工魔法师 - 椎野美由贵 - 20140703.epub",167,"https://www.wenku8.net/book/167.htm","title+author","打工魔法师","椎野美由贵","角川文库","已完结","2014-07-03","1188K","校园 魔法 战斗 冒险 妹妹","http://img.wenku8.com/image/0/167/167s.jpg","藉由埋藏大地的精灵之力，担任净化世界的「矫正术者」的双胞胎兄妹一条京介与丰花，日…"
"https://raw.githubusercontent.com/ixinzhi/lightnovel-2014to2017/master/逆天传说 - 深山ユーキ - 20140703.epub",1523,"https://www.wenku8.net/book/1523.htm","title+author","逆天传说","深山ユーキ","其他文库","连载中","2014-07-03","141K","校园 奇幻 后宫 青梅竹马 妹妹","http://img.wenku8.com/image/1/1523/1523s.jpg","「我成『神』了９──顺利执行『成神之仪』的八坂信辉，终于得到了梦寐以求的神力。然…"
"https://raw.githubusercontent.com/ixinzhi/lightnovel-2014to2017/master/暗黑学校 - 二宫敦人 - 20140630.epub",1653,"https://www.wenku8.net/book/1653.htm","title+author","暗黑学校","二宫敦人","其他文库","已完结","2014-06-30","153K","悬疑 惊悚 黑暗 群像 大逃杀","http://img.wenku8.com/image/1/1653/1653s.jpg","我们几个称那天为「流放日」。
某天，雄太突然昏倒在学校的厕所。醒来时，原本平凡无…"
"https://raw.githubusercontent.com/ixinzhi/lightnovel-2014to2017/master/期间限定妹妹(限期妹妹) - 长冈真纪子 - 20140626.epub",1382,"https://www.wenku8.net/book/1382.htm","title+author","期间限定妹妹(限期妹妹)","长冈真纪子","富士见文库","已完结","2014-06-26","188K","校园 欢乐向 后宫 青梅竹马 大小姐 妹妹","http://img.wenku8.com/image/1/1382/1382s.jpg","“今天开始你就是我的妹妹了，我会教导你所谓的‘家族’到底是什么１
因为意外的一个…"
"https://raw.githubusercontent.com/ixinzhi/lightnovel-2014to2017/master/The ScrowMan ＆ FairyLolipops - 物草纯平 - 20140622.epub",1579,"https://www.wenku8.net/book/1579.htm","title+author","The ScrowMan ＆ FairyLolipops","物草纯平","电击文库","已完结","2014-06-22","301K","奇幻 战斗 后宫 人外 妹妹","http://img.wenku8.com/image/1/1579/1579s.jpg","这是某个雨天的发生的事——被不可思议的幻听『螺丝的悲鸣』所恼的玖堂卓巳，得到了胸…"
"https://raw.githubusercontent.com/ixinzhi/lightnovel-2014to2017/master/三分之一 - 木下半太 - 20140619.epub",1649,"https://www.wenku8.net/book/1649.htm","title+author","三分之一","木下半太","角川文库","已完结","2014-06-19","99K","悬疑 犯罪 黑暗 斗智","http://img.wenku8.com/image/1/1649/1649s.jpg","三个走投无路、面临绝望困境的流氓——酒店店长阿修、酒店少爷柯吉、熟客健哥，为了一…"
"https://raw.githubusercontent.com/ixinzhi/lightnovel-2014to2017/master/人气妹妹与受难的我(女生人气妹和受难的我) - 夏绿 - 20140617.epub",1006,"https://www.wenku8.net/book/1006.htm","title+author","人气妹妹与受难的我(女生人气妹和受难的我)","夏绿","小学馆","已完结","2014-06-17","832K","校园 欢乐向 后宫 妹妹","http://img.wenku8.com/image/1/1006/1006s.jpg","有点没大没小的妹妹今日子称我为『哥』，巨细靡遗地打理我的生活大小事，时常跟我撒娇…"
"https://raw.githubusercontent.com/ixinzhi/lightnovel-2014to2017/master/格斗天王97(拳王97) - 嬉野秋彦 - 20140616.epub",1585,"https://www.wenku8.net/book/1585.htm","title+author","格斗天王97(拳王97)","嬉野秋彦","其他文库","已完结","2014-06-16","170K","战斗","http://img.wenku8.com/image/1/1585/1585s.jpg","庵与京……
被宿命的火焰所染红的最后之夏
对自己被诅咒的血缘发誓，与京做完全决斗…"
"https://raw.githubusercontent.com/ixinzhi/lightnovel-2014to2017/master/不推理的名侦探 - 村田治 - 20140615.epub",1633,"https://www.wenku8.net/book/1633.htm","title+author","不推理的名侦探","村田治","其他文库","连载中","2014-06-15","160K","校园 悬疑 青春 恋爱","http://img.wenku8.com/image/1/1633/1633s.jpg","「我感兴趣的只有杀人事件、凶恶犯罪以及『完全犯罪』而已。」特征为长及腰间的银发与…"
"https://raw.githubusercontent.com/ixinzhi/lightnovel-2014to2017/master/大长篇恶魔奶爸 - SOW - 20140615.epub",1275,"https://www.wenku8.net/book/1275.htm","title+author","大长篇恶魔奶爸","SOW","集英社","已完结/ 已动画化","2014-06-15","215K","欢乐向 奇幻 冒险 战斗","http://img.wenku8.com/image/1/1275/1275s.jpg","魔王化身孙悟空
希尔德为了卜宝从魔界拿来的图画书掀起一阵骚勤，图画书里的世界竟然…"
"https://raw.githubusercontent.com/ixinzhi/lightnovel-2014to2017/master/魔塔大陆 - 田中桂 富松元气 - 20140614.epub",1586,"https://www.wenku8.net/book/1586.htm","title_only","魔塔大陆","合作","GA文库","连载中/ 已动画化","2014-06-14","120K","奇幻 冒险 战斗","http://img.wenku8.com/image/1/1586/1586s.jpg","结束了与谬鲁的战斗的莱纳为了能传达给所有人的诗而踏上了收集思念的旅途。但是本应回…"
"https://raw.githubusercontent.com/ixinzhi/lightnovel-2014to2017/master/杀戮轮回 ALL YOU NEED IS KILL - 樱坂洋 - 20140612.epub",582,"https://www.wenku8.net/book/582.htm","title+author","杀戮轮回 ALL YOU NEED IS KILL","樱坂洋","集英社","已完结","2014-06-12","109K","科幻 战争","http://img.wenku8.com/image/0/582/582s.jpg","“出击这回事就像段考一样吧？”当敌人的子弹贯穿身体的瞬间，桐谷启二又再度回到出击…"
"https://raw.githubusercontent.com/ixinzhi/lightnovel-2014to2017/master/认真和我谈恋爱！！ - 野山风一郎 - 20140612.epub",1112,"https://www.wenku8.net/book/1112.htm","title+author","认真和我谈恋爱！！","野山风一郎","一迅社","已完结/ 已动画化","2014-06-12","573K","校园 青春 欢乐向 后宫 青梅竹马","http://img.wenku8.com/image/1/1112/1112s.jpg","克莉丝非常期待在日本的第一个新年。 
除了和恋人大和卿卿我我地渡过除夕夜之外，还穿…"
"https://raw.githubusercontent.com/ixinzhi/lightnovel-2014to2017/master/我的小规模奇迹 - 入间人间 - 20140610.epub",1641,"https://www.wenku8.net/book/1641.htm","title+author","我的小规模奇迹","入间人间","电击文库","已完结","2014-06-10","204K","校园 青春 恋爱 群像","http://img.wenku8.com/image/1/1641/1641s.jpg","「虽然完全不喜欢你，但我可以跟你交往。相对的，你要好好保护我哦。最理想的情况是，…"
"https://raw.githubusercontent.com/ixinzhi/lightnovel-2014to2017/master/傀儡师神乐 - 赛目和七 - 20140609.epub",1643,"https://www.wenku8.net/book/1643.htm","title+author","傀儡师神乐","赛目和七","GA文库","连载中","2014-06-09","106K","奇幻 战斗 百合 人外 女性视角","http://img.wenku8.com/image/1/1643/1643s.jpg","宛若天仙的美少女神乐，是一名自命不凡的天才傀儡师，也是在暗夜中猎杀妖魔的讨魔者。…"
"https://raw.githubusercontent.com/ixinzhi/lightnovel-2014to2017/master/川之光 - 松浦寿辉 - 20140601.epub",1636,"https://www.wenku8.net/book/1636.htm","title+author","川之光","松浦寿辉","其他文库","已完结","2014-06-01","133K","治愈","http://img.wenku8.com/image/1/1636/1636s.jpg","值得珍爱的生命之光唤醒久藏心灵的纯真感动
平静的河畔生活不再。
晚夏，寻求安栖之…"
"https://raw.githubusercontent.com/ixinzhi/lightnovel-2014to2017/master/爱上她的12种方法 - 入间人间 - 20140531.epub",1630,"https://www.wenku8.net/book/1630.htm","title+author","爱上她的12种方法","入间人间","电击文库","已完结","2014-05-31","78K","校园 青春 恋爱","http://img.wenku8.com/image/1/1630/1630s.jpg","这是属于两个男孩，与一个女孩间的故事──
认识她以来，我们始终形影不离，一起上课…"
"https://raw.githubusercontent.com/ixinzhi/lightnovel-2014to2017/master/江神二郎系列 - 有栖川有栖 - 20140528.epub",876,"https://www.wenku8.net/book/876.htm","title+author","江神二郎系列(学生有栖系列)","有栖川有栖","其他文库","连载中","2021-07-15","909K","悬疑 冒险","http://img.wenku8.com/image/0/876/876s.jpg","为了开展夏天集训，英都大学推理小说研究会的核心成员来到了矢吹山上的营地。可是，在…"
"https://raw.githubusercontent.com/ixinzhi/lightnovel-2014to2017/master/我和她的青春辩论(我与她的青春争论) - 喜多见かなた - 20140524.epub",1628,"https://www.wenku8.net/book/1628.htm","title+author","我和她的青春辩论(我与她的青春争论)","喜多见かなた","角川文库","已完结","2014-05-24","103K","校园 青春 恋爱 后宫","http://img.wenku8.com/image/1/1628/1628s.jpg","「我从称作人生的比赛中退出了。」「这样不行９
我──新木场高志，孩提时期是个神童…"
"https://raw.githubusercontent.com/ixinzhi/lightnovel-2014to2017/master/虫之歌 - 岩井恭平 - 20140521.epub",18,"https://www.wenku8.net/book/18.htm","title+author","虫之歌","岩井恭平","角川文库","已完结/ 已动画化","2014-05-21","3219K","奇幻 异能 冒险 战斗 后宫","http://img.wenku8.com/image/0/18/18s.jpg","掠食人类的梦境，并给予宿主超能力的「虫」已经出现长达10年之久。药屋大助在搭乘通往…"
"https://raw.githubusercontent.com/ixinzhi/lightnovel-2014to2017/master/请杀了我 - 辻村深月 - 20140520.epub",1625,"https://www.wenku8.net/book/1625.htm","title+author","请杀了我","辻村深月","集英社","已完结","2014-05-20","158K","校园 青春 恋爱 黑暗 女性视角","http://img.wenku8.com/image/1/1625/1625s.jpg","这是关于一场悲剧的记忆。这是特别订制的杀人事件。
日本文坛「中二补名作。为了异于…"
"https://raw.githubusercontent.com/ixinzhi/lightnovel-2014to2017/master/便当(半价便当争夺战) - 朝浦 - 20140519.epub",612,"https://www.wenku8.net/book/612.htm","title+author","便当(半价便当争夺战)","朝浦","集英社","已完结/ 已动画化","2014-05-19","2374K","校园 美食 战斗 欢乐向 后宫","http://img.wenku8.com/image/0/612/612s.jpg","某天，有个名叫佐藤洋的贫穷高中生走进超市，看到了半价出售的便当，就在他伸手准备拿…"
"https://raw.githubusercontent.com/ixinzhi/lightnovel-2014to2017/master/打工处是邪恶组织 - ケルビム - 20140519.epub",1623,"https://www.wenku8.net/book/1623.htm","title_only","打工处是邪恶组织","ケルビム","其他文库","连载中","2014-05-19","82K","战斗 欢乐向 妹妹","http://img.wenku8.com/image/1/1623/1623s.jpg","受到照顾的儿童福利院倒闭，高中生有久不得不开始赚取弟弟妹妹们的生活费。应征的拥有…"
"https://raw.githubusercontent.com/ixinzhi/lightnovel-2014to2017/master/请给我正常的室友 - 太田僚 - 20140517.epub",1621,"https://www.wenku8.net/book/1621.htm","title+author","请给我正常的室友","太田僚","一迅社","已完结","2014-05-17","68K","校园 欢乐向 青春 恋爱 群像","http://img.wenku8.com/image/1/1621/1621s.jpg","变态×变态×大变态×可爱的变态！！
恋味癖的依田涛子、身为女孩子却是重度萝莉控的…"
"https://raw.githubusercontent.com/ixinzhi/lightnovel-2014to2017/master/黄昏堂便利商店 - 村山早纪 - 20140514.epub",1530,"https://www.wenku8.net/book/1530.htm","title+author","黄昏堂便利商店","村山早纪","其他文库","已完结","2014-05-14","143K","奇幻 治愈","http://img.wenku8.com/image/1/1530/1530s.jpg","这间便利商店，买得到世界上一切商品，也能找到不可能买到的东西。
据说，当人们在找…"
"https://raw.githubusercontent.com/ixinzhi/lightnovel-2014to2017/master/丧女会的不当日常 - 海冬零儿 - 20140513.epub",1442,"https://www.wenku8.net/book/1442.htm","title+author","丧女会的不当日常","海冬零儿","Fami通文库","已完结","2014-05-13","266K","校园 科幻 悬疑 惊悚 后宫 妹妹","http://img.wenku8.com/image/1/1442/1442s.jpg","社团名：「让校园生活更加充实、脱离颓丧的善男善女协会社」
目的：歌颂青春！
成员…"
"https://raw.githubusercontent.com/ixinzhi/lightnovel-2014to2017/master/神圣魔法师漆黑的漆原小姐 - 森田季节 - 20140513.epub",1493,"https://www.wenku8.net/book/1493.htm","title+author","神圣魔法师漆黑的漆原小姐","森田季节","MF文库J","连载中","2014-05-13","155K","校园 欢乐向 后宫 青梅竹马 妹妹 性转","http://img.wenku8.com/image/1/1493/1493s.jpg","天生衰小的高中生竹林大介，和小学时转学的青梅竹马&#8231;真如花再会的前一天掉下了断…"
"https://raw.githubusercontent.com/ixinzhi/lightnovel-2014to2017/master/LEGAL FANTASY 律色幻想 - 羽田辽亮 - 20140513.epub",1617,"https://www.wenku8.net/book/1617.htm","title+author","LEGAL FANTASY 律色幻想","羽田辽亮","Fami通文库","连载中","2014-05-13","97K","职场 战斗 女性视角","http://img.wenku8.com/image/1/1617/1617s.jpg","拯救过世界的勇者被起诉了！？
藉由勇者的功绩，圣魔战争结束后300年。以成为正义的律…"
"https://raw.githubusercontent.com/ixinzhi/lightnovel-2014to2017/master/心之国的爱丽丝 - 小牧桃子 - 20140511.epub",1097,"https://www.wenku8.net/book/1097.htm","title+author","心之国的爱丽丝","小牧桃子","其他文库","已完结","2014-05-11","149K","穿越 奇幻 恋爱 女性视角","http://img.wenku8.com/image/1/1097/1097s.jpg","出现在庭院里打瞌睡的爱丽丝·里戴尔眼前的人是……有着兔耳朵的跟踪狂！？
她硬是被…"
"https://raw.githubusercontent.com/ixinzhi/lightnovel-2014to2017/master/侦探·日暮旅人 - 山口幸三郎 - 20140510.epub",1445,"https://www.wenku8.net/book/1445.htm","title+author","侦探·日暮旅人","山口幸三郎","电击文库","已完结","2014-05-10","350K","悬疑","http://img.wenku8.com/image/1/1445/1445s.jpg","这世上，有些东西虽然看不见，却能确实感受到它的存在。
一间专门寻找失物的奇妙事务…"
"https://raw.githubusercontent.com/ixinzhi/lightnovel-2014to2017/master/你的侍奉只有这种程度吗？ - 森田季节 - 20140507.epub",1111,"https://www.wenku8.net/book/1111.htm","title+author","你的侍奉只有这种程度吗?","森田季节","GA文库","已完结","2014-05-07","619K","校园 奇幻 欢乐向 后宫 大小姐","http://img.wenku8.com/image/1/1111/1111s.jpg","朝雾良太是个因祖父那代的诅咒(?)，拥有全面性受到女人欢迎体质的高中二年级生，但受欢…"
"https://raw.githubusercontent.com/ixinzhi/lightnovel-2014to2017/master/超次元游戏海王星 - おかず - 20140507.epub",1601,"https://www.wenku8.net/book/1601.htm","title_only","超次元游戏海王星","おかず","其他文库","连载中/ 已动画化","2014-05-07","98K","校园 战斗 百合 女性视角","http://img.wenku8.com/image/1/1601/1601s.jpg","“我是聂普迪努(Neptune)，很常见的普通美少女。兴趣嘛，嗯，大概是游戏吧。特技是变身…"
"https://raw.githubusercontent.com/ixinzhi/lightnovel-2014to2017/master/天翔虎军师 - 上总朋大 - 20140507.epub",1613,"https://www.wenku8.net/book/1613.htm","title+author","天翔虎军师","上总朋大","富士见文库","连载中","2014-05-07","75K","战争 斗智 后宫 青梅竹马","http://img.wenku8.com/image/1/1613/1613s.jpg","帝国历36年。托雷帝国歼灭顽强抵抗未果之费烈利加王国，称霸了大陆。祖国灭亡的景象为…"
"https://raw.githubusercontent.com/ixinzhi/lightnovel-2014to2017/master/惊悚文集 - 合作 - 20140506.epub",1605,"https://www.wenku8.net/book/1605.htm","title+author","惊悚文集","合作","Fami通文库","已完结","2014-05-06","221K","惊悚 冒险","http://img.wenku8.com/image/1/1605/1605s.jpg","破坏了小镇规定的少女的日常日渐崩坏，现在，终于要跨越那条禁断的白线——绫里恵史/舞…"
"https://raw.githubusercontent.com/ixinzhi/lightnovel-2014to2017/master/相亲于盛夏 再会翱翔天际之风 - 朱门优 - 20140506.epub",1603,"https://www.wenku8.net/book/1603.htm","title+author","相亲于盛夏 再会翱翔天际之风","朱门优","一迅社","已完结","2014-05-06","91K","青春 恋爱 欢乐向 青梅竹马","http://img.wenku8.com/image/1/1603/1603s.jpg","「——来，小狗。像平时那样去散步吧。」
名字稍微有点特别的乡下小镇十五夜草町。住…"
"https://raw.githubusercontent.com/ixinzhi/lightnovel-2014to2017/master/东京下町古书店 - 小路幸也 - 20140501.epub",1608,"https://www.wenku8.net/book/1608.htm","title+author","东京下町古书店","小路幸也","集英社","连载中","2014-05-01","101K","悬疑","http://img.wenku8.com/image/1/1608/1608s.jpg","不死百年爱书魂X硬汉摇滚精神+永无止尽的LOVE=东京下町古书店
书归其所，书这东西会自…"
"https://raw.githubusercontent.com/ixinzhi/lightnovel-2014to2017/master/残秽 - 小野不由美 - 20140429.epub",1606,"https://www.wenku8.net/book/1606.htm","title+author","残秽","小野不由美","其他文库","已完结","2014-04-29","126K","悬疑 惊悚 奇幻","http://img.wenku8.com/image/1/1606/1606s.jpg","恐怖小说家募集恐怖怪谈，没想到数件相距多年的撞鬼经验，居然发生在同栋公寓之中。
…"
"https://raw.githubusercontent.com/ixinzhi/lightnovel-2014to2017/master/彷徨神姬的剑使徒(流浪神姬的剑使徒) - すえばしけん - 20140429.epub",1593,"https://www.wenku8.net/book/1593.htm","title_only","彷徨神姬的剑使徒(流浪神姬的剑使徒)","すえばしけん","富士见文库","连载中","2014-04-29","203K","奇幻 冒险 战斗 后宫","http://img.wenku8.com/image/1/1593/1593s.jpg","仅存一个都市与一个迷宫，其余都遭虚无啃食殆尽的世界。在战斗的终结赢取荣耀，在冒险…"
"https://raw.githubusercontent.com/ixinzhi/lightnovel-2014to2017/master/我被女生倒追，惹妹妹生气了？ - 野岛研二 - 20140429.epub",1325,"https://www.wenku8.net/book/1325.htm","title+author","我被女生倒追，惹妹妹生气了？","野岛研二","MF文库J","已完结","2014-04-29","377K","校园 奇幻 冒险 欢乐向 后宫 妹妹","http://img.wenku8.com/image/1/1325/1325s.jpg","这是一个「灵」存在的世界。
一个很爱妹妹的高中男生一之濑悠斗跟妹妹亚梦相依为命，…"
"https://raw.githubusercontent.com/ixinzhi/lightnovel-2014to2017/master/白银的救世机 - 天野冬景 - 20140427.epub",1467,"https://www.wenku8.net/book/1467.htm","title+author","白银的救世机","天野冬景","MF文库J","已完结","2014-04-27","343K","科幻 机战 战斗 后宫 妹妹","http://img.wenku8.com/image/1/1467/1467s.jpg","「回应我，杰斯特马克！化我的意志为力量，带我们走向胜利之路吧９
在这个受到突然出…"
"https://raw.githubusercontent.com/ixinzhi/lightnovel-2014to2017/master/温泉巨龙王国 - 山川进 - 20140421.epub",1600,"https://www.wenku8.net/book/1600.htm","title+author","温泉巨龙王国","山川进","其他文库","连载中","2014-04-21","87K","奇幻 欢乐向 人外","http://img.wenku8.com/image/1/1600/1600s.jpg","「请让我研究贵国的温泉９
在除了山，什么都没有的贫穷国家「汤国」，有马王子正为了…"
"https://raw.githubusercontent.com/ixinzhi/lightnovel-2014to2017/master/梦日记 你的梦中，我已不在。 - 日日日 - 20140421.epub",1596,"https://www.wenku8.net/book/1596.htm","title+author","梦日记 你的梦中，我已不在。","日日日","其他文库","已完结","2014-04-21","90K","悬疑 冒险 惊悚 黑暗","http://img.wenku8.com/image/1/1596/1596s.jpg","沉睡中的少女，孤独的在梦中茫然地跨出了步伐……。
推开的门扉前方，是一片谜样的景…"
"https://raw.githubusercontent.com/ixinzhi/lightnovel-2014to2017/master/无赖勇者的鬼畜美学 - 上栖缀人 - 20140419.epub",954,"https://www.wenku8.net/book/954.htm","title+author","无赖勇者的鬼畜美学","上栖缀人","HJ文库","已完结/ 已动画化","2014-04-19","1180K","校园 魔法 战斗 欢乐向 后宫 妹妹","http://img.wenku8.com/image/0/954/954s.jpg","国际教育机构《BABEL》的职责是保护自异世界归来的年轻人，而才刚从剑与魔法的世界《亚…"
"https://raw.githubusercontent.com/ixinzhi/lightnovel-2014to2017/master/奴隶区 我与23个奴隶 - 冈田伸一 - 20140418.epub",1599,"https://www.wenku8.net/book/1599.htm","title+author","奴隶区 我与23个奴隶","冈田伸一","其他文库","连载中/ 已动画化","2014-04-18","130K","悬疑 犯罪 斗智 黑暗 猎奇","http://img.wenku8.com/image/1/1599/1599s.jpg","二○一四年改编电影，期待度超越《诈欺游戏》、《死亡笔记本》，全新悬疑生存游戏小说…"
"https://raw.githubusercontent.com/ixinzhi/lightnovel-2014to2017/master/草祭 - 恒川光太郎 - 20140417.epub",1598,"https://www.wenku8.net/book/1598.htm","title+author","草祭","恒川光太郎","其他文库","已完结","2014-04-17","101K","奇幻 悬疑","http://img.wenku8.com/image/1/1598/1598s.jpg","旅人走进一块土地，钻过桥下沿着水渠爬上石阶，眼前突然出现一片开阔的陌生原野，在那…"
"https://raw.githubusercontent.com/ixinzhi/lightnovel-2014to2017/master/司书，剪刀，短铅笔 - ゆうきりん - 20140407.epub",1190,"https://www.wenku8.net/book/1190.htm","title_only","司书，剪刀，短铅笔","ゆうきりん","电击文库","连载中","2014-04-07","289K","校园 奇幻 欢乐向 后宫","http://img.wenku8.com/image/1/1190/1190s.jpg","某天，一本《弹出绘本》从天而降，出现在讨厌阅读的高中生&#8226;文人的面前。然后，从…"
"https://raw.githubusercontent.com/ixinzhi/lightnovel-2014to2017/master/圈、叉与三角——王牌，就此展开 - 月本一 - 20140331.epub",1590,"https://www.wenku8.net/book/1590.htm","title+author","圈、叉与三角——王牌，就此展开","月本一","Fami通文库","已完结","2014-03-31","111K","校园 竞技 青春 恋爱 青梅竹马","http://img.wenku8.com/image/1/1590/1590s.jpg","要我振臂高挥？行，看我把你击飞！
「把水泥随便搅一搅就好了，简称就是懒觉BOY！COM…"
"https://raw.githubusercontent.com/ixinzhi/lightnovel-2014to2017/master/月神来我家！ - 后藤佑迅 - 20140328.epub",1096,"https://www.wenku8.net/book/1096.htm","title+author","月神来我家！","后藤佑迅","MF文库J","已完结","2014-03-28","1193K","校园 奇幻 欢乐向 后宫 妹妹","http://img.wenku8.com/image/1/1096/1096s.jpg","我感到焦急万分。某天早上醒来，身旁睡了个仅着内衣的陌生金发女孩（巨乳）。金发小姐…"
"https://raw.githubusercontent.com/ixinzhi/lightnovel-2014to2017/master/乘秋千飞翔的圣修伯里 - 红玉伊月 - 20140326.epub",1588,"https://www.wenku8.net/book/1588.htm","title+author","乘秋千飞翔的圣修伯里","红玉伊月","电击文库","已完结","2014-03-26","118K","群像 青春 女性视角","http://img.wenku8.com/image/1/1588/1588s.jpg","这是一座没有小丑的马戏团。
在曾遭受无情天灾袭击，如今已化为灯红酒绿象征的湾岸城…"
"https://raw.githubusercontent.com/ixinzhi/lightnovel-2014to2017/master/萌奈美即将终结世界？ - 勇岭薰 - 20140322.epub",1552,"https://www.wenku8.net/book/1552.htm","title+author","萌奈美即将终结世界？","勇岭薰","角川文库","连载中","2014-03-22","185K","校园 欢乐向 悬疑 女性视角","http://img.wenku8.com/image/1/1552/1552s.jpg","天兵高中女生＋美少年忍者，史上最爆笑的学园奇幻冒险，引爆世界大乱！
希望战争爆发…"
"https://raw.githubusercontent.com/ixinzhi/lightnovel-2014to2017/master/魔法战士李维 - 水野良 - 20140317.epub",101,"https://www.wenku8.net/book/101.htm","title+author","魔法战士李维","水野良","富士见文库","连载中","2014-03-17","730K","奇幻 魔法 战斗 冒险 欢乐向 后宫","http://img.wenku8.com/image/0/101/101s.jpg","英雄王李察尔所治理的「剑之王国」欧芳。在那个国家展开了新的物语。 
「因为有神的启…"
"https://raw.githubusercontent.com/ixinzhi/lightnovel-2014to2017/master/镜家事件系列 - 佐藤友哉 - 20140317.epub",1047,"https://www.wenku8.net/book/1047.htm","title+author","镜家事件系列","佐藤友哉","其他文库","已完结","2014-03-17","665K","奇幻 悬疑 惊悚 猎奇 黑暗","http://img.wenku8.com/image/1/1047/1047s.jpg","镜家三女镜佐奈离奇自杀身亡，佐奈的哥哥，镜家的三男镜公彦却收到妹妹被强暴的录像带…"
"https://raw.githubusercontent.com/ixinzhi/lightnovel-2014to2017/master/日向美 宛如凛风中绽放的花 - 八奈川景晶 - 20140315.epub",1549,"https://www.wenku8.net/book/1549.htm","title+author","日向美 宛如凛风中绽放的花","八奈川景晶","富士见文库","连载中","2014-03-15","64K","校园 音乐 青春 恋爱","http://img.wenku8.com/image/1/1549/1549s.jpg","“好厉害，音乐，很厉害”被音乐的魅力所折服的女子高中生，山形麻里花，为了让沉寂的…"
"https://raw.githubusercontent.com/ixinzhi/lightnovel-2014to2017/master/樱花庄的宠物女孩 - 鸭志田一 - 20140315.epub",931,"https://www.wenku8.net/book/931.htm","title+author","樱花庄的宠物女孩","鸭志田一","电击文库","","","","校园 青春 恋爱 群像 后宫 妹妹","http://img.wenku8.com/image/0/931/931s.jpg","我所住的宿舍「樱花庄」是学校怪人的聚集地。转学入住这个宿舍的椎名真白，是个清新可…"
"https://raw.githubusercontent.com/ixinzhi/lightnovel-2014to2017/master/天与地的守护者 - 上桥菜穗子 - 20140313.epub",1567,"https://www.wenku8.net/book/1567.htm","title+author","天与地的守护者","上桥菜穗子","其他文库","连载中","2014-03-13","99K","奇幻 冒险 恋爱","http://img.wenku8.com/image/1/1567/1567s.jpg","守护者系列和旅人系列续篇。
去搜救跳海的恰克慕皇子——帕尔萨接受到了这条密令后，…"
"https://raw.githubusercontent.com/ixinzhi/lightnovel-2014to2017/master/卡纳克的轨迹 - 上总朋大 - 20140312.epub",1221,"https://www.wenku8.net/book/1221.htm","title+author","卡纳克的轨迹","上总朋大","富士见文库","已完结","2014-03-12","518K","奇幻 旅行 冒险 恋爱 后宫","http://img.wenku8.com/image/1/1221/1221s.jpg","一千年前，在亚连希亚大陆上，有一位名叫玛尔的伟大魔法师。拥有一头红发的她，走遍世…"
"https://raw.githubusercontent.com/ixinzhi/lightnovel-2014to2017/master/龙乐团！ - 美奈川护 - 20140312.epub",1475,"https://www.wenku8.net/book/1475.htm","title+author","龙乐团！","美奈川护","电击文库","连载中","2014-03-12","272K","音乐 青春 恋爱","http://img.wenku8.com/image/1/1475/1475s.jpg","从音大毕业但并没有想靠音乐为生的小提琴演奏者青年响介，顺着叔父传记的方向去到的第…"
"https://raw.githubusercontent.com/ixinzhi/lightnovel-2014to2017/master/SHINO双子 - 麻宫枫 - 20140312.epub",1576,"https://www.wenku8.net/book/1576.htm","title+author","SHINO双子","麻宫枫","电击文库","已完结","2014-03-12","69K","校园 欢乐向 后宫 伪娘 妹妹","http://img.wenku8.com/image/1/1576/1576s.jpg","“我想要忍以<筱宫诗乃>的身份，去和那个孩子见面”
——从出生起便伴随左右的麻烦制造…"
"https://raw.githubusercontent.com/ixinzhi/lightnovel-2014to2017/master/咆哮魔龙的捕食作法 - 内崛优一 - 20140312.epub",1573,"https://www.wenku8.net/book/1573.htm","title_only","咆哮魔龙的捕食作法","内堀优一","HJ文库","连载中","2014-03-12","88K","奇幻 魔法 战斗 龙傲天 恋爱","http://img.wenku8.com/image/1/1573/1573s.jpg","将守护国家的“魔法骑士团”毫不费力冲垮的巨龙。但其被一位青年轻易地打倒了。强大过…"
"https://raw.githubusercontent.com/ixinzhi/lightnovel-2014to2017/master/我的妹妹会读汉字 - 梶井贵志 - 20140311.epub",1070,"https://www.wenku8.net/book/1070.htm","title+author","我的妹妹会读汉字","梶井贵志","HJ文库","已完结","2014-03-11","416K","校园 青春 欢乐向 后宫 妹妹","http://img.wenku8.com/image/1/1070/1070s.jpg","『闪亮的天蓝色小裤裤；是现代日本文学代表作家──大平凯的最新作。为这位小说家作品…"
"https://raw.githubusercontent.com/ixinzhi/lightnovel-2014to2017/master/不完全神性机关伊莉斯 - 细音启 - 20140311.epub",1346,"https://www.wenku8.net/book/1346.htm","title+author","不完全神性机关伊莉斯","细音启","富士见文库","已完结","2014-03-11","546K","校园 科幻 战斗 恋爱 人外","http://img.wenku8.com/image/1/1346/1346s.jpg","四分之三个世界，是死亡的世界——
就读于宝条军事学校佣兵科的我——贫穷学生「凪」…"
"https://raw.githubusercontent.com/ixinzhi/lightnovel-2014to2017/master/最近妹妹的样子有点怪(最近我的妹妹有点怪) - みかづき红月 - 20140306.epub",1584,"https://www.wenku8.net/book/1584.htm","title+author","最近妹妹的样子有点怪(最近我的妹妹有点怪)","みかづき红月","富士见文库","已完结/ 已动画化","2014-03-06","82K","校园 欢乐向 后宫 青梅竹马 妹妹","http://img.wenku8.com/image/1/1584/1584s.jpg","最近，美月处于与因母亲再婚而得到的新哥哥夕哉一起生活的困惑中，而且还被思念着夕哉…"
"https://raw.githubusercontent.com/ixinzhi/lightnovel-2014to2017/master/! 惊叹号 - 二宫敦人 - 20140303.epub",1582,"https://www.wenku8.net/book/1582.htm","title+author","! 惊叹号","二宫敦人","其他文库","连载中","2014-03-03","101K","悬疑 惊悚 黑暗","http://img.wenku8.com/image/1/1582/1582s.jpg","轻小说文库注明：书名无误，原书名第一卷《!》、第二卷《!!》以此类推。
无意间拾获的…"
"https://raw.githubusercontent.com/ixinzhi/lightnovel-2014to2017/master/黑之夜魔(黑之STRIKA) - 十文字青 - 20140301.epub",1000,"https://www.wenku8.net/book/1000.htm","title+author","黑之夜魔(黑之STRIKA)","十文字青","MF文库J","已完结","2014-03-01","451K","校园 异能 战斗 后宫 青梅竹马","http://img.wenku8.com/image/1/1000/1000s.jpg","过去曾经统领夜幕笼罩之处，名声响彻黑暗世界的一族——夜魔。高夜椋郎身为一族最后的…"
"https://raw.githubusercontent.com/ixinzhi/lightnovel-2014to2017/master/勇者大人突然向我求婚！？ - 富樫圣夜 - 20140228.epub",1580,"https://www.wenku8.net/book/1580.htm","title+author","勇者大人突然向我求婚！？","富樫圣夜","其他文库","连载中","2014-02-28","214K","奇幻 欢乐向 恋爱 女性视角","http://img.wenku8.com/image/1/1580/1580s.jpg","勇者一行人打败了魔王，救出美丽的公主，凯旋归来。
面对勇者，国王龙心大悦地表示：…"
"https://raw.githubusercontent.com/ixinzhi/lightnovel-2014to2017/master/咱家女仆不定形(我家的女仆不定形) - 静川龙宗 - 20140217.epub",1535,"https://www.wenku8.net/book/1535.htm","title+author","咱家女仆不定形(我家的女仆不定形)","静川龙宗","其他文库","连载中","2014-02-17","135K","奇幻 校园 欢乐向 青梅竹马 人外","http://img.wenku8.com/image/1/1535/1535s.jpg","主人的名字叫作新井泽透。女仆则名为泰克利。举凡所有家务事都全难不倒她的泰克利，只…"
"https://raw.githubusercontent.com/ixinzhi/lightnovel-2014to2017/master/赛姬的眼泪(由良三部曲) - 柴村仁 - 20140215.epub",1328,"https://www.wenku8.net/book/1328.htm","title+author","赛姬的眼泪(由良三部曲)","柴村仁","电击文库","已完结","2014-02-15","285K","校园 悬疑 青春 恋爱","http://img.wenku8.com/image/1/1328/1328s.jpg","「要不要和我两个人一起调查看看？」
酷热无比的七月书架，一名少女留下未完成的画，…"
"https://raw.githubusercontent.com/ixinzhi/lightnovel-2014to2017/master/迟钝的我与敏锐的她 - にのまえあゆむ - 20140215.epub",1572,"https://www.wenku8.net/book/1572.htm","title_only","迟钝的我与敏锐的她","にのまえあゆむ","一迅社","已完结","2014-02-15","83K","校园 异能 后宫 妹妹","http://img.wenku8.com/image/1/1572/1572s.jpg","『前辈，是能看见未来的吧』少女·栉守枣露出喜色满面的笑容，指着我·八冢武宏，如此…"
"https://raw.githubusercontent.com/ixinzhi/lightnovel-2014to2017/master/再会吧，青春小鸟！ - 乙一 - 20140215.epub",1571,"https://www.wenku8.net/book/1571.htm","title+author","再会吧，青春小鸟！","乙一","小学馆","已完结","2014-02-15","97K","校园 音乐 青春 群像","http://img.wenku8.com/image/1/1571/1571s.jpg","文库注:本书作者中田永一是乙一另一个笔名，为便于查找同一作者作品，文库将作者名标记…"
"https://raw.githubusercontent.com/ixinzhi/lightnovel-2014to2017/master/以魔王之力来支配叛逆期的妹妹 - 日日日 - 20140214.epub",1570,"https://www.wenku8.net/book/1570.htm","title+author","以魔王之力来支配叛逆期的妹妹","日日日","GA文库","连载中","2014-02-14","116K","校园 欢乐向 后宫 妹妹 人外","http://img.wenku8.com/image/1/1570/1570s.jpg","以魔王之力来支配叛逆期的妹妹。
「哇哈哈，你中计了，米卡琳！这样一来你在限制时间…"
"https://raw.githubusercontent.com/ixinzhi/lightnovel-2014to2017/master/last savior - 兔月山羊 - 20140214.epub",1462,"https://www.wenku8.net/book/1462.htm","title+author","last savior","兔月山羊","电击文库","已完结","2014-02-14","423K","穿越 科幻 机战 战斗 后宫","http://img.wenku8.com/image/1/1462/1462s.jpg","为了人类可以继续生存下去，必须打倒天使！
这里是西历2140年，在史上最强大残暴的敌…"
"https://raw.githubusercontent.com/ixinzhi/lightnovel-2014to2017/master/流行之神 警视厅怪异事件档案0 - 合作 - 20140214.epub",1568,"https://www.wenku8.net/book/1568.htm","title+author","流行之神 警视厅怪异事件档案0","合作","Fami通文库","已完结","2014-02-14","73K","悬疑 惊悚","http://img.wenku8.com/image/1/1568/1568s.jpg","在东北流传的、隐藏于会把人引向幸福的传说中的事实「毛羽毛现」（芜木统文），官…"
"https://raw.githubusercontent.com/ixinzhi/lightnovel-2014to2017/master/这里是幸福安心委员会 - 鸟居羊 - 20140207.epub",1566,"https://www.wenku8.net/book/1566.htm","title+author","这里是幸福安心委员会","鸟居羊","其他文库","已完结","2014-02-07","114K","音乐 科幻 黑暗","http://img.wenku8.com/image/1/1566/1566s.jpg","被海水三面环绕的「水畔公园市国」，是由完美人工智能女王「赛伦」所统治的国家。赛伦…"
"https://raw.githubusercontent.com/ixinzhi/lightnovel-2014to2017/master/四百二十连败女孩(四百二十连败少女) - 桐山成人 - 20140205.epub",1409,"https://www.wenku8.net/book/1409.htm","title+author","四百二十连败女孩(四百二十连败少女)","桐山成人","Fami通文库","已完结","2014-02-05","356K","校园 青春 欢乐向 后宫 大小姐","http://img.wenku8.com/image/1/1409/1409s.jpg","无可奈何的学园告白巡回之旅，正式展开！
「圣仙杜瑞拉学园」──在这个超绝美少女云…"
"https://raw.githubusercontent.com/ixinzhi/lightnovel-2014to2017/master/圆桌学生会 - 本田透 - 20140204.epub",209,"https://www.wenku8.net/book/209.htm","title+author","圆桌学生会","本田透","集英社","连载中","2014-02-04","926K","校园 穿越 冒险 战斗 欢乐向 后宫","http://img.wenku8.com/image/0/209/209s.jpg","宅配送来的一只箱子里，居然装着红龙亚砂的天敌-子猫游鞠？而且不知为什么打扮成魔法师…"
"https://raw.githubusercontent.com/ixinzhi/lightnovel-2014to2017/master/执事志津二与魔法契约 - 三门铁狼 - 20140203.epub",1468,"https://www.wenku8.net/book/1468.htm","title+author","执事志津二与魔法契约","三门铁狼","MF文库J","连载中","2014-02-03","139K","校园 魔法 欢乐向 后宫 大小姐","http://img.wenku8.com/image/1/1468/1468s.jpg","[ 因为颜色和我家的地毯一样，所以不小心踩错了 ]
那天，我仙堂志津二被同班同学，同…"
"https://raw.githubusercontent.com/ixinzhi/lightnovel-2014to2017/master/冰境的艾玛莉莉丝(冰之国的阿玛莉莉丝) - 松山刚 - 20140202.epub",1562,"https://www.wenku8.net/book/1562.htm","title+author","冰境的艾玛莉莉丝(冰之国的阿玛莉莉丝)","松山刚","电击文库","已完结","2014-02-02","127K","科幻 人外","http://img.wenku8.com/image/1/1562/1562s.jpg","冰河期的世界，一切都被封闭在冰下。人类沉眠于名为“白雪公主”的冷冻睡眠设施之中。…"
"https://raw.githubusercontent.com/ixinzhi/lightnovel-2014to2017/master/魔女死之屋 - 筱田真由美 - 20140202.epub",1563,"https://www.wenku8.net/book/1563.htm","title+author","魔女死之屋","筱田真由美","讲谈社","已完结","2014-02-02","56K","悬疑 犯罪","http://img.wenku8.com/image/1/1563/1563s.jpg","我过世的母亲真是个绝世美女。
母亲的身材高挑，但绝对不会太高，小巧的脸，当她独自…"
"https://raw.githubusercontent.com/ixinzhi/lightnovel-2014to2017/master/猫所不能从事的职业 - 竹林七草 - 20140202.epub",1362,"https://www.wenku8.net/book/1362.htm","title+author","猫所不能从事的职业","竹林七草","小学馆","已完结","2014-02-02","239K","奇幻 战斗","http://img.wenku8.com/image/1/1362/1362s.jpg","吾辈为猫，但请不要将我跟猫妖混为一谈，吾辈生活在代代作为阴阳师而驰名的藤里家，其…"
"https://raw.githubusercontent.com/ixinzhi/lightnovel-2014to2017/master/付丧神出租中！ - 畠中惠 - 20140201.epub",1561,"https://www.wenku8.net/book/1561.htm","title+author","付丧神出租中！","畠中惠","角川文库","连载中/ 已动画化","2014-02-01","96K","奇幻","http://img.wenku8.com/image/1/1561/1561s.jpg","阿红和清次姐弟，在深川经营一间出租生意的古道具店「出云屋」。所谓的出租，是指锅、…"
"https://raw.githubusercontent.com/ixinzhi/lightnovel-2014to2017/master/野蛮游戏 - 黑井岚辅 - 20140131.epub",1534,"https://www.wenku8.net/book/1534.htm","title+author","野蛮游戏","黑井岚辅","小学馆","连载中","2014-01-31","186K","悬疑 异能 游戏 大逃杀 青梅竹马","http://img.wenku8.com/image/1/1534/1534s.jpg","七百八十五万人彼此厮杀，直到其他玩家全灭为止——不死不休！
收到简讯的幸运儿，恭…"
"https://raw.githubusercontent.com/ixinzhi/lightnovel-2014to2017/master/胚胎奇谭 - 乙一 - 20140131.epub",1560,"https://www.wenku8.net/book/1560.htm","title+author","胚胎奇谭","乙一","其他文库","已完结","2014-01-31","101K","奇幻 悬疑 冒险","http://img.wenku8.com/image/1/1560/1560s.jpg","文库注:本书作者山白朝子是乙一另一个笔名，为便于查找同一作者作品，文库将作者名标记…"
"https://raw.githubusercontent.com/ixinzhi/lightnovel-2014to2017/master/娑婆气系列 - 畠中惠 - 20140131.epub",981,"https://www.wenku8.net/book/981.htm","title+author","娑婆气系列","畠中惠","其他文库","连载中/ 已动画化","2014-01-31","619K","奇幻 悬疑","http://img.wenku8.com/image/0/981/981s.jpg","江户时代的传说。长崎药铺的少主一太郎从小就是个“药罐子”，体弱多病，大多数时间都…"
"https://raw.githubusercontent.com/ixinzhi/lightnovel-2014to2017/master/R15(R-15) - 伏见广雪 - 20140131.epub",1048,"https://www.wenku8.net/book/1048.htm","title+author","R15(R-15)","伏见广雪","角川文库","已完结/ 已动画化","2014-01-31","1165K","校园 奇幻 青春 欢乐向 后宫","http://img.wenku8.com/image/1/1048/1048s.jpg","15岁的芥川丈途是个在报纸上连载专栏的天才情色作家！当这样的他进入充满天才（......…"
"https://raw.githubusercontent.com/ixinzhi/lightnovel-2014to2017/master/贝克街少年侦探团 - 真濑もと - 20140131.epub",1496,"https://www.wenku8.net/book/1496.htm","title+author","贝克街少年侦探团","真濑もと","角川文库","连载中","2014-01-31","255K","悬疑","http://img.wenku8.com/image/1/1496/1496s.jpg","福尔摩斯的秘密武器——贝克街少年侦探团驾到！不一样的角度，全新的案件！
19世纪末…"
"https://raw.githubusercontent.com/ixinzhi/lightnovel-2014to2017/master/少女禁区 - 伴名练 - 20140130.epub",1558,"https://www.wenku8.net/book/1558.htm","title+author","少女禁区","伴名练","角川文库","已完结","2014-01-30","61K","惊悚 悬疑 恋爱","http://img.wenku8.com/image/1/1558/1558s.jpg","15岁的“我”的主人，是位有着数百年一遇的诅咒才能的傲慢美少女。“你就当我的玩具。…"
"https://raw.githubusercontent.com/ixinzhi/lightnovel-2014to2017/master/影法师 - 百田尚树 - 20140124.epub",1556,"https://www.wenku8.net/book/1556.htm","title+author","影法师","百田尚树","讲谈社","已完结","2014-01-24","106K","青春","http://img.wenku8.com/image/1/1556/1556s.jpg","才华横溢、剑术高超，前途不可限量的男人为何在落魄潦倒中死去。从下级武士直至登上笔…"
"https://raw.githubusercontent.com/ixinzhi/lightnovel-2014to2017/master/火之国、风之国物语 - 师走透 - 20140118.epub",1063,"https://www.wenku8.net/book/1063.htm","title+author","火之国、风之国物语","师走透","富士见文库","已完结","2014-01-18","1645K","奇幻 战争 战斗 后宫","http://img.wenku8.com/image/1/1063/1063s.jpg","血沫飞散。12岁地少年在那时，身处真正的战唱—。心跳加快，两腿战战。
自己是无力的…"
"https://raw.githubusercontent.com/ixinzhi/lightnovel-2014to2017/master/黑猫的水曜日 - 地本草子 - 20140108.epub",1365,"https://www.wenku8.net/book/1365.htm","title+author","黑猫的水曜日","地本草子","集英社","已完结","2014-01-08","396K","校园 科幻 悬疑 战斗 恋爱","http://img.wenku8.com/image/1/1365/1365s.jpg","隶属于美国民间军事公司的少女筱原禊，接受了CIA奇妙的委托，内容为监视、护卫日本首屈…"
"https://raw.githubusercontent.com/ixinzhi/lightnovel-2014to2017/master/物质幽灵 - 葵关南 - 20140106.epub",244,"https://www.wenku8.net/book/244.htm","title+author","物质幽灵","葵关南","富士见文库","已完结","2014-01-06","669K","校园 奇幻 欢乐向 后宫 人外 青梅竹马","http://img.wenku8.com/image/0/244/244s.jpg","“快起来，萤！已经是早上了１ 在可爱而又充满活力的声音中，式见萤又开始了一天的生活…"
"https://raw.githubusercontent.com/ixinzhi/lightnovel-2014to2017/master/犬附少女 - 唐边叶介 - 20140101.epub",1415,"https://www.wenku8.net/book/1415.htm","title+author","犬附少女","唐边叶介","其他文库","已完结","2014-01-01","277K","校园 奇幻 黑暗","http://img.wenku8.com/image/1/1415/1415s.jpg","因饱受欺凌而对同学萌生杀意的少女，决定使用蛊术来杀死她们。蛊术，那是一种残忍…"
"https://raw.githubusercontent.com/ixinzhi/lightnovel-2009to2013/master/骗王 - 秋目人 - 20131226.epub",1153,"https://www.wenku8.net/book/1153.htm","title+author","骗王","秋目人","电击文库","已完结","2013-12-26","278K","斗智","http://img.wenku8.com/image/1/1153/1153s.jpg","在这争权夺利的世界，唯有「欺骗」，才是生存的唯一手段！
与其默默等待人生终结，我…"
"https://raw.githubusercontent.com/ixinzhi/lightnovel-2009to2013/master/幽灵什么的才看不见！ - 村崎幸也 - 20131225.epub",1254,"https://www.wenku8.net/book/1254.htm","title+author","幽灵什么的才看不见！","村崎幸也","GA文库","已完结","2013-12-25","633K","校园 奇幻 欢乐向 后宫 人外","http://img.wenku8.com/image/1/1254/1254s.jpg","终于到了高中入学的日子了！
由于将自己能看见幽灵的事情告诉了身边的人，结果连喜欢…"
"https://raw.githubusercontent.com/ixinzhi/lightnovel-2009to2013/master/名称未设定 - 津田夕也 - 20131224.epub",1421,"https://www.wenku8.net/book/1421.htm","title+author","名称未设定","津田夕也","Fami通文库","已完结","2013-12-24","188K","校园 科幻 游戏 战斗 黑暗","http://img.wenku8.com/image/1/1421/1421s.jpg","二十一世纪初。那时的人类还在发展中阶段。气象控制装置还在研发阶段，街道没有被分子…"
"https://raw.githubusercontent.com/ixinzhi/lightnovel-2009to2013/master/于夏月之海轻语的咒文 - 雨宫谅 - 20131222.epub",1539,"https://www.wenku8.net/book/1539.htm","title+author","于夏月之海轻语的咒文","雨宫谅","电击文库","已完结","2013-12-22","78K","青春 群像","http://img.wenku8.com/image/1/1539/1539s.jpg","修一是在一座名为梦久岛的岛屿上居住的高中二年级学生。尽管很清楚自己无法融入学校生…"
"https://raw.githubusercontent.com/ixinzhi/lightnovel-2009to2013/master/消遣的挑战者 - 岩井恭平 - 20131214.epub",1341,"https://www.wenku8.net/book/1341.htm","title+author","消遣的挑战者","岩井恭平","角川文库","已完结","2013-12-14","406K","科幻 游戏 斗智 战斗 悬疑","http://img.wenku8.com/image/1/1341/1341s.jpg","在天才少年——果须田裕杜举办的终极战斗游戏<Rule of the Rule>中，从世界各地聚集而来…"
"https://raw.githubusercontent.com/ixinzhi/lightnovel-2009to2013/master/其中一个是妹妹!(三人行必有我妹) - 田口一 - 20131210.epub",943,"https://www.wenku8.net/book/943.htm","title+author","其中一个是妹妹!(三人行必有我妹)","田口一","MF文库J","已完结/ 已动画化","2013-12-10","1056K","校园 悬疑 欢乐向 后宫 妹妹","http://img.wenku8.com/image/0/943/943s.jpg","将悟按照父亲的遗嘱的安排，进入了有着众多财经界千金小姐就读的深流院学园。遗嘱上头…"
"https://raw.githubusercontent.com/ixinzhi/lightnovel-2009to2013/master/在那个夏天等待 - 丰川一夏 - 20131209.epub",1532,"https://www.wenku8.net/book/1532.htm","title+author","在那个夏天等待","丰川一夏","MF文库J","已完结/ 已动画化","2013-12-09","162K","科幻 校园 青春 恋爱","http://img.wenku8.com/image/1/1532/1532s.jpg","暑假即将来临，就读高中一年级的雾岛海人，正与同学们计划拍电影。
「真想做点什么。…"
"https://raw.githubusercontent.com/ixinzhi/lightnovel-2009to2013/master/EscApe SpeEd - 九冈望 - 20131205.epub",1378,"https://www.wenku8.net/book/1378.htm","title+author","EscApe SpeEd","九冈望","电击文库","连载中","2013-12-05","265K","科幻 战斗 冒险 人外","http://img.wenku8.com/image/1/1378/1378s.jpg","昭和一〇一年夏，废墟的街道“尽天”。被失控的战斗兵器袭击的叶叶，与在棺材中沉睡的…"
"https://raw.githubusercontent.com/ixinzhi/lightnovel-2009to2013/master/神话战域 - 无嵨树了 - 20131203.epub",1526,"https://www.wenku8.net/book/1526.htm","title+author","神话战域","无嵨树了","HJ文库","连载中","2013-12-03","79K","校园 奇幻 战斗 后宫","http://img.wenku8.com/image/1/1526/1526s.jpg","拥有神明遗留的强大神力之人──「神遗使」。少年雷斯就读于专门培育这类人才的学校，…"
"https://raw.githubusercontent.com/ixinzhi/lightnovel-2009to2013/master/源氏物语 - 越水利江子 - 20131202.epub",1528,"https://www.wenku8.net/book/1528.htm","title+author","源氏物语","越水利江子","角川文库","已完结","2013-12-02","57K","恋爱 女性视角","http://img.wenku8.com/image/1/1528/1528s.jpg","我名叫紫姬，母亲大人生下我之后就过世了，现在我与外祖母大人一起生活。我的愿望，是…"
"https://raw.githubusercontent.com/ixinzhi/lightnovel-2009to2013/master/进击的巨人 before the fall - 凉风凉 - 20131201.epub",1282,"https://www.wenku8.net/book/1282.htm","title+author","进击的巨人 before the fall","凉风凉","讲谈社","已完结/ 已动画化","2013-12-01","281K","科幻 战斗 冒险","http://img.wenku8.com/image/1/1282/1282s.jpg","无人知晓「那个」究竟是从何时来的，以及到底为了何种目的而存在。只是一再遭到捕…"
"https://raw.githubusercontent.com/ixinzhi/lightnovel-2009to2013/master/某僵尸少女的灾难 - 池端亮 - 20131130.epub",1255,"https://www.wenku8.net/book/1255.htm","title+author","某僵尸少女的灾难","池端亮","角川文库","已完结/ 已动画化","2013-11-30","139K","奇幻 惊悚 猎奇 战斗 百合","http://img.wenku8.com/image/1/1255/1255s.jpg","天然呆大小姐+楚楚可怜（？）的侍女为了找回遭窃的宝物大开杀戒！？
欧芙洛希妮大小姐…"
"https://raw.githubusercontent.com/ixinzhi/lightnovel-2009to2013/master/怪盗RED - 秋木真 - 20131130.epub",1120,"https://www.wenku8.net/book/1120.htm","title+author","怪盗RED","秋木真","角川文库","连载中","2013-11-30","163K","校园 青春 欢乐向 女性视角","http://img.wenku8.com/image/1/1120/1120s.jpg","春假的某一天，两人的父亲告诉飞鸟和圭：「从明天起，你们就是怪盗RED了９两人的祖先是…"
"https://raw.githubusercontent.com/ixinzhi/lightnovel-2009to2013/master/时之恶魔和三篇物语(时之恶魔与三个物语) - ころみごや - 20131124.epub",1513,"https://www.wenku8.net/book/1513.htm","title_only","时之恶魔和三篇物语(时之恶魔与三个物语)","ころみごや","HJ文库","已完结","2013-11-24","89K","科幻 恋爱","http://img.wenku8.com/image/1/1513/1513s.jpg","「在拉奇回来以前，我绝对不会哭的喔。」
目送许下婚约的拉奇启程前往外界，等待依儿…"
"https://raw.githubusercontent.com/ixinzhi/lightnovel-2009to2013/master/美少女幽灵的恋爱效应 - 壱日千次 - 20131124.epub",1139,"https://www.wenku8.net/book/1139.htm","title+author","美少女幽灵的恋爱效应","壱日千次","MF文库J","已完结","2013-11-24","273K","校园 青春 恋爱 欢乐向 人外","http://img.wenku8.com/image/1/1139/1139s.jpg","萨摩八平被『恋爱喜剧现象』诅咒了——会引发大概会被说「那不是诅咒，是祝福９、稍微…"
"https://raw.githubusercontent.com/ixinzhi/lightnovel-2009to2013/master/星空的记忆AS - なかひろ - 20131118.epub",1520,"https://www.wenku8.net/book/1520.htm","title_only","星空的记忆AS","なかひろ","游戏剧本","已完结","2013-11-18","32K","奇幻 校园 青春 恋爱","http://img.wenku8.com/image/1/1520/1520s.jpg","星空的记忆后日谈，原作是2009年的某GALGAME、当年的黑马……
这本则是C81同人志（但…"
"https://raw.githubusercontent.com/ixinzhi/lightnovel-2009to2013/master/我与她的绝对领域 - 鹰山诚一 - 20131112.epub",1183,"https://www.wenku8.net/book/1183.htm","title+author","我与她的绝对领域","鹰山诚一","HJ文库","已完结","2013-11-12","658K","校园 科幻 欢乐向 后宫 青梅竹马","http://img.wenku8.com/image/1/1183/1183s.jpg","甫升上高中的我所一见钟情的黑发少女──观田明日香学姊竟是被视为「告知绝对无从回避…"
"https://raw.githubusercontent.com/ixinzhi/lightnovel-2009to2013/master/东云侑子系列(东云侑子热爱短篇小说) - 森桥宾果 - 20131112.epub",1447,"https://www.wenku8.net/book/1447.htm","title+author","东云侑子系列(东云侑子热爱短篇小说)","森桥宾果","Fami通文库","已完结","2013-11-12","241K","校园 青春 恋爱","http://img.wenku8.com/image/1/1447/1447s.jpg","「我究竟，想和东云成为何种关系呢......」
对任何事都提不起劲、漠不关心地过着每一…"
"https://raw.githubusercontent.com/ixinzhi/lightnovel-2009to2013/master/少女大神! - 比嘉智康 - 20131110.epub",661,"https://www.wenku8.net/book/661.htm","title+author","少女大神!","比嘉智康","MF文库J","已完结","2013-11-10","643K","奇幻 校园 欢乐向 后宫 人外","http://img.wenku8.com/image/0/661/661s.jpg","深受非人类喜爱的国中男生，要继承衣钵斩妖除魔？
轻小说新人奖优秀奖作品，欢乐开幕…"
"https://raw.githubusercontent.com/ixinzhi/lightnovel-2009to2013/master/SHE MUST DIE 她，唯有一死 - 石川周 - 20131110.epub",1515,"https://www.wenku8.net/book/1515.htm","title+author","SHE MUST DIE 她，唯有一死","石川周","小学馆","已完结","2013-11-10","109K","悬疑 异能 科幻 恋爱 黑暗","http://img.wenku8.com/image/1/1515/1515s.jpg","「矢口，如果人家会毁灭这个世界，你会怎么办？」在超能力普遍存在的世界，一所国中闯…"
"https://raw.githubusercontent.com/ixinzhi/lightnovel-2009to2013/master/境界调停人 - 木下祥 - 20131031.epub",1514,"https://www.wenku8.net/book/1514.htm","title+author","境界调停人","木下祥","其他文库","已完结","2013-10-31","113K","奇幻 冒险 耽美","http://img.wenku8.com/image/1/1514/1514s.jpg","为了见父亲一面，高中生贤斗来到了阿根廷。原本平凡无奇的人生在遇到了美少年八束勋之…"
"https://raw.githubusercontent.com/ixinzhi/lightnovel-2009to2013/master/阿妮丝与爱摆臭脸的魔法使 - 花房牧生 - 20131027.epub",336,"https://www.wenku8.net/book/336.htm","title+author","阿妮丝与爱摆臭脸的魔法使","花房牧生","HJ文库","已完结","2013-10-27","344K","奇幻 冒险 战斗 恋爱","http://img.wenku8.com/image/0/336/336s.jpg","在孤儿院长大的少女阿妮丝，幸运地即将被人收养了，少女一心怀抱着幻想「养父应该是个…"
"https://raw.githubusercontent.com/ixinzhi/lightnovel-2009to2013/master/二四零九层的她 - 西村悠 - 20131025.epub",1416,"https://www.wenku8.net/book/1416.htm","title+author","二四零九层的她","西村悠","电击文库","已完结","2013-10-25","186K","科幻 战斗 旅行 冒险","http://img.wenku8.com/image/1/1416/1416s.jpg","这是一个【塔】形的世界，由无数的阶层相连而成。每个阶层都由神的代理机器安特罗伯修…"
"https://raw.githubusercontent.com/ixinzhi/lightnovel-2009to2013/master/降临于我与她之夜 - 八街步 - 20131023.epub",1023,"https://www.wenku8.net/book/1023.htm","title+author","降临于我与她之夜","八街步","富士见文库","已完结","2013-10-23","953K","校园 魔法 战斗 后宫","http://img.wenku8.com/image/1/1023/1023s.jpg","清梦骑人相貌、成绩、运动各方面都普通得不能再普通，15年间一直扮演着这样一个看上去…"
"https://raw.githubusercontent.com/ixinzhi/lightnovel-2009to2013/master/东京爬树侦探 - 平野肇 - 20131023.epub",1512,"https://www.wenku8.net/book/1512.htm","title+author","东京爬树侦探","平野肇","其他文库","已完结","2013-10-23","130K","悬疑","http://img.wenku8.com/image/1/1512/1512s.jpg","进入森林里之后，以前看不到的景色都能看见了。   
    中里翔平，三十五岁，单身…"
"https://raw.githubusercontent.com/ixinzhi/lightnovel-2009to2013/master/转吧！企鹅罐 - 几原邦彦 - 20130924.epub",1486,"https://www.wenku8.net/book/1486.htm","title+author","转吧！企鹅罐","几原邦彦","其他文库","已完结/ 已动画化","2013-09-24","334K","奇幻 悬疑 妹妹","http://img.wenku8.com/image/1/1486/1486s.jpg","在没有「父母」的家庭里，高仓三兄妹极力维持「家族」的形状，直到措手不及的「死亡」…"
"https://raw.githubusercontent.com/ixinzhi/lightnovel-2009to2013/master/废柴一看就上手的「镰足同学式」受欢迎入门 - 石川博品 - 20130922.epub",1503,"https://www.wenku8.net/book/1503.htm","title+author","废柴一看就上手的「镰足同学式」受欢迎入门","石川博品","Fami通文库","已完结","2013-09-22","110K","校园 青春 恋爱 欢乐向 后宫","http://img.wenku8.com/image/1/1503/1503s.jpg","「中野太一同学，废柴天王，希望你能攻略 曾我野三姊妹哟——换句话说，我们希望你和三…"
"https://raw.githubusercontent.com/ixinzhi/lightnovel-2009to2013/master/英雄传说 零之轨迹 四人的命运 - 田泽大典 - 20130919.epub",1504,"https://www.wenku8.net/book/1504.htm","title+author","英雄传说 零之轨迹 四人的命运","田泽大典","其他文库","已完结","2013-09-19","98K","奇幻 战斗 冒险 后宫","http://img.wenku8.com/image/1/1504/1504s.jpg","超人气《英雄传说零之轨迹》《英雄传说碧之轨迹》]日本Falcom官方外传小说登场！
笼罩…"
"https://raw.githubusercontent.com/ixinzhi/lightnovel-2009to2013/master/掬光 - 桥本纺 - 20130913.epub",1502,"https://www.wenku8.net/book/1502.htm","title+author","掬光","桥本纺","其他文库","已完结","2013-09-13","87K","治愈","http://img.wenku8.com/image/1/1502/1502s.jpg","智子为了专心治疗恐惧障碍而辞去了工作，和悠闲度过整日的小哲一起开始了远离市中心的…"
"https://raw.githubusercontent.com/ixinzhi/lightnovel-2009to2013/master/妖怪连络簿(夏目友人帐) - 村井贞之 - 20130911.epub",1498,"https://www.wenku8.net/book/1498.htm","title+author","妖怪连络簿(夏目友人帐)","村井贞之","其他文库","已完结/ 已动画化","2013-09-11","66K","奇幻 治愈","http://img.wenku8.com/image/1/1498/1498s.jpg","骨董店老板留下了一封奇妙的信。夏目一进到那家店，就听到妖怪的声音!?吹笛的妖怪与操…"
"https://raw.githubusercontent.com/ixinzhi/lightnovel-2009to2013/master/虐待狂刑警 蝴蝶效应杀人事件 - 七尾与史 - 20130909.epub",1495,"https://www.wenku8.net/book/1495.htm","title+author","虐待狂刑警 蝴蝶效应杀人事件","七尾与史","其他文库","已完结","2013-09-09","153K","悬疑 猎奇 大小姐","http://img.wenku8.com/image/1/1495/1495s.jpg","「话说，被害人有『几分熟』呀──？」
在静冈县滨松市，连续发生了数起将人活活烧死…"
"https://raw.githubusercontent.com/ixinzhi/lightnovel-2009to2013/master/Story Seller 故事贩卖者 - 有川浩 - 20130904.epub",1492,"https://www.wenku8.net/book/1492.htm","title+author","Story Seller 故事贩卖者","有川浩","其他文库","已完结","2013-09-04","80K","恋爱","http://img.wenku8.com/image/1/1492/1492s.jpg","说故事的人和听故事的人之间拥有最纯真、最深挚的关系──一方沉醉地诉说；一方殷殷倾…"
"https://raw.githubusercontent.com/ixinzhi/lightnovel-2009to2013/master/烙印纹章 - 杉原智则 - 20130904.epub",645,"https://www.wenku8.net/book/645.htm","title+author","烙印纹章","杉原智则","电击文库","已完结","2013-09-04","1422K","奇幻 战争 冒险 恋爱","http://img.wenku8.com/image/0/645/645s.jpg","这是一个曾被拥有高度智慧的龙所支配，利用魔素支撑着文明的世界。
十年内，不断进行…"
"https://raw.githubusercontent.com/ixinzhi/lightnovel-2009to2013/master/护树骑士团传奇 - 水月郁见 - 20130904.epub",1126,"https://www.wenku8.net/book/1126.htm","title+author","护树骑士团传奇","水月郁见","其他文库","连载中","2013-09-04","746K","奇幻 战争 机战","http://img.wenku8.com/image/1/1126/1126s.jpg","这是一段在地方上流传数千年、难以查证的黑暗历史——
掌权者为了追捕具有「某种血统…"
"https://raw.githubusercontent.com/ixinzhi/lightnovel-2009to2013/master/夏海纱音与不可思议的世界 - 直江ヒロト - 20130831.epub",906,"https://www.wenku8.net/book/906.htm","title+author","夏海纱音与不可思议的世界","直江ヒロト","富士见文库","已完结","2013-08-31","209K","奇幻 冒险 旅行 恋爱 人外","http://img.wenku8.com/image/0/906/906s.jpg","刻意疏远人际关系且对生活感到绝望的中学生凪沙悠马，某日在快要迟到的上学途中，邂逅…"
"https://raw.githubusercontent.com/ixinzhi/lightnovel-2009to2013/master/未来都市NO.6 - 浅野敦子 - 20130824.epub",996,"https://www.wenku8.net/book/996.htm","title+author","未来都市NO.6","浅野敦子","讲谈社","已完结/ 已动画化","2013-08-24","575K","科幻 青春 冒险 耽美","http://img.wenku8.com/image/0/996/996s.jpg","『你叫做……老鼠？你从哪里来的？』
『我来自……这个都市最阴暗湿滑的角落……』
…"
"https://raw.githubusercontent.com/ixinzhi/lightnovel-2009to2013/master/茉建寺埃莉诺的非主流科学研究室 - 榊一郎 - 20130824.epub",1483,"https://www.wenku8.net/book/1483.htm","title+author","茉建寺埃莉诺的非主流科学研究室","榊一郎","Fami通文库","连载中","2013-08-24","85K","校园 科幻 青春 欢乐向 后宫","http://img.wenku8.com/image/1/1483/1483s.jpg","太宰驱流正在奔跑。转校第一天，顶着一头乱发衔着吐司奔跑着。而在抄近道后抵达的校舍…"
"https://raw.githubusercontent.com/ixinzhi/lightnovel-2009to2013/master/尼特族吸血鬼·江藤(NEET吸血鬼，江藤小姐) - 铃木大辅 - 20130823.epub",1118,"https://www.wenku8.net/book/1118.htm","title+author","尼特族吸血鬼·江藤(NEET吸血鬼，江藤小姐)","铃木大辅","富士见文库","已完结","2013-08-23","158K","青春 恋爱 欢乐向 青梅竹马 人外","http://img.wenku8.com/image/1/1118/1118s.jpg","我家养了许多动物。它们大都是我宇堂龙之介在不忍心之下捡回家里饲养的。只要每天悉心…"
"https://raw.githubusercontent.com/ixinzhi/lightnovel-2009to2013/master/哀川润的失败 - 西尾维新 - 20130817.epub",1479,"https://www.wenku8.net/book/1479.htm","title+author","最强系列(哀川润的失败)","西尾维新","讲谈社","连载中","2025-05-17","299K","冒险 战斗 恋爱 女性视角","http://img.wenku8.com/image/1/1479/1479s.jpg","孤傲之赤，哀川润。
她的『现在』即将揭晓。《最强》系列，开幕！
「啊啊，真无聊。…"
"https://raw.githubusercontent.com/ixinzhi/lightnovel-2009to2013/master/终焉世界的天灾姬 - 三之神龙司 - 20130817.epub",1478,"https://www.wenku8.net/book/1478.htm","title+author","终焉世界的天灾姬","三之神龙司","角川文库","连载中","2013-08-17","85K","奇幻 异能 战斗 后宫 青梅竹马 妹妹","http://img.wenku8.com/image/1/1478/1478s.jpg","这个世界在异形种“祸兽（Fantasma）”的侵略下，曾一度毁灭。立志成为讨伐祸兽的“阴…"
"https://raw.githubusercontent.com/ixinzhi/lightnovel-2009to2013/master/尼特狮子红圣女 - 八剃玉造 - 20130813.epub",1379,"https://www.wenku8.net/book/1379.htm","title+author","尼特狮子红圣女","八剃玉造","集英社","连载中","2013-08-13","308K","奇幻 战斗 冒险 恋爱","http://img.wenku8.com/image/1/1379/1379s.jpg","遭受了被称为祸龙战争的的大动乱的嘉路达正统帝国。战事结束后，国家回复到和平的时候…"
"https://raw.githubusercontent.com/ixinzhi/lightnovel-2009to2013/master/我家会长是个坏坏虎斑猫 - 空野一树 - 20130811.epub",1319,"https://www.wenku8.net/book/1319.htm","title+author","我家会长是个坏坏虎斑猫","空野一树","HJ文库","连载中","2013-08-11","193K","校园 青春 欢乐向 后宫 青梅竹马","http://img.wenku8.com/image/1/1319/1319s.jpg","自诩为《天才》的高中生──郡武人，他的愿望是加入《学生会》，成为掌控超巨大学园的…"
"https://raw.githubusercontent.com/ixinzhi/lightnovel-2009to2013/master/武士之血 - 松时之介 - 20130808.epub",1474,"https://www.wenku8.net/book/1474.htm","title+author","武士之血","松时之介","HJ文库","连载中","2013-08-08","88K","奇幻 战斗 恋爱 伪娘","http://img.wenku8.com/image/1/1474/1474s.jpg","战国风云儿·织田信长借阴阳道之力统一天下，至今已超过三百多年。
在长治久安的太平…"
"https://raw.githubusercontent.com/ixinzhi/lightnovel-2009to2013/master/九个故事 - 桥本纺 - 20130806.epub",1472,"https://www.wenku8.net/book/1472.htm","title+author","九个故事","桥本纺","集英社","已完结","2013-08-06","112K","青春 妹妹 女性视角","http://img.wenku8.com/image/1/1472/1472s.jpg","许久不见的哥哥突然出现在了成为大学生的雪名面前，虽然对最喜欢女性与料理与书本，举…"
"https://raw.githubusercontent.com/ixinzhi/lightnovel-2009to2013/master/塔京灵魂术士 - 爱染猫太郎 - 20130805.epub",1469,"https://www.wenku8.net/book/1469.htm","title+author","塔京灵魂术士","爱染猫太郎","电击文库","连载中","2013-08-05","140K","校园 魔法 战斗 后宫 人外","http://img.wenku8.com/image/1/1469/1469s.jpg","骑在铁之扫帚上的魔女滑翔在夜空之中。这里是《塔京》。灵魂术士们（soul wizards）聚…"
"https://raw.githubusercontent.com/ixinzhi/lightnovel-2009to2013/master/冠绝姬王与召唤骑士 - 宫泽周 - 20130805.epub",1470,"https://www.wenku8.net/book/1470.htm","title+author","冠绝姬王与召唤骑士","宫泽周","富士见文库","连载中","2013-08-05","94K","校园 奇幻 战斗 后宫 青梅竹马","http://img.wenku8.com/image/1/1470/1470s.jpg","十年一次，拥有统治世界力量的十三个王家中的公主，冠绝姬王的战斗－－冠姬圣战。
追…"
"https://raw.githubusercontent.com/ixinzhi/lightnovel-2009to2013/master/空罐少女 - 蓝上陆 - 20130730.epub",119,"https://www.wenku8.net/book/119.htm","title+author","空罐少女","蓝上陆","集英社","已完结/ 已动画化","2013-07-30","1076K","校园 战斗 欢乐向 后宫 青梅竹马 人外","http://img.wenku8.com/image/0/119/119s.jpg","初吻有如哈密瓜汽水的味道!?某天，大地翔正想喝个罐装饮料时，面前忽然出现一位女孩子…"
"https://raw.githubusercontent.com/ixinzhi/lightnovel-2009to2013/master/我心之剑 - 十文字青 - 20130726.epub",713,"https://www.wenku8.net/book/713.htm","title+author","我心之剑","十文字青","MF文库J","已完结","2013-07-26","481K","奇幻 冒险 战斗 恋爱","http://img.wenku8.com/image/0/713/713s.jpg","在一个将女巫视为异端的时代，少年列列与少女友友一同离开故乡，展开未知的旅程。「不…"
"https://raw.githubusercontent.com/ixinzhi/lightnovel-2009to2013/master/仆仆仙人 千岁少女 - 仁木英之 - 20130724.epub",1460,"https://www.wenku8.net/book/1460.htm","title+author","仆仆仙人 千岁少女","仁木英之","其他文库","已完结","2013-07-24","125K","奇幻 旅行 冒险","http://img.wenku8.com/image/1/1460/1460s.jpg","一日，神仙降临在我眼前。却是个辛辣又大胆的千岁……美少女？！
游手好闲、对凡事都…"
"https://raw.githubusercontent.com/ixinzhi/lightnovel-2009to2013/master/Mix！误打误撞成了体操少女 - 岩佐护 - 20130720.epub",1308,"https://www.wenku8.net/book/1308.htm","title+author","Mix！误打误撞成了体操少女","岩佐护","角川文库","已完结","2013-07-20","467K","校园 竞技 欢乐向 后宫 伪娘","http://img.wenku8.com/image/1/1308/1308s.jpg","被初恋的女生以「不够男子气概」为由甩掉的诚访兰丸，竟误打误撞地闯入女子韵律体操社…"
"https://raw.githubusercontent.com/ixinzhi/lightnovel-2009to2013/master/梦魔少年！ - 三门铁狼 - 20130719.epub",1250,"https://www.wenku8.net/book/1250.htm","title+author","梦魔少年！","三门铁狼","MF文库J","已完结","2013-07-19","223K","校园 奇幻 欢乐向 后宫 妹妹 性转","http://img.wenku8.com/image/1/1250/1250s.jpg","奏真琴（♂）是个高中二年级生，由于被男生告白的恶梦经验使他内心留下创伤，决心要变…"
"https://raw.githubusercontent.com/ixinzhi/lightnovel-2009to2013/master/始皇帝重建秦于日本！ - 田辺わさび - 20130717.epub",1422,"https://www.wenku8.net/book/1422.htm","title+author","始皇帝重建秦于日本！","田辺わさび","集英社","已完结","2013-07-17","80K","欢乐向 后宫 青梅竹马","http://img.wenku8.com/image/1/1422/1422s.jpg","秦始皇——历史上首位将神州大地推向统一的伟大人物。但是，我们对他的了解却少之又少…"
"https://raw.githubusercontent.com/ixinzhi/lightnovel-2009to2013/master/齐藤爱丽丝是有害的 - 中维 - 20130715.epub",1374,"https://www.wenku8.net/book/1374.htm","title+author","齐藤爱丽丝是有害的","中维","电击文库","已完结","2013-07-15","191K","校园 青春 恋爱 后宫","http://img.wenku8.com/image/1/1374/1374s.jpg","齐藤爱丽丝。有些骨感，非常可爱，乍看之下是一名美少女。……可她正是人类中唯一一个…"
"https://raw.githubusercontent.com/ixinzhi/lightnovel-2009to2013/master/魔法人力派遣公司(出租魔法使) - 三田诚 - 20130708.epub",96,"https://www.wenku8.net/book/96.htm","title+author","魔法人力派遣公司(出租魔法使)","三田诚","角川文库","已完结/ 已动画化","2013-07-08","2126K","校园 奇幻 魔法 冒险 欢乐向 后宫","http://img.wenku8.com/image/0/96/96s.jpg","“魔法使派遣公司阿斯特拉尔、提供能满足您所需求的魔法使”——没有任何才能的高中生…"
"https://raw.githubusercontent.com/ixinzhi/lightnovel-2009to2013/master/家庭游戏 - 筑地俊彦 - 20130708.epub",1150,"https://www.wenku8.net/book/1150.htm","title+author","家庭游戏","筑地俊彦","Fami通文库","已完结","2013-07-08","200K","青春 恋爱 欢乐向 后宫 妹妹","http://img.wenku8.com/image/1/1150/1150s.jpg","深栖仲仁刚进高中不久，就因为父亲工作的关系，突然要搬家暂时一个人生活。没想到才打…"
"https://raw.githubusercontent.com/ixinzhi/lightnovel-2009to2013/master/现充王！ - 若樱拓海 - 20130705.epub",1437,"https://www.wenku8.net/book/1437.htm","title+author","现充王！","若樱拓海","HJ文库","连载中","2013-07-05","175K","校园 青春 欢乐向 后宫 大小姐","http://img.wenku8.com/image/1/1437/1437s.jpg","「御门帝人」深深相信自己终有一天会成为「王」，是个天赋异禀却令人惋惜的高中生。他…"
"https://raw.githubusercontent.com/ixinzhi/lightnovel-2009to2013/master/付丧神古道具店 - 小松艾梅儿 - 20130702.epub",1450,"https://www.wenku8.net/book/1450.htm","title+author","付丧神古道具店","小松艾梅儿","其他文库","已完结","2013-07-02","226K","奇幻","http://img.wenku8.com/image/1/1450/1450s.jpg","浅草的百年古道具店荻之屋里住着一群付丧神，与一位貌似阎王的店主喜藏。
他们吵架斗…"
"https://raw.githubusercontent.com/ixinzhi/lightnovel-2009to2013/master/小彩乃的神谕 - 桥本纺 - 20130701.epub",1453,"https://www.wenku8.net/book/1453.htm","title+author","小彩乃的神谕","桥本纺","讲谈社","已完结","2013-07-01","63K","奇幻 治愈","http://img.wenku8.com/image/1/1453/1453s.jpg","明天，一定会有好事发生吧
这是由仅仅是小学生就当上教主大人的小彩乃所引发的三个奇…"
"https://raw.githubusercontent.com/ixinzhi/lightnovel-2009to2013/master/恋上不死之男的少女 - 空野一树 - 20130619.epub",110,"https://www.wenku8.net/book/110.htm","title+author","恋上不死之男的少女","空野一树","HJ文库","连载中","2013-06-19","416K","校园 异能 青春 恋爱 欢乐向","http://img.wenku8.com/image/0/110/110s.jpg","看起来只是个普通高中生的主角·乃出狗斗，却拥有一种特别的能力——他是个「不死身」…"
"https://raw.githubusercontent.com/ixinzhi/lightnovel-2009to2013/master/妄想乔娜 - 西村悠 - 20130617.epub",1443,"https://www.wenku8.net/book/1443.htm","title+author","妄想乔娜","西村悠","电击文库","已完结","2013-06-17","94K","奇幻 青春 恋爱 脑洞","http://img.wenku8.com/image/1/1443/1443s.jpg","大学刚入学的那年春天，处于恋爱中的我毫无疑问是幸福的。直到我意识到我所憧憬的她只…"
"https://raw.githubusercontent.com/ixinzhi/lightnovel-2009to2013/master/月见月理解的侦探杀人 - 明月千里 - 20130617.epub",1080,"https://www.wenku8.net/book/1080.htm","title+author","月见月理解的侦探杀人","明月千里","GA文库","已完结","2013-06-17","642K","校园 悬疑 游戏 后宫 青梅竹马 妹妹","http://img.wenku8.com/image/1/1080/1080s.jpg","「怎么啦，一脸阴沉的表情。要不要我再亲你一下啊？」
「你就是让我郁闷的元凶蔼—９…"
"https://raw.githubusercontent.com/ixinzhi/lightnovel-2009to2013/master/乱☆恋 我有16个未婚妻！？ - 舞阪洸 - 20130610.epub",1019,"https://www.wenku8.net/book/1019.htm","title+author","乱☆恋 我有16个未婚妻！？","舞阪洸","富士见文库","连载中","2013-06-10","106K","奇幻 战斗 欢乐向 后宫","http://img.wenku8.com/image/1/1019/1019s.jpg","“你能去会一会你的未婚妻们吗……共16个人１“什，什么１
步入17岁那天，莉迪亚王国…"
"https://raw.githubusercontent.com/ixinzhi/lightnovel-2009to2013/master/我真的是笨蛋吗？ - 水木茂 - 20130608.epub",1440,"https://www.wenku8.net/book/1440.htm","title+author","我真的是笨蛋吗？","水木茂","其他文库","已完结","2013-06-08","67K","青春 宅文化 脑洞","http://img.wenku8.com/image/1/1440/1440s.jpg","鬼太郎的傻人傻福出头天
我真的是笨蛋吗？
一无是处的蠢才，也可能成为鬼才！
「鬼…"
"https://raw.githubusercontent.com/ixinzhi/lightnovel-2009to2013/master/我被姨妈整成妹了！ - 水内灯里 - 20130605.epub",1438,"https://www.wenku8.net/book/1438.htm","title+author","我被姨妈整成妹了！","水内灯里","一迅社","已完结","2013-06-05","56K","校园 欢乐向 伪娘 后宫 大小姐","http://img.wenku8.com/image/1/1438/1438s.jpg","晚熟少年·有马要转入了一所历史悠久的名门大小姐学校！虽然要十分适合女装，没被任何…"
"https://raw.githubusercontent.com/ixinzhi/lightnovel-2009to2013/master/雨天的艾莉丝 - 松山刚 - 20130604.epub",1104,"https://www.wenku8.net/book/1104.htm","title+author","雨天的艾莉丝","松山刚","电击文库","已完结","2013-06-04","109K","科幻 人外","http://img.wenku8.com/image/1/1104/1104s.jpg","这里躺著一具机器人的残海
它的左手从肩膀起荡然无存，仅剩的右手也折往乖戾的方向。撕…"
"https://raw.githubusercontent.com/ixinzhi/lightnovel-2009to2013/master/推理要在晚餐后 - 东川笃哉 - 20130602.epub",1085,"https://www.wenku8.net/book/1085.htm","title+author","推理要在晚餐后","东川笃哉","其他文库","已完结/ 已动画化","2013-06-02","391K","悬疑 欢乐向 恋爱 大小姐","http://img.wenku8.com/image/1/1085/1085s.jpg","「请恕我失礼，难不成大小姐您的眼睛是瞎了吗？」
无论是多么悲惨的杀人事件，也要优…"
"https://raw.githubusercontent.com/ixinzhi/lightnovel-2009to2013/master/小春原日和的育成日记 - 五十岚雄策 - 20130602.epub",687,"https://www.wenku8.net/book/687.htm","title+author","小春原日和的育成日记","五十岚雄策","电击文库","已完结","2013-06-02","440K","校园 青春 恋爱 欢乐向 妹妹","http://img.wenku8.com/image/0/687/687s.jpg","「请……请大哥哥将我培育成……『成熟的女性』……９
小春原日和（14岁，国中三年级…"
"https://raw.githubusercontent.com/ixinzhi/lightnovel-2009to2013/master/我想吃饭！～什么都会做的～ - 天乃圣树 - 20130531.epub",1436,"https://www.wenku8.net/book/1436.htm","title+author","我想吃饭！～什么都会做的～","天乃圣树","GA文库","已完结","2013-05-31","96K","校园 青春 欢乐向 后宫 人外","http://img.wenku8.com/image/1/1436/1436s.jpg","「饭、请给我……饭」，自称「司掌命运的穷神」，而又饱受饥饿之苦的少女·小雨，「我…"
"https://raw.githubusercontent.com/ixinzhi/lightnovel-2009to2013/master/轮环的魔导师 - 渡濑草一郎 - 20130527.epub",1078,"https://www.wenku8.net/book/1078.htm","title+author","轮环的魔导师","渡濑草一郎","电击文库","已完结","2013-05-27","1159K","奇幻 战斗 冒险 旅行 恋爱","http://img.wenku8.com/image/1/1078/1078s.jpg","众神为这个世界留下祝福之后便离开了。
见习药师赛罗居住在边境之地米斯特哈温德。他…"
"https://raw.githubusercontent.com/ixinzhi/lightnovel-2009to2013/master/彼岸花绽放之夜 - 龙骑士07 - 20130525.epub",1432,"https://www.wenku8.net/book/1432.htm","title+author","彼岸花绽放之夜","龙骑士07","富士见文库","已完结","2013-05-25","121K","校园 奇幻 悬疑 惊悚 黑暗","http://img.wenku8.com/image/1/1432/1432s.jpg","「……爱哭鬼明明就是我……」
对于屡遭班导师凌虐一事感到身心俱疲的球枝，伤心地嘀…"
"https://raw.githubusercontent.com/ixinzhi/lightnovel-2009to2013/master/世界末日女子学园 - 糸绪思惟 - 20130523.epub",1298,"https://www.wenku8.net/book/1298.htm","title+author","世界末日女子学园","糸绪思惟","一迅社","已完结","2013-05-23","145K","校园 奇幻 异能 欢乐向 后宫","http://img.wenku8.com/image/1/1298/1298s.jpg","我的名字是香见园玲旺。
虽然是个国中三年级的学生，现在却意外变成别人的老师了。
…"
"https://raw.githubusercontent.com/ixinzhi/lightnovel-2009to2013/master/T、内裤、好运到 - 本村大志 - 20130520.epub",1329,"https://www.wenku8.net/book/1329.htm","title+author","T、内裤、好运到","本村大志","MF文库J","连载中","2013-05-20","188K","校园 欢乐向 后宫 青梅竹马 妹妹","http://img.wenku8.com/image/1/1329/1329s.jpg","「头部融合玩法我可是从来都没有听说过碍…」
真的有这种玩法还得了啊？
「——的确…"
"https://raw.githubusercontent.com/ixinzhi/lightnovel-2009to2013/master/4月，那是—— - 合作 - 20130519.epub",1430,"https://www.wenku8.net/book/1430.htm","title+author","4月，那是——","合作","电击文库","已完结","2013-05-19","102K","青春 恋爱 奇幻","http://img.wenku8.com/image/1/1430/1430s.jpg","本文是09年电击杂志附送的书籍。是以四月为题，让各个画师和作家自由发挥，来进行绘画…"
"https://raw.githubusercontent.com/ixinzhi/lightnovel-2009to2013/master/反文字的数秘术师(不屈于数的数秘术师) - 兔月山羊 - 20130518.epub",1353,"https://www.wenku8.net/book/1353.htm","title+author","反文字的数秘术师(不屈于数的数秘术师)","兔月山羊","电击文库","已完结","2013-05-18","526K","校园 异能 战斗 后宫 妹妹","http://img.wenku8.com/image/1/1353/1353s.jpg","「人在δt的狭缝中出生，然后死去。从公寓落下的梦幻般的少女。在她的背上，一瞬间好像…"
"https://raw.githubusercontent.com/ixinzhi/lightnovel-2009to2013/master/月色之扉 - 桥本纺 - 20130517.epub",1428,"https://www.wenku8.net/book/1428.htm","title+author","月色之扉","桥本纺","角川文库","已完结","2013-05-17","62K","青春 恋爱 黑暗 女性视角","http://img.wenku8.com/image/1/1428/1428s.jpg","倘若月亮如灯一样可以被点亮，只是稍微将世界改变一点的那样的开关存在的话——夏天，…"
"https://raw.githubusercontent.com/ixinzhi/lightnovel-2009to2013/master/祝百之喜事务所 - 茅田砂胡 - 20130514.epub",1287,"https://www.wenku8.net/book/1287.htm","title+author","祝百之喜事务所","茅田砂胡","其他文库","连载中","2013-05-14","290K","悬疑","http://img.wenku8.com/image/1/1287/1287s.jpg","没有干劲没有毅力没有能力的事务所所长，接受了有凶器有指纹有目击者也有动机唯独没有…"
"https://raw.githubusercontent.com/ixinzhi/lightnovel-2009to2013/master/割耳奈露莉 - 石川博品 - 20130513.epub",1370,"https://www.wenku8.net/book/1370.htm","title+author","割耳奈露莉","石川博品","Fami通文库","已完结","2013-05-13","342K","校园 欢乐向 后宫","http://img.wenku8.com/image/1/1370/1370s.jpg","我是雷治，从今年开始（靠关系走后门）进入传说中的贵族学校「八高」就读。原本想在植…"
"https://raw.githubusercontent.com/ixinzhi/lightnovel-2009to2013/master/魅惑王冠 - 雪野静 - 20130511.epub",1426,"https://www.wenku8.net/book/1426.htm","title+author","魅惑王冠","雪野静","集英社","连载中","2013-05-11","82K","校园 奇幻 战斗 后宫 青梅竹马","http://img.wenku8.com/image/1/1426/1426s.jpg","选定者。那是身体里寄宿着坠落于这个世界的神或恶魔、并行使其力量的人。高中生明人在…"
"https://raw.githubusercontent.com/ixinzhi/lightnovel-2009to2013/master/背叛少女 - 川崎中 - 20130502.epub",1389,"https://www.wenku8.net/book/1389.htm","title+author","背叛少女","川崎中","角川文库","连载中","2013-05-02","69K","校园 异能 欢乐向 后宫 妹妹","http://img.wenku8.com/image/1/1389/1389s.jpg","普通的高中生小早川真春在交通事故现场遇到了濒死的少女。「这个人已经救不活了」真春…"
"https://raw.githubusercontent.com/ixinzhi/lightnovel-2009to2013/master/伏 赝作.里见八犬传 - 樱庭一树 - 20130430.epub",1418,"https://www.wenku8.net/book/1418.htm","title+author","伏 赝作.里见八犬传","樱庭一树","其他文库","已完结","2013-04-30","138K","奇幻","http://img.wenku8.com/image/1/1418/1418s.jpg","一群被称之为「伏」的歹徒，频频在江户犯下凶恶的罪行。年纪虽小手腕却十分高超的少女…"
"https://raw.githubusercontent.com/ixinzhi/lightnovel-2009to2013/master/妹妹监护人 - 月见草平 - 20130426.epub",1180,"https://www.wenku8.net/book/1180.htm","title+author","妹妹监护人","月见草平","MF文库J","连载中","2013-04-26","172K","校园 青春 欢乐向 后宫 妹妹","http://img.wenku8.com/image/1/1180/1180s.jpg","我、天乃翔太是理科型。属于不管什么东西都会从科学角度考虑的超级理论派。这样的我现…"
"https://raw.githubusercontent.com/ixinzhi/lightnovel-2009to2013/master/燃烧世界的女孩 - 恩田陆 - 20130425.epub",1412,"https://www.wenku8.net/book/1412.htm","title+author","燃烧世界的女孩","恩田陆","其他文库","已完结","2013-04-25","109K","科幻 悬疑 冒险","http://img.wenku8.com/image/1/1412/1412s.jpg","拥有强大力量，是否还能被称为人类？
与众不同是诅咒，还是祝福？
她是烈焰使者，一…"
"https://raw.githubusercontent.com/ixinzhi/lightnovel-2009to2013/master/死者的学园祭 - 赤川次郎 - 20130425.epub",1413,"https://www.wenku8.net/book/1413.htm","title+author","死者的学园祭","赤川次郎","角川文库","已完结","2013-04-25","89K","校园 悬疑 惊悚","http://img.wenku8.com/image/1/1413/1413s.jpg","喜好推理的真知子转学到位于东京的一所绿意盎然的高中就读，没想到在同班同学身上竟接…"
"https://raw.githubusercontent.com/ixinzhi/lightnovel-2009to2013/master/他与食人者的日常 - 火海坂猫 - 20130425.epub",1145,"https://www.wenku8.net/book/1145.htm","title+author","他与食人者的日常","火海坂猫","GA文库","已完结","2013-04-25","312K","校园 奇幻 后宫 青梅竹马 人外","http://img.wenku8.com/image/1/1145/1145s.jpg","「初次见面。我是大神黑衣。」
突然转学而来的美少女，是高中生神咲十夜的“自称婚约…"
"https://raw.githubusercontent.com/ixinzhi/lightnovel-2009to2013/master/性冲动猎人RIOT(内裤猎人) - 筑地俊彦 - 20130418.epub",1236,"https://www.wenku8.net/book/1236.htm","title+author","性冲动猎人RIOT(内裤猎人)","筑地俊彦","讲谈社","连载中","2013-04-18","267K","校园 奇幻 战斗 欢乐向 后宫 青梅竹马","http://img.wenku8.com/image/1/1236/1236s.jpg","陆曜一曾是位优秀的猎人，专门狩猎来自梦境、危害人类的魔物「虚梦」，甚至曾一度打倒…"
"https://raw.githubusercontent.com/ixinzhi/lightnovel-2009to2013/master/只不过是、想要个妹妹而已。 - 水无濑さんご - 20130418.epub",1407,"https://www.wenku8.net/book/1407.htm","title+author","只不过是、想要个妹妹而已。","水无濑さんご","一迅社","连载中","2013-04-18","69K","校园 奇幻 欢乐向 妹妹 青梅竹马","http://img.wenku8.com/image/1/1407/1407s.jpg","明明喜欢所有种类的妹妹却没真实妹妹的我、二宫翔。
就在我将这份在心中的炽热的想念…"
"https://raw.githubusercontent.com/ixinzhi/lightnovel-2009to2013/master/死神少女·镜 - 魁 - 20130417.epub",961,"https://www.wenku8.net/book/961.htm","title+author","死神少女·镜","魁","一迅社","已完结","2013-04-17","577K","校园 奇幻 欢乐向 后宫 妹妹 人外","http://img.wenku8.com/image/0/961/961s.jpg","「幸会，我是死神。我来守护您了。」──笹仓恭也是众人公认的「DIE HARD」高中生，经…"
"https://raw.githubusercontent.com/ixinzhi/lightnovel-2009to2013/master/JOJO’S BIZARRE ADVENTURE OVER HEAVEN - 西尾维新 - 20130415.epub",1397,"https://www.wenku8.net/book/1397.htm","title+author","JOJO’S BIZARRE ADVENTURE OVER HEAVEN","西尾维新","集英社","已完结","2013-04-15","82K","奇幻","http://img.wenku8.com/image/1/1397/1397s.jpg","一本被烧毁的秘密私人笔记，揭橥恶人救世主DIO与乔斯达家横跨百年的因缘纠葛。从悲惨的…"
"https://raw.githubusercontent.com/ixinzhi/lightnovel-2009to2013/master/空色感染爆发 - 本田诚 - 20130415.epub",1084,"https://www.wenku8.net/book/1084.htm","title+author","空色感染爆发","本田诚","Fami通文库","已完结","2013-04-15","499K","校园 奇幻 青春 欢乐向 后宫","http://img.wenku8.com/image/1/1084/1084s.jpg","「找到你了，贾斯提斯之敌！９「……哈？」高中入学考试的早上，我与那位少女在车站的…"
"https://raw.githubusercontent.com/ixinzhi/lightnovel-2009to2013/master/给锹形虫一记手刀结果穿越时空了 - タカハシ ヨウ - 20130415.epub",1390,"https://www.wenku8.net/book/1390.htm","title_only","给锹形虫一记手刀结果穿越时空了","タカハシヨウ","讲谈社","已完结","2013-04-15","65K","音乐 科幻 穿越 女性视角","http://img.wenku8.com/image/1/1390/1390s.jpg","天空的颜色毫无生气，违反物理法则的奇怪建筑物。
在陌生的街道中，回过神来，我淡路…"
"https://raw.githubusercontent.com/ixinzhi/lightnovel-2009to2013/master/超魔人 ALPHAS ZETMAN ANOTHER STORY - 古桥秀之 - 20130414.epub",1408,"https://www.wenku8.net/book/1408.htm","title+author","超魔人 ALPHAS ZETMAN ANOTHER STORY","古桥秀之","集英社","已完结/ 已动画化","2013-04-14","71K","科幻 战斗 恋爱","http://img.wenku8.com/image/1/1408/1408s.jpg","Alphas Project──是天城高雅意图以最先端的技术，将自幼所憧憬的幻想英雄具现化所拟…"
"https://raw.githubusercontent.com/ixinzhi/lightnovel-2009to2013/master/GIVE UP!(giveUP!) - 上栖缀人 - 20130413.epub",914,"https://www.wenku8.net/book/914.htm","title+author","GIVE UP!(giveUP!)","上栖缀人","HJ文库","已完结","2013-04-13","268K","校园 欢乐向 后宫","http://img.wenku8.com/image/0/914/914s.jpg","高中入学典礼当天，男主角结槻未佑不小心在保健室看到了斗神璃亚更衣。拥有傲人美貌以…"
"https://raw.githubusercontent.com/ixinzhi/lightnovel-2009to2013/master/要帮忙也不找我家的猫 - 水无濑さんご - 20130412.epub",1406,"https://www.wenku8.net/book/1406.htm","title+author","要帮忙也不找我家的猫","水无濑さんご","一迅社","已完结","2013-04-12","67K","校园 欢乐向 后宫 人外 青梅竹马","http://img.wenku8.com/image/1/1406/1406s.jpg","暑假将至的一个下雨天，良介把一只被人抛弃的猫带了回家。他用毛巾给猫擦干了身体，并…"
"https://raw.githubusercontent.com/ixinzhi/lightnovel-2009to2013/master/钢铁之翼(钢之羽) - 虚渊玄 - 20130412.epub",1262,"https://www.wenku8.net/book/1262.htm","title+author","钢铁之翼(钢之羽)","虚渊玄","小学馆","已完结","2013-04-12","153K","奇幻 战斗 冒险","http://img.wenku8.com/image/1/1262/1262s.jpg","鬼才脚本家、作家──「爱的战士」虚渊玄，融合科幻与奇幻的完全原创小说系列！
卡尔…"
"https://raw.githubusercontent.com/ixinzhi/lightnovel-2009to2013/master/全缉毒狂潮 - 贺东招二 - 20130411.epub",827,"https://www.wenku8.net/book/827.htm","title+author","COP CRAFT(全缉毒狂潮)","贺东招二","小学馆","连载中/ 已动画化","2020-08-08","508K","奇幻 冒险 悬疑 战斗 恋爱","http://img.wenku8.com/image/0/827/827s.jpg","十五年前，太平洋上赫然出现了一个连接异世界的大门。对面的世界——塞玛尼世界拥有着…"
"https://raw.githubusercontent.com/ixinzhi/lightnovel-2009to2013/master/守护猫娘绯鞠 - みかづき红月 - 20130411.epub",1318,"https://www.wenku8.net/book/1318.htm","title+author","守护猫娘绯鞠","みかづき红月","富士见文库","连载中/ 已动画化","2013-04-11","131K","校园 欢乐向 后宫 青梅竹马 人外","http://img.wenku8.com/image/1/1318/1318s.jpg","对猫过敏却又被猫妖保护着性命的普通高中生·天河优人。绯鞠出现后的第一个暑假。今天…"
"https://raw.githubusercontent.com/ixinzhi/lightnovel-2009to2013/master/味噌养成魔法使 - 澄守彩 - 20130410.epub",1354,"https://www.wenku8.net/book/1354.htm","title+author","味噌养成魔法使","澄守彩","讲谈社","连载中","2013-04-10","182K","校园 魔法 战斗 后宫 大小姐","http://img.wenku8.com/image/1/1354/1354s.jpg","想成为正义的魔法少女？那就乖乖吃味噌！
人类发现「魔法」这股不可思议的力量后，已…"
"https://raw.githubusercontent.com/ixinzhi/lightnovel-2009to2013/master/乃木坂春香的秘密 - 五十岚雄策 - 20130409.epub",90,"https://www.wenku8.net/book/90.htm","title+author","乃木坂春香的秘密","五十岚雄策","电击文库","已完结/ 已动画化","2013-04-09","1634K","校园 青春 恋爱 欢乐向 大小姐","http://img.wenku8.com/image/0/90/90s.jpg","我的同班同学乃木坂春香，姿容娟秀、才艺出众，别名「白银星屑」，粉丝俱乐部人数超过…"
"https://raw.githubusercontent.com/ixinzhi/lightnovel-2009to2013/master/穷神 泰庵高中连续杀人事件 - 田中创 - 20130407.epub",1404,"https://www.wenku8.net/book/1404.htm","title+author","穷神 泰庵高中连续杀人事件","田中创","集英社","已完结","2013-04-07","84K","校园 奇幻 战斗 欢乐向","http://img.wenku8.com/image/1/1404/1404s.jpg","红叶一个不小心误杀了主角·市子……更惨的是上司·山吹马上就要因为公务到人间来出差…"
"https://raw.githubusercontent.com/ixinzhi/lightnovel-2009to2013/master/里庭 - 梨木香步 - 20130405.epub",1402,"https://www.wenku8.net/book/1402.htm","title+author","里庭","梨木香步","其他文库","已完结","2013-04-05","124K","奇幻 女性视角","http://img.wenku8.com/image/1/1402/1402s.jpg","日本一栋荒废已久的英国别墅，是附近小孩的最佳游戏场所，但对照美而言，这座庭园却有…"
"https://raw.githubusercontent.com/ixinzhi/lightnovel-2009to2013/master/终末之海 - 片理诚 - 20130403.epub",1399,"https://www.wenku8.net/book/1399.htm","title+author","终末之海","片理诚","其他文库","已完结","2013-04-03","109K","科幻 悬疑 惊悚 末日","http://img.wenku8.com/image/1/1399/1399s.jpg","一个接一个，陆续消失…… 这艘船，究竟……是什么？ 第五回日本SF新人奖佳作入选作品…"
"https://raw.githubusercontent.com/ixinzhi/lightnovel-2009to2013/master/祝福的钟声 - Oasis - 20130401.epub",1052,"https://www.wenku8.net/book/1052.htm","title+author","祝福的钟声","Oasis","角川文库","已完结/ 已动画化","2013-04-01","282K","奇幻 冒险 后宫 青梅竹马 女儿","http://img.wenku8.com/image/1/1052/1052s.jpg","轻小说文库河蟹处理版！

本书收录的作品全都是以Window版的Oasis原创冒险故事“祝福…"
"https://raw.githubusercontent.com/ixinzhi/lightnovel-2009to2013/master/白银的城姬 - 志瑞佑 - 20130331.epub",1201,"https://www.wenku8.net/book/1201.htm","title+author","白银的城姬","志瑞佑","MF文库J","连载中","2013-03-31","184K","奇幻 战斗 冒险 后宫","http://img.wenku8.com/image/1/1201/1201s.jpg","从前有著如此的传说——〈城姬〉(主塔)乃是传闻只寄宿在崇高建筑物当中的存在，如果城…"
"https://raw.githubusercontent.com/ixinzhi/lightnovel-2009to2013/master/献给死者的音乐 - 乙一 - 20130327.epub",1396,"https://www.wenku8.net/book/1396.htm","title+author","献给死者的音乐","乙一","MF文库J","已完结","2013-03-27","66K","奇幻 悬疑 惊悚","http://img.wenku8.com/image/1/1396/1396s.jpg","文库注:本书作者山白朝子是乙一另一个笔名，为便于查找同一作者作品，文库将作者名标记…"
"https://raw.githubusercontent.com/ixinzhi/lightnovel-2009to2013/master/大小姐X执事(管家后宫学园) - 上月司 - 20130324.epub",386,"https://www.wenku8.net/book/386.htm","title+author","大小姐X执事(管家后宫学园)","上月司","电击文库","已完结/ 已动画化","2013-03-24","1203K","校园 欢乐向 后宫 大小姐 青梅竹马","http://img.wenku8.com/image/0/386/386s.jpg","日野秋晴是个外表看起来完全就像个不良少年、一脸凶恶的高中生，然而他即将入学的学校…"
"https://raw.githubusercontent.com/ixinzhi/lightnovel-2009to2013/master/请给我分手的理由 - 太田僚 - 20130319.epub",1393,"https://www.wenku8.net/book/1393.htm","title+author","请给我分手的理由","太田僚","一迅社","已完结","2013-03-19","68K","校园 科幻 欢乐向 恋爱","http://img.wenku8.com/image/1/1393/1393s.jpg","分手还需要理由吗？拯救世界算不算！
某天，班上的超虐待狂美少女一秋乃突然向我告白…"
"https://raw.githubusercontent.com/ixinzhi/lightnovel-2009to2013/master/药师寺凉子怪奇事件簿 - 田中芳树 - 20130319.epub",39,"https://www.wenku8.net/book/39.htm","title+author","药师寺凉子怪奇事件簿","田中芳树","讲谈社","连载中/ 已动画化","2013-03-19","960K","奇幻 悬疑 大小姐","http://img.wenku8.com/image/0/39/39s.jpg","曾经，泉田准一郎怀抱着成为推理小说中的名侦探的远大理想报考了警察学校，如今，他依…"
"https://raw.githubusercontent.com/ixinzhi/lightnovel-2009to2013/master/偷猫贼与星期四的厨房 - 桥本纺 - 20130317.epub",1392,"https://www.wenku8.net/book/1392.htm","title+author","偷猫贼与星期四的厨房","桥本纺","其他文库","已完结","2013-03-17","71K","青春 恋爱","http://img.wenku8.com/image/1/1392/1392s.jpg","妈妈离家出走了，我们被遗弃了。爸爸一直不见。但是我没关系。和弟弟孝酱两个人一起生…"
"https://raw.githubusercontent.com/ixinzhi/lightnovel-2009to2013/master/替身伯爵系列 - 清家未森 - 20130314.epub",501,"https://www.wenku8.net/book/501.htm","title+author","替身伯爵系列","清家未森","少女文库","","","","欢乐向 恋爱","http://img.wenku8.com/image/0/501/501s.jpg","事情发生在一个平淡无奇的午后时光。
一名谜样的俊美青年突然出现在一见平民面包店里…"
"https://raw.githubusercontent.com/ixinzhi/lightnovel-2009to2013/master/有看到我家的魔女吗？ - 山川进 - 20130313.epub",1124,"https://www.wenku8.net/book/1124.htm","title+author","有看到我家的魔女吗？","山川进","小学馆","已完结","2013-03-13","278K","校园 奇幻 冒险 欢乐向 恋爱","http://img.wenku8.com/image/1/1124/1124s.jpg","「时至今日，魔女已经从地球上灭绝了。」在这个世界，魔女是濒临绝种的物种而必须加以…"
"https://raw.githubusercontent.com/ixinzhi/lightnovel-2009to2013/master/声优公主(姬音) - 太田显喜 - 20130310.epub",1388,"https://www.wenku8.net/book/1388.htm","title+author","声优公主(姬音)","太田显喜","MF文库J","已完结","2013-03-10","91K","职场 欢乐向 后宫 妹妹","http://img.wenku8.com/image/1/1388/1388s.jpg","我妹妹&#8226;凑，居然被一间声优事务所发掘？可爱的妹妹踏上声优之路，身为哥哥绝对不…"
"https://raw.githubusercontent.com/ixinzhi/lightnovel-2009to2013/master/L 诈欺师佛雷特兰德的华丽传说 - 坂照铁平 - 20130309.epub",1387,"https://www.wenku8.net/book/1387.htm","title+author","L 诈欺师佛雷特兰德的华丽传说","坂照铁平","富士见文库","连载中","2013-03-09","105K","奇幻 冒险 恋爱","http://img.wenku8.com/image/1/1387/1387s.jpg","班˙佛雷特兰德凭藉俊俏的外貌和三寸不烂之舌在伊涅尔艾格雷斯州国的边境骗了不少女人…"
"https://raw.githubusercontent.com/ixinzhi/lightnovel-2009to2013/master/神灯女仆 - 夏绿 - 20130306.epub",73,"https://www.wenku8.net/book/73.htm","title+author","神灯女仆","夏绿","MF文库J","连载中","2013-03-06","1125K","校园 奇幻 欢乐向 后宫 大小姐 青梅竹马","http://img.wenku8.com/image/0/73/73s.jpg","最萌的神灯魔神，诞生～～（为、为什么是女仆装！？）
就读于春纱学园高中部一年级的…"
"https://raw.githubusercontent.com/ixinzhi/lightnovel-2009to2013/master/暗之部屋 - 唐边叶介 - 20130305.epub",1384,"https://www.wenku8.net/book/1384.htm","title+author","暗之部屋","唐边叶介","游戏剧本","已完结","2013-03-05","108K","黑暗","http://img.wenku8.com/image/1/1384/1384s.jpg","文库注明:原是被出版社禁止出版的小说，经作者本人的整理制作成了同人游戏，这是游戏提…"
"https://raw.githubusercontent.com/ixinzhi/lightnovel-2009to2013/master/前略。我与猫和天使同居 - 绯月剃 - 20130304.epub",1012,"https://www.wenku8.net/book/1012.htm","title+author","前略。我与猫和天使同居","绯月剃","HJ文库","已完结","2013-03-04","553K","校园 奇幻 欢乐向 后宫 人外 JK","http://img.wenku8.com/image/1/1012/1012s.jpg","高中教师水上悟在返家的路上，于路旁捡到遭遗弃的三只猫，和年约十五岁前后的少女澪，…"
"https://raw.githubusercontent.com/ixinzhi/lightnovel-2009to2013/master/疑心恋心 - 丸山英人 - 20130303.epub",1381,"https://www.wenku8.net/book/1381.htm","title+author","疑心恋心","丸山英人","小学馆","已完结","2013-03-03","80K","校园 奇幻 悬疑 恋爱","http://img.wenku8.com/image/1/1381/1381s.jpg","八十岛树因为打嗝而烦恼，虽然尝试了各种各样的偏方，却毫无停止的迹象。朋友偶然听到…"
"https://raw.githubusercontent.com/ixinzhi/lightnovel-2009to2013/master/BIG4(BIG-4) - 大乐绚太 - 20130303.epub",1184,"https://www.wenku8.net/book/1184.htm","title+author","BIG4(BIG-4)","大乐绚太","富士见文库","连载中","2013-03-03","113K","校园 奇幻 欢乐向 后宫 妹妹","http://img.wenku8.com/image/1/1184/1184s.jpg","君临于六百六十六万魔军顶点的魔王军最高战力——四天王。
成员是……“山田！太慢了！…"
"https://raw.githubusercontent.com/ixinzhi/lightnovel-2009to2013/master/苍海的少女们 - 白鸟士郎 - 20130223.epub",581,"https://www.wenku8.net/book/581.htm","title+author","苍海的少女们","白鸟士郎","GA文库","已完结","2013-02-23","330K","青春 冒险 欢乐向 伪娘 后宫","http://img.wenku8.com/image/0/581/581s.jpg","「从现在开始，你就是女人了。」
「哎？哎…哎哎哎哎？」
遭到祖国的追杀而落海漂流…"
"https://raw.githubusercontent.com/ixinzhi/lightnovel-2009to2013/master/剧团Theatre - 有川浩 - 20130223.epub",1268,"https://www.wenku8.net/book/1268.htm","title+author","剧团Theatre","有川浩","电击文库","已完结","2013-02-23","226K","职场 青春 恋爱","http://img.wenku8.com/image/1/1268/1268s.jpg","「两年间要赚回三百万，不然就收团９
旗子剧团面临创团以来的最大危机！
超级新星羽…"
"https://raw.githubusercontent.com/ixinzhi/lightnovel-2009to2013/master/正义的同伴的同伴的同伴 - 哀川让 - 20130222.epub",1371,"https://www.wenku8.net/book/1371.htm","title+author","正义的同伴的同伴的同伴","哀川让","电击文库","连载中","2013-02-22","92K","校园 欢乐向 后宫","http://img.wenku8.com/image/1/1371/1371s.jpg","在高级公寓的一所房间里，隐居着一个邪恶的秘密结社。泽罗之家——担任总帅的可爱少女…"
"https://raw.githubusercontent.com/ixinzhi/lightnovel-2009to2013/master/维多利亚蔷薇色 - 青木祐子 - 20130221.epub",242,"https://www.wenku8.net/book/242.htm","title+author","维多利亚蔷薇色","青木祐子","少女文库","连载中","2013-02-21","1283K","恋爱","http://img.wenku8.com/image/0/242/242s.jpg","“蔷薇色”裁缝屋的店主人克莉丝是个内向的少女，她虽然能够裁制出反映人心的礼服，却…"
"https://raw.githubusercontent.com/ixinzhi/lightnovel-2009to2013/master/我的坏前辈 - 日日日 - 20130218.epub",1376,"https://www.wenku8.net/book/1376.htm","title+author","我的坏前辈","日日日","其他文库","已完结","2013-02-18","76K","校园 青春 恋爱 女性视角","http://img.wenku8.com/image/1/1376/1376s.jpg","16岁的女高中生西表耶麻子搬到了一座小岛，耶麻子很喜欢这座小岛，但是最最最最重要的…"
"https://raw.githubusercontent.com/ixinzhi/lightnovel-2009to2013/master/露露的支配魔术 - 土屋司 - 20130212.epub",1372,"https://www.wenku8.net/book/1372.htm","title+author","露露的支配魔术","土屋司","角川文库","连载中","2013-02-12","100K","校园 奇幻 后宫 青梅竹马","http://img.wenku8.com/image/1/1372/1372s.jpg","开学仪式的早上，和这位被称为“世界灾难的魔女”的她邂逅的我。在不经意间被她的魔术…"
"https://raw.githubusercontent.com/ixinzhi/lightnovel-2009to2013/master/无法解读的暗号少女 - 新保静波 - 20130207.epub",1367,"https://www.wenku8.net/book/1367.htm","title+author","无法解读的暗号少女","新保静波","集英社","连载中","2013-02-07","124K","校园 悬疑 后宫 妹妹 青梅竹马","http://img.wenku8.com/image/1/1367/1367s.jpg","转校之初自我介绍就大失败而被班级孤立了的少年·西村，收到了唯一一位向与孤独对抗的…"
"https://raw.githubusercontent.com/ixinzhi/lightnovel-2009to2013/master/Re：笨蛋也能拯救世界吗？ - 柳实冬贵 - 20130205.epub",927,"https://www.wenku8.net/book/927.htm","title+author","Re:笨蛋也能拯救世界吗？","柳实冬贵","富士见文库","已完结","2013-02-05","575K","校园 异能 战斗 欢乐向 后宫 青梅竹马","http://img.wenku8.com/image/0/927/927s.jpg","「你蔼—快点救我９
冲进光一怀里的美少女忽然就这样命令他。少女那宛如小猫般的细微…"
"https://raw.githubusercontent.com/ixinzhi/lightnovel-2009to2013/master/迷茫管家与胆怯的我(迷茫管家与懦弱的我) - 朝野始 - 20130202.epub",706,"https://www.wenku8.net/book/706.htm","title+author","迷茫管家与胆怯的我(迷茫管家与懦弱的我)","朝野始","MF文库J","","","","校园 青春 欢乐向 后宫 大小姐 妹妹","http://img.wenku8.com/image/0/706/706s.jpg","以管家身份侍奉同班同学凉月奏的美少年?近卫昴。由于一次不经意的事故，我发现了昴的秘…"
"https://raw.githubusercontent.com/ixinzhi/lightnovel-2009to2013/master/影子篮球员—Replace—(黑子的篮球) - 平林佐和子 - 20130202.epub",1251,"https://www.wenku8.net/book/1251.htm","title+author","影子篮球员-Replace-(黑子的篮球)","平林佐和子","集英社","已完结/ 已动画化","2022-07-26","395K","校园 竞技 青春 恋爱 欢乐向","http://img.wenku8.com/image/1/1251/1251s.jpg","超级强校&#8231;帝光国中篮球队阵容中的「奇迹世代」先发五人以及他们所认可之「梦幻第…"
"https://raw.githubusercontent.com/ixinzhi/lightnovel-2009to2013/master/我就是美少女偶像！？ - 七海树里 - 20130201.epub",1327,"https://www.wenku8.net/book/1327.htm","title+author","我就是美少女偶像！？","七海树里","少女文库","已完结","2013-02-01","153K","职场 欢乐向 青春 恋爱 伪娘","http://img.wenku8.com/image/1/1327/1327s.jpg","高中毕业典礼归来，平田直人意想不到的陷入了男扮女装前往涉谷的困境。在那里等着他的…"
"https://raw.githubusercontent.com/ixinzhi/lightnovel-2009to2013/master/宙士诺德(飞天诺德) - 赤松中学 - 20130201.epub",362,"https://www.wenku8.net/book/362.htm","title+author","宙士诺德(飞天诺德)","赤松中学","MF文库J","已完结","2013-02-01","301K","科幻 校园 后宫 青梅竹马 人外","http://img.wenku8.com/image/0/362/362s.jpg","这是一个魔法与科学并存的不可思议世界！
只有勤奋和运动神经可取的少年诺德，对青梅…"
"https://raw.githubusercontent.com/ixinzhi/lightnovel-2009to2013/master/魔法学园MA - 榊一郎 - 20130201.epub",95,"https://www.wenku8.net/book/95.htm","title+author","魔法学园MA","榊一郎","Fami通文库","已完结/ 已动画化","2013-02-01","1082K","校园 魔法 冒险 欢乐向 后宫 人外","http://img.wenku8.com/image/0/95/95s.jpg","这个学校到底在搞什么东东？这个兽耳少女到底是什么鬼啊？
羽濑川拓人，一个平凡无奇…"
"https://raw.githubusercontent.com/ixinzhi/lightnovel-2009to2013/master/幸运时刻!(幸运机会!) - 有泽真水 - 20130201.epub",420,"https://www.wenku8.net/book/420.htm","title+author","幸运时刻!(幸运机会!)","有泽真水","电击文库","已完结","2013-02-01","792K","校园 奇幻 战斗 欢乐向 后宫","http://img.wenku8.com/image/0/420/420s.jpg","外神雅人是全日本最倒霉的高中生，同时也是穷到极点的”五元”术师。某天，称为吉儿的…"
"https://raw.githubusercontent.com/ixinzhi/lightnovel-2009to2013/master/19岁~Nineteen~ - 合作 - 20130131.epub",1368,"https://www.wenku8.net/book/1368.htm","title+author","19岁~Nineteen~","合作","电击文库","已完结","2013-01-31","92K","青春 恋爱","http://img.wenku8.com/image/1/1368/1368s.jpg","神明真是坏心眼。可是……
为了在成人的同时也让下面的成为大人，我一直秘藏着这至高…"
"https://raw.githubusercontent.com/ixinzhi/lightnovel-2009to2013/master/终焉的年代记 - 川上稔 - 20130131.epub",26,"https://www.wenku8.net/book/26.htm","title+author","终焉的年代记","川上稔","电击文库","已完结","2013-01-31","2595K","科幻 校园 机战 战争 恋爱","http://img.wenku8.com/image/0/26/26s.jpg","过去，世界曾与平行存在的10个异世界进行战斗，这场所谓的概念战争获胜以来已经过了60…"
"https://raw.githubusercontent.com/ixinzhi/lightnovel-2009to2013/master/girls’life! - 布都みたま - 20130130.epub",1137,"https://www.wenku8.net/book/1137.htm","title+author","girls’life!","布都みたま","电击文库","连载中","2013-01-30","62K","校园 青春 欢乐向 伪娘","http://img.wenku8.com/image/1/1137/1137s.jpg","——舞台位于，某个乡村。
有着悠久历史与传统的全体住宿制女子学校，因为没有生源而…"
"https://raw.githubusercontent.com/ixinzhi/lightnovel-2009to2013/master/初音未来的消失 - 阿贺三梦也 - 20130129.epub",1331,"https://www.wenku8.net/book/1331.htm","title+author","初音未来的消失","阿贺三梦也","一迅社","已完结","2013-01-29","107K","音乐 科幻 校园 青春","http://img.wenku8.com/image/1/1331/1331s.jpg","平凡的大学生──筱里朝乃被委托进行人造人「初音未来」的现场测试。尽管对跟人类极其…"
"https://raw.githubusercontent.com/ixinzhi/lightnovel-2009to2013/master/我和她乃魔王与勇者及学生会长 - 哀川让 - 20130129.epub",1345,"https://www.wenku8.net/book/1345.htm","title+author","我和她乃魔王与勇者及学生会长","哀川让","电击文库","已完结","2013-01-29","106K","校园 战斗 欢乐向 后宫 青梅竹马","http://img.wenku8.com/image/1/1345/1345s.jpg","文库注：因卷入涉嫌抄袭风波，本书停止出版并收回！
不久之前、在人类管理的地球中，…"
"https://raw.githubusercontent.com/ixinzhi/lightnovel-2009to2013/master/许爱之岛 - 杉井光 - 20130129.epub",1338,"https://www.wenku8.net/book/1338.htm","title+author","许爱之岛","杉井光","电击文库","已完结","2013-01-29","72K","恋爱 悬疑 黑暗 脑洞 女性视角","http://img.wenku8.com/image/1/1338/1338s.jpg","在太平洋正中央，有一座奇妙的无名小岛。
岛上四季如夏，岛的尽头有座教堂，里面住着…"
"https://raw.githubusercontent.com/ixinzhi/lightnovel-2009to2013/master/中二病也要谈恋爱! - 虎虎 - 20130129.epub",1283,"https://www.wenku8.net/book/1283.htm","title+author","中二病也要谈恋爱!","虎虎","其他文库","连载中/ 已动画化","2013-01-29","229K","校园 欢乐向 青春 恋爱 后宫","http://img.wenku8.com/image/1/1283/1283s.jpg","男主角富樫勇太在国中时是一名邪眼系的中二病患者，但上了高中便从中二病毕业了。可是…"
"https://raw.githubusercontent.com/ixinzhi/lightnovel-2009to2013/master/这是当然的大小姐(当然、大小姐) - 竹冈叶月 - 20130127.epub",1322,"https://www.wenku8.net/book/1322.htm","title+author","这是当然的大小姐(当然、大小姐)","竹冈叶月","Fami通文库","连载中","2013-01-27","109K","职场 奇幻 欢乐向 后宫 大小姐","http://img.wenku8.com/image/1/1322/1322s.jpg","天生具有『天惠』的鬼岛九郎一直梦想着为国而战，日本却战败并成为英格兰的从属国，虽…"
"https://raw.githubusercontent.com/ixinzhi/lightnovel-2009to2013/master/打工侦探 - 大泽在昌 - 20130125.epub",1357,"https://www.wenku8.net/book/1357.htm","title+author","打工侦探","大泽在昌","讲谈社","已完结","2013-01-25","599K","悬疑 冒险","http://img.wenku8.com/image/1/1357/1357s.jpg","激暑动作推理控注意啰——今夏最痛快的冷硬派！坏坏型男侦探团搞怪登场！
我·冴木隆…"
"https://raw.githubusercontent.com/ixinzhi/lightnovel-2009to2013/master/来观光吧！县厅款待课 - 有川浩 - 20130124.epub",1363,"https://www.wenku8.net/book/1363.htm","title+author","来观光吧！县厅款待课","有川浩","角川文库","已完结","2013-01-24","194K","职场 恋爱","http://img.wenku8.com/image/1/1363/1363s.jpg","那一年，高知县观光部新成立的[款待课]正式上路。
正当所有人都士气高昂，以为一切都…"
"https://raw.githubusercontent.com/ixinzhi/lightnovel-2009to2013/master/失落的花园 - 红玉伊月 - 20130122.epub",1360,"https://www.wenku8.net/book/1360.htm","title+author","失落的花园","红玉伊月","电击文库","已完结","2013-01-22","83K","青春 群像 女性视角","http://img.wenku8.com/image/1/1360/1360s.jpg","和善温柔的江香、爱打扮爱撒娇的圆圆、
帅气迷人的小津、冷漠成熟的阿柴。
纤细敏感…"
"https://raw.githubusercontent.com/ixinzhi/lightnovel-2009to2013/master/赤裸裸之战 - 花谷敏嗣 - 20130121.epub",1086,"https://www.wenku8.net/book/1086.htm","title+author","赤裸裸之战","花谷敏嗣","Fami通文库","连载中","2013-01-21","216K","校园 奇幻 战斗 欢乐向 后宫","http://img.wenku8.com/image/1/1086/1086s.jpg","「你身上有瘴气的味道喔。」夕阳西下的街道，一位女剑士主动向我攀谈，这令我焦躁起来…"
"https://raw.githubusercontent.com/ixinzhi/lightnovel-2009to2013/master/暗之皇太子 - 金泽有幸 - 20130121.epub",1216,"https://www.wenku8.net/book/1216.htm","title+author","暗之皇太子","金泽有幸","少女文库","连载中","2013-01-21","220K","奇幻 悬疑 战斗 耽美","http://img.wenku8.com/image/1/1216/1216s.jpg","「只要有光就会产生影子——维持世界平衡的『暗（影）世界』或许真的存在。」
经人引…"
"https://raw.githubusercontent.com/ixinzhi/lightnovel-2009to2013/master/吸血鬼猎人D - 菊地秀行 - 20130120.epub",222,"https://www.wenku8.net/book/222.htm","title+author","吸血鬼猎人D","菊地秀行","其他文库","连载中/ 已动画化","2013-01-20","1770K","奇幻 冒险 战斗","http://img.wenku8.com/image/0/222/222s.jpg","在遥远的未来，由于最后一次世界大战破坏了所有科学文明，曾经君临天下的贵族，凌驾于…"
"https://raw.githubusercontent.com/ixinzhi/lightnovel-2009to2013/master/Sugar Sister 1∕2 - 鹰野新 - 20130117.epub",1288,"https://www.wenku8.net/book/1288.htm","title+author","Sugar Sister 1∕2","鹰野新","电击文库","已完结","2013-01-17","286K","校园 异能 战斗 欢乐向 后宫 伪娘","http://img.wenku8.com/image/1/1288/1288s.jpg","高中生库拉被弟控属性的有点小H的双胞胎姐姐附体。虽然姬平常形态下身材傲人，但是如果…"
"https://raw.githubusercontent.com/ixinzhi/lightnovel-2009to2013/master/爱玩王子 - 片濑由良 - 20130117.epub",1045,"https://www.wenku8.net/book/1045.htm","title+author","爱玩王子","片濑由良","少女文库","连载中","2013-01-17","343K","校园 奇幻 战斗 欢乐向 恋爱 女性视角","http://img.wenku8.com/image/1/1045/1045s.jpg","从魔界来到人间的迷你小王子，遇上了少根筋的女高中生！两人居然莫名其妙有了婚约？想…"
"https://raw.githubusercontent.com/ixinzhi/lightnovel-2009to2013/master/贵族少女的使命！ - TAMAMI - 20130117.epub",1358,"https://www.wenku8.net/book/1358.htm","title+author","贵族少女的使命！","TAMAMI","MF文库J","连载中","2013-01-17","97K","奇幻 冒险 战斗 恋爱 大小姐","http://img.wenku8.com/image/1/1358/1358s.jpg","魔术监定士蓝格专门造访没落实族的宅邸，从事财产清算、债权回收的工作。一日来到某楝…"
"https://raw.githubusercontent.com/ixinzhi/lightnovel-2009to2013/master/神明大人会把笑心○○○？ - 荒川工 - 20130113.epub",677,"https://www.wenku8.net/book/677.htm","title+author","神明大人会把笑心○○○？","荒川工","小学馆","已完结","2013-01-13","182K","校园 奇幻 欢乐向 百合 女性视角","http://img.wenku8.com/image/0/677/677s.jpg","自从父亲无故离家后便失去了笑容的女国中生“笑心”某天依惯例打扫父亲的旧房间时，意…"
"https://raw.githubusercontent.com/ixinzhi/lightnovel-2009to2013/master/昨日也曾爱着他 - 入间人间 - 20130112.epub",1289,"https://www.wenku8.net/book/1289.htm","title+author","昨日也曾爱着他","入间人间","电击文库","已完结","2013-01-12","202K","科幻 穿越 青春 恋爱 青梅竹马","http://img.wenku8.com/image/1/1289/1289s.jpg","时光旅行，过去的改变。进行时光旅行的代价，是幸福？还是…… 
无论何时，都只为你…"
"https://raw.githubusercontent.com/ixinzhi/lightnovel-2009to2013/master/舞姬恋风传 - 深山薰衣 - 20130110.epub",240,"https://www.wenku8.net/book/240.htm","title+author","舞姬恋风传","深山薰衣","少女文库","已完结","2013-01-10","353K","恋爱","http://img.wenku8.com/image/0/240/240s.jpg","稻田歉收的那年，为了家计，贫穷少女爱铃被卖进宫廷，成为为皇帝献舞的舞伎。在月明星…"
"https://raw.githubusercontent.com/ixinzhi/lightnovel-2009to2013/master/潘朵拉之心～CAUCUS RACE～ - 若宫シノブ - 20130110.epub",1187,"https://www.wenku8.net/book/1187.htm","title+author","潘朵拉之心～CAUCUS RACE～","若宫シノブ","其他文库","连载中/ 已动画化","2013-01-10","204K","奇幻 校园 欢乐向 恋爱","http://img.wenku8.com/image/1/1187/1187s.jpg","《潘朵拉之心》的第一本小说问世了！
里面有关于贝萨流士、兰兹华斯、巴尔马以及奈特…"
"https://raw.githubusercontent.com/ixinzhi/lightnovel-2009to2013/master/狐仙大人系列 - 片山和华 - 20130108.epub",955,"https://www.wenku8.net/book/955.htm","title+author","狐仙大人系列","片山和华","少女文库","连载中","2013-01-08","313K","奇幻 恋爱 欢乐向 女性视角 妹妹","http://img.wenku8.com/image/0/955/955s.jpg","风祭桐绪在某个满月之夜救了一只白猫，隔天竟然有个银发超级美男子带着那只白猫出现在…"
"https://raw.githubusercontent.com/ixinzhi/lightnovel-2009to2013/master/欢乐黎明使者团！ - 树川智美 - 20130104.epub",1014,"https://www.wenku8.net/book/1014.htm","title+author","欢乐黎明使者团！","树川智美","少女文库","连载中","2013-01-04","448K","旅行 冒险 欢乐向 恋爱","http://img.wenku8.com/image/1/1014/1014s.jpg","暌违九十三个年头，米特兰达再次出现阴柔属性的女司令！哈尔瑟迪斯接获一道来自修道会…"
"https://raw.githubusercontent.com/ixinzhi/lightnovel-2009to2013/master/百亿魔女物语 - 竹冈叶月 - 20121231.epub",1081,"https://www.wenku8.net/book/1081.htm","title+author","百亿魔女物语","竹冈叶月","Fami通文库","已完结","2012-12-31","460K","校园 奇幻 欢乐向 后宫 妹妹 伪娘","http://img.wenku8.com/image/1/1081/1081s.jpg","二度称霸全国，获选为MVP。亚鲁特·古斯塔夫在库洛布球赛上创下所向无敌的傲人成绩，可…"
"https://raw.githubusercontent.com/ixinzhi/lightnovel-2009to2013/master/漂流书库之断罪星导师 - 川口士 - 20121231.epub",1352,"https://www.wenku8.net/book/1352.htm","title+author","漂流书库之断罪星导师","川口士","富士见文库","连载中","2012-12-31","88K","奇幻 战斗 后宫","http://img.wenku8.com/image/1/1352/1352s.jpg","『将白昼的星空印刻到心里去。只要做到这一点，你就能——』胸中涌现出曾经师傅告知自…"
"https://raw.githubusercontent.com/ixinzhi/lightnovel-2009to2013/master/CANAAN 异能者迦南 - 杉原智则 - 20121227.epub",1350,"https://www.wenku8.net/book/1350.htm","title+author","CANAAN 异能者迦南","杉原智则","角川文库","连载中/ 已动画化","2012-12-27","97K","悬疑 异能 战斗 犯罪","http://img.wenku8.com/image/1/1350/1350s.jpg","新手摄影师——大泽玛利亚前往上海采访时，被卷进一起离奇案件。在危急存亡之际救了她…"
"https://raw.githubusercontent.com/ixinzhi/lightnovel-2009to2013/master/机巧魔神 - 三云岳斗 - 20121226.epub",404,"https://www.wenku8.net/book/404.htm","title+author","机巧魔神","三云岳斗","电击文库","已完结/ 已动画化","2012-12-26","1715K","校园 奇幻 战斗 后宫 妹妹 青梅竹马","http://img.wenku8.com/image/0/404/404s.jpg","升上高中之后就开始独自生活的主人公夏目智春。他在3年前被自称为守护灵的美少女水无神…"
"https://raw.githubusercontent.com/ixinzhi/lightnovel-2009to2013/master/龙与勇者与不可爱的我 - 志村一矢 - 20121225.epub",1144,"https://www.wenku8.net/book/1144.htm","title+author","龙与勇者与不可爱的我","志村一矢","电击文库","连载中","2012-12-25","283K","奇幻 魔法 战斗 欢乐向 女性视角","http://img.wenku8.com/image/1/1144/1144s.jpg","虽然拥有着优秀的能力，可是只因为是平民便被周围疏远的宫廷魔法师安玖。为了承受孤独…"
"https://raw.githubusercontent.com/ixinzhi/lightnovel-2009to2013/master/SH@PPLE 双子丽人 - 竹冈叶月 - 20121224.epub",266,"https://www.wenku8.net/book/266.htm","title+author","SH@PPLE 双子丽人","竹冈叶月","富士见文库","已完结","2012-12-24","857K","校园 欢乐向 后宫 伪娘","http://img.wenku8.com/image/0/266/266s.jpg","雪国与舞姬是长得一模一样的双胞胎。
当雪国一见钟情喜欢上青美女学院的一骏河蜜，却…"
"https://raw.githubusercontent.com/ixinzhi/lightnovel-2009to2013/master/神之游戏 - 宫崎柊羽 - 20121223.epub",254,"https://www.wenku8.net/book/254.htm","title+author","神之游戏","宫崎柊羽","角川文库","已完结","2012-12-23","1274K","校园 奇幻 游戏 欢乐向","http://img.wenku8.com/image/0/254/254s.jpg","“游戏开始吧１有一天造物主突然要求叶野学园的秋庭多加良等学生参加一场游戏的挑战。…"
"https://raw.githubusercontent.com/ixinzhi/lightnovel-2009to2013/master/天地明察 - 冲方丁 - 20121219.epub",1348,"https://www.wenku8.net/book/1348.htm","title+author","天地明察","冲方丁","角川文库","已完结","2012-12-19","191K","青春 职场","http://img.wenku8.com/image/1/1348/1348s.jpg","描写了江户时代的围棋棋士、天文历学者涉川春海的毕生生涯，在风格上显得大气恢弘。本…"
"https://raw.githubusercontent.com/ixinzhi/lightnovel-2009to2013/master/植物园的巢穴 - 梨木香步 - 20121219.epub",1347,"https://www.wenku8.net/book/1347.htm","title+author","植物园的巢穴","梨木香步","其他文库","已完结","2012-12-19","87K","奇幻 恋爱 治愈","http://img.wenku8.com/image/1/1347/1347s.jpg","植物园的园丁佐田带着牙疼的蛀洞，跌入大树的树洞，生活步调从此脱轨了起来，有如蒙太…"
"https://raw.githubusercontent.com/ixinzhi/lightnovel-2009to2013/master/神鸣公主的无邪 - 镜游 - 20121217.epub",1169,"https://www.wenku8.net/book/1169.htm","title+author","神鸣公主的无邪","镜游","MF文库J","连载中","2012-12-17","324K","校园 青春 欢乐向 后宫 妹妹","http://img.wenku8.com/image/1/1169/1169s.jpg","习惯平静的独居男高中生——神堂祐贵，某日突然被奇怪的团体绑架了。幕后黑手是由于某…"
"https://raw.githubusercontent.com/ixinzhi/lightnovel-2009to2013/master/因此少女以回忆为食 - 七乌未奏 - 20121216.epub",1342,"https://www.wenku8.net/book/1342.htm","title+author","因此少女以回忆为食","七乌未奏","一迅社","已完结","2012-12-16","102K","奇幻 恋爱 人外 妹妹","http://img.wenku8.com/image/1/1342/1342s.jpg","“老身是以回忆为食的魔物。”
悄然伫立于郊外的小镇——灵户路镇。
在经营着粗点心…"
"https://raw.githubusercontent.com/ixinzhi/lightnovel-2009to2013/master/妖怪少爷(滑头鬼之孙) - 大崎知仁 - 20121215.epub",1133,"https://www.wenku8.net/book/1133.htm","title+author","妖怪少爷(滑头鬼之孙)","大崎知仁","集英社","已完结/ 已动画化","2012-12-15","291K","奇幻 战争 战斗","http://img.wenku8.com/image/1/1133/1133s.jpg","描绘京都过去篇中大头领滑瓢与璎姬的后续喜事、鸩与黑羽丸遭遇的怪异奇谈……栖身于浮…"
"https://raw.githubusercontent.com/ixinzhi/lightnovel-2009to2013/master/欢迎来到血吸村 - 阿智太郎 - 20121215.epub",469,"https://www.wenku8.net/book/469.htm","title+author","欢迎来到血吸村","阿智太郎","电击文库","已完结","2012-12-15","530K","奇幻 欢乐向 后宫 人外","http://img.wenku8.com/image/0/469/469s.jpg","被女孩子说“请陪我一起逛祭典”是很令人雀跃的一件事，听到“想要穿浴衣给你看”更是…"
"https://raw.githubusercontent.com/ixinzhi/lightnovel-2009to2013/master/唐草人偶 - 梨木香步 - 20121214.epub",1340,"https://www.wenku8.net/book/1340.htm","title+author","唐草人偶","梨木香步","其他文库","已完结","2012-12-14","170K","群像 女性视角","http://img.wenku8.com/image/1/1340/1340s.jpg","四个偶然相识的女孩，因缘际会共同生活在一个屋檐下。屋主蓉子研习植物染；与希子和纪…"
"https://raw.githubusercontent.com/ixinzhi/lightnovel-2009to2013/master/于是，他就这样烧了屋顶 - KAMITSUKI RAINY - 20121212.epub",1336,"https://www.wenku8.net/book/1336.htm","title_only","于是，他就这样烧了屋顶","カミツキレイニー","小学馆","已完结","2012-12-12","111K","科幻 青春 治愈 女性视角","http://img.wenku8.com/image/1/1336/1336s.jpg","被男朋友拋弃了之后，我，三浦加奈怀著轻生的念头来到了校舍屋顶。然而，我在这里遇见…"
"https://raw.githubusercontent.com/ixinzhi/lightnovel-2009to2013/master/脱兔的反击 - 秀章 - 20121211.epub",1334,"https://www.wenku8.net/book/1334.htm","title+author","脱兔的反击","秀章","小学馆","已完结","2012-12-11","110K","校园 青春 恋爱 音乐","http://img.wenku8.com/image/1/1334/1334s.jpg","遭揶揄为「外星人」的兔田晃吉是个没有朋友，个性内向的高中生，身为轻音乐社社员的他…"
"https://raw.githubusercontent.com/ixinzhi/lightnovel-2009to2013/master/龙鱼少女 - 西鱼立子 - 20121211.epub",1134,"https://www.wenku8.net/book/1134.htm","title+author","龙鱼少女","西鱼立子","其他文库","已完结","2012-12-11","792K","奇幻 魔法 战争 恋爱","http://img.wenku8.com/image/1/1134/1134s.jpg","生长在绿洲小国「多姆奥伊」锻铁村庄的少女雪芙儿，从小到大唯一的梦想就是成为独当一…"
"https://raw.githubusercontent.com/ixinzhi/lightnovel-2009to2013/master/沼地森林 - 梨木香步 - 20121210.epub",1333,"https://www.wenku8.net/book/1333.htm","title+author","沼地森林","梨木香步","其他文库","已完结","2012-12-10","173K","奇幻","http://img.wenku8.com/image/1/1333/1333s.jpg","最小的时子阿姨过世了，久美从她的遗物中继承了传家之宝──「米糠床」。为什么渍菜缸…"
"https://raw.githubusercontent.com/ixinzhi/lightnovel-2009to2013/master/我和你有致命的认知差异(你存在致命性的偏差) - 赤月驱矢 - 20121208.epub",1330,"https://www.wenku8.net/book/1330.htm","title+author","我和你有致命的认知差异(你存在致命性的偏差","赤月驱矢","小学馆","已完结","2012-12-08","106K","校园 悬疑 黑暗","http://img.wenku8.com/image/1/1330/1330s.jpg","海里克也在保健室醒来。「我怎么会在这里？」根据校医镜司所言，似乎是从阶梯跌落导致…"
"https://raw.githubusercontent.com/ixinzhi/lightnovel-2009to2013/master/水乳交揉！(触摸魔女) - 镜裕之 - 20121203.epub",451,"https://www.wenku8.net/book/451.htm","title+author","水乳交揉！(触摸魔女)","镜裕之","HJ文库","已完结","2012-12-03","239K","校园 奇幻 欢乐向 后宫 妹妹","http://img.wenku8.com/image/0/451/451s.jpg","丰条宗人被魔女界选定为今年的「揉乳男」。身为魔女必须让这名男性搓揉胸部达到一定次…"
"https://raw.githubusercontent.com/ixinzhi/lightnovel-2009to2013/master/前巷说百物语 - 京极夏彦 - 20121127.epub",1321,"https://www.wenku8.net/book/1321.htm","title+author","前巷说百物语","京极夏彦","角川文库","已完结","2012-11-27","303K","奇幻 悬疑","http://img.wenku8.com/image/1/1321/1321s.jpg","损失大小有别，或可定悲欢，或可判生死。
凡世间之各种损失，均以相应的费用代为承担…"
"https://raw.githubusercontent.com/ixinzhi/lightnovel-2009to2013/master/失礼了！我是垃圾桶妖怪 - 岩波零 - 20121127.epub",941,"https://www.wenku8.net/book/941.htm","title+author","失礼了！我是垃圾桶妖怪","岩波零","MF文库J","连载中","2012-11-27","271K","校园 奇幻 欢乐向 后宫","http://img.wenku8.com/image/0/941/941s.jpg","跟垃圾桶无冤无仇的高中生&#8231;小山萌太，某一天受到垃圾桶的感召，进到了垃圾桶里变…"
"https://raw.githubusercontent.com/ixinzhi/lightnovel-2009to2013/master/为了守卫二次元的据点而不得已需要女友 - 冬树忍 - 20121126.epub",1323,"https://www.wenku8.net/book/1323.htm","title+author","为了守卫二次元的据点而不得已需要女友","冬树忍","HJ文库","已完结","2012-11-26","81K","校园 青春 欢乐向 后宫 青梅竹马","http://img.wenku8.com/image/1/1323/1323s.jpg","神代利树是一名独居的高中生。此时已有4年不见的青梅竹马珠美突然出现，向他传达了他父…"
"https://raw.githubusercontent.com/ixinzhi/lightnovel-2009to2013/master/女神异闻录4 - 藤原健市 - 20121125.epub",1320,"https://www.wenku8.net/book/1320.htm","title+author","女神异闻录4","藤原健市","Fami通文库","已完结/ 已动画化","2012-11-25","99K","悬疑 奇幻 异能 战斗","http://img.wenku8.com/image/1/1320/1320s.jpg","发生在平静乡村城市的连续诱拐杀人事件。
八十神高中自称特别调查队的成员花村阳介、…"
"https://raw.githubusercontent.com/ixinzhi/lightnovel-2009to2013/master/请记得我 - 杉井光 - 20121122.epub",1317,"https://www.wenku8.net/book/1317.htm","title+author","请记得我","杉井光","电击文库","已完结","2012-11-22","88K","青春 恋爱","http://img.wenku8.com/image/1/1317/1317s.jpg","没有任何预兆，人们无来由地消失；没有遗体，没有葬礼，连存在过的痕迹也从所有人的记…"
"https://raw.githubusercontent.com/ixinzhi/lightnovel-2009to2013/master/梦见的咲夜 - 城崎火也 - 20121118.epub",1314,"https://www.wenku8.net/book/1314.htm","title+author","梦见的咲夜","城崎火也","Fami通文库","已完结","2012-11-18","121K","校园 奇幻 欢乐向 恋爱 性转 青梅竹马","http://img.wenku8.com/image/1/1314/1314s.jpg","在班里被称为「冰之公主」的孤高美少女，天风咲夜。因为意外而和她接吻了的大成，在那…"
"https://raw.githubusercontent.com/ixinzhi/lightnovel-2009to2013/master/我与女武神的新婚生活(女武神要结婚) - 镰池和马 - 20121118.epub",1315,"https://www.wenku8.net/book/1315.htm","title+author","我与女武神的新婚生活(女武神要结婚)","镰池和马","电击文库","已完结","2012-11-18","92K","奇幻 恋爱 欢乐向","http://img.wenku8.com/image/1/1315/1315s.jpg","有着神圣的美貌，金发碧眼的女武神小姐瓦尔特洛缇，以及对她一见钟情的人类少年。其实…"
"https://raw.githubusercontent.com/ixinzhi/lightnovel-2009to2013/master/GENEZ - 深见真 - 20121118.epub",1094,"https://www.wenku8.net/book/1094.htm","title+author","GENEZ","深见真","富士见文库","连载中","2012-11-18","332K","校园 战斗 后宫 青梅竹马 妹妹","http://img.wenku8.com/image/1/1094/1094s.jpg","“大牙谦吾去哪儿了？”
“谁晓得啊~那家伙的话，今天大概又在哪里拯救世界吧？”
海…"
"https://raw.githubusercontent.com/ixinzhi/lightnovel-2009to2013/master/给小桃的信 - 百濑忍 - 20121117.epub",1313,"https://www.wenku8.net/book/1313.htm","title+author","给小桃的信","百濑忍","角川文库","已完结/ 已动画化","2012-11-17","71K","奇幻 青春","http://img.wenku8.com/image/1/1313/1313s.jpg","小桃和爸爸吵了一架之后，还来不及和好，爸爸却过世了……
小学六年级的小桃，偶然间…"
"https://raw.githubusercontent.com/ixinzhi/lightnovel-2009to2013/master/梅格与赛隆 - 时雨泽惠一 - 20121114.epub",92,"https://www.wenku8.net/book/92.htm","title+author","梅格与赛隆","时雨泽惠一","电击文库","已完结","2012-11-14","590K","校园 青春 恋爱","http://img.wenku8.com/image/0/92/92s.jpg","以外型俊俏、头脑优秀，大受女生欢迎的赛隆，以及虽然可爱温顺，其实内心充满正义感的…"
"https://raw.githubusercontent.com/ixinzhi/lightnovel-2009to2013/master/我们的社团活动才刚刚开始！ - 合作 - 20121112.epub",1490,"https://www.wenku8.net/book/1490.htm","title+author","社团文集(我们的社团活动才刚刚开始)","合作","Fami通文库","已完结","2020-03-03","204K","校园 青春 冒险 竞技","http://img.wenku8.com/image/1/1490/1490s.jpg","描绘出一切纠纷都用大贫民来解决的「大贫民部」最后一战，更伊俊介《B·E·T》。隐藏在…"
"https://raw.githubusercontent.com/ixinzhi/lightnovel-2009to2013/master/姐神! - 橘ぱん - 20121108.epub",1310,"https://www.wenku8.net/book/1310.htm","title+author","姐神!","橘ぱん","一迅社","已完结","2012-11-08","109K","校园 欢乐向 后宫","http://img.wenku8.com/image/1/1310/1310s.jpg","在八百万神明突然消失的日本。以湖月町为据点，新神降临计划正在进行中，身为计划责任…"
"https://raw.githubusercontent.com/ixinzhi/lightnovel-2009to2013/master/最终幻想XIII官方前传小说 - 映岛巡 - 20121103.epub",633,"https://www.wenku8.net/book/633.htm","title+author","最终幻想XIII官方前传小说","映岛巡","其他文库","已完结","2012-11-03","234K","科幻 冒险 战斗","http://img.wenku8.com/image/0/633/633s.jpg","坚强的姐姐在双亲病故后全力照顾文弱的妹妹，甚至为此更改了父母给予的名字；已经有半…"
"https://raw.githubusercontent.com/ixinzhi/lightnovel-2009to2013/master/向森之魔物献上花束(向森林的魔兽少女献花) - 小木君人 - 20121102.epub",1306,"https://www.wenku8.net/book/1306.htm","title+author","向森之魔物献上花束(向森林的魔兽少女献花)","小木君人","小学馆","已完结","2012-11-02","106K","奇幻 冒险 恋爱 人外","http://img.wenku8.com/image/1/1306/1306s.jpg","在剑与魔法作为一股强大力量的世界里，克雷欧过着只有绘画是唯一生存意义的孤独生活。…"
"https://raw.githubusercontent.com/ixinzhi/lightnovel-2009to2013/master/Rewrite SSS - 儿玉新一郎 等 - 20121027.epub",1304,"https://www.wenku8.net/book/1304.htm","title_only","Rewrite SSS","合作","其他文库","连载中","2012-10-27","65K","校园 青春 恋爱","http://img.wenku8.com/image/1/1304/1304s.jpg","风祭市以文明与绿意共存的理想，为都市中心思想；以此地为舞台的校园恋爱AVG「Rewrite…"
"https://raw.githubusercontent.com/ixinzhi/lightnovel-2009to2013/master/神曲奏界 沉默歌姬 - 榊一郎 - 20121024.epub",1303,"https://www.wenku8.net/book/1303.htm","title+author","神曲奏界 沉默歌姬","榊一郎","GA文库","已完结","2012-10-24","98K","校园 奇幻 音乐 青春 恋爱","http://img.wenku8.com/image/1/1303/1303s.jpg","技术高超但缺乏热情的少年，干劲十足却怀有缺陷的少女。
相遇的两人能否开创出自己的…"
"https://raw.githubusercontent.com/ixinzhi/lightnovel-2009to2013/master/剑精试炼 - 大乐绚太 - 20121021.epub",998,"https://www.wenku8.net/book/998.htm","title+author","剑精试炼","大乐绚太","富士见文库","连载中","2012-10-21","269K","奇幻 战斗 冒险 后宫 人外","http://img.wenku8.com/image/0/998/998s.jpg","佣兵之国罗古雷斯。由于【黑之极光】的存在而与外界断绝了联系的无聊国家里，住着自暴…"
"https://raw.githubusercontent.com/ixinzhi/lightnovel-2009to2013/master/丹特丽安的书架 - 三云岳斗 - 20121013.epub",819,"https://www.wenku8.net/book/819.htm","title+author","丹特丽安的书架","三云岳斗","角川文库","已完结/ 已动画化","2026-09-05","801K","奇幻 悬疑 冒险 恋爱","http://img.wenku8.com/image/0/819/819s.jpg","修伊从过去不惜以半片领土交换一本珍奇书籍的搜书狂祖父处，继承了古老大宅及其所有藏…"
"https://raw.githubusercontent.com/ixinzhi/lightnovel-2009to2013/master/虚界怪造学 - 日日日 - 20121013.epub",233,"https://www.wenku8.net/book/233.htm","title+author","虚界怪造学","日日日","角川文库","连载中","2012-10-13","764K","校园 奇幻 战斗","http://img.wenku8.com/image/0/233/233s.jpg","古顷怪造高中一年星班座号七号，怪造学者实习生空井伊依，梦想是成为伟大的怪造学者，…"
"https://raw.githubusercontent.com/ixinzhi/lightnovel-2009to2013/master/对恶魔揉来揉去的理由 - 镜裕之 - 20121013.epub",1291,"https://www.wenku8.net/book/1291.htm","title+author","对恶魔揉来揉去的理由","镜裕之","HJ文库","已完结","2012-10-13","139K","校园 奇幻 欢乐向 后宫 妹妹 青梅竹马","http://img.wenku8.com/image/1/1291/1291s.jpg","(因尺度问题，本小说极个别段落略有删减)天使与恶魔的对决？！
绮罗星梦人和恶友由于…"
"https://raw.githubusercontent.com/ixinzhi/lightnovel-2009to2013/master/蓬莱学园的初恋 - 新城十马 - 20121008.epub",1290,"https://www.wenku8.net/book/1290.htm","title+author","蓬莱学园的初恋","新城十马","富士见文库","连载中","2012-10-08","90K","校园 奇幻 青春 恋爱 欢乐向","http://img.wenku8.com/image/1/1290/1290s.jpg","“蓬莱学园——全世界屈指可数的巨大高中。地址在东京都台东区宇津帆岛，不过具体位置…"
"https://raw.githubusercontent.com/ixinzhi/lightnovel-2009to2013/master/受欢迎的我连世界都拯救了(泣) - 谷春庆 - 20121008.epub",1280,"https://www.wenku8.net/book/1280.htm","title+author","受欢迎的我连世界都拯救了(泣)","谷春庆","其他文库","连载中","2012-10-08","106K","校园 奇幻 战斗 后宫 青梅竹马","http://img.wenku8.com/image/1/1280/1280s.jpg","碎月，你期待什么样的初体验？“3P!”
将来的梦想是？“拥有一座逍遥的后宫!”
愿意…"
"https://raw.githubusercontent.com/ixinzhi/lightnovel-2009to2013/master/我俩开始征服世界 - 冈崎登 - 20121006.epub",418,"https://www.wenku8.net/book/418.htm","title+author","我俩开始征服世界","冈崎登","MF文库J","已完结","2012-10-06","457K","校园 青春 欢乐向 后宫 青梅竹马","http://img.wenku8.com/image/0/418/418s.jpg","我叫做赤尾龙太。高中入学的第一天，有个班上的女同学主动跟我搭讪。“还记得我吗?我叫…"
"https://raw.githubusercontent.com/ixinzhi/lightnovel-2009to2013/master/茜色交响曲 - 瑞智士记 - 20121003.epub",1294,"https://www.wenku8.net/book/1294.htm","title+author","茜色交响曲","瑞智士记","一迅社","已完结","2012-10-03","120K","校园 音乐 青春 百合 女性视角","http://img.wenku8.com/image/1/1294/1294s.jpg","茜根苏奈虽然希望能在高中进入音乐相关社团，可是她却没有任何接触乐器的经验，对音乐…"
"https://raw.githubusercontent.com/ixinzhi/lightnovel-2009to2013/master/Happy Death Day - 望公太 - 20121003.epub",1241,"https://www.wenku8.net/book/1241.htm","title+author","Happy Death Day","望公太","GA文库","已完结","2012-10-03","150K","青春 悬疑 黑暗","http://img.wenku8.com/image/1/1241/1241s.jpg","我的名字叫紫藤。就叫我死土吧。
现今十九岁。没有负债，没有失恋，也没有受过虐待，…"
"https://raw.githubusercontent.com/ixinzhi/lightnovel-2009to2013/master/真·天地无用 - 梶岛正树 - 20121003.epub",373,"https://www.wenku8.net/book/373.htm","title+author","真·天地无用","梶岛正树","富士见文库","已完结/ 已动画化","2012-10-03","213K","科幻 冒险 后宫","http://img.wenku8.com/image/0/373/373s.jpg","树雷皇来征木家视察已经一周了。
准确地说，正好过了一周。
每天一样的事，也正在重…"
"https://raw.githubusercontent.com/ixinzhi/lightnovel-2009to2013/master/狂乱家族日记 - 日日日 - 20121003.epub",113,"https://www.wenku8.net/book/113.htm","title+author","狂乱家族日记","日日日","Fami通文库","连载中/ 已动画化","2012-10-03","1021K","奇幻 欢乐向 青春 恋爱 人外","http://img.wenku8.com/image/0/113/113s.jpg","一千年前出现的破坏化身“阎祸”在灭亡前丢下一句“一千年后我的孩子将会将绝望带给世…"
"https://raw.githubusercontent.com/ixinzhi/lightnovel-2009to2013/master/虫忍—MUSHININ— - 古桥秀之 - 20121001.epub",1247,"https://www.wenku8.net/book/1247.htm","title+author","虫忍—MUSHININ—","古桥秀之","其他文库","已完结","2012-10-01","43K","奇幻 复仇 战斗","http://img.wenku8.com/image/1/1247/1247s.jpg","位于狂风肆虐的地表，受到神木《七星树》守护的最后人城。跋扈于其周边的非人魔怪与半…"
"https://raw.githubusercontent.com/ixinzhi/lightnovel-2009to2013/master/付丧堂古董店 - 御堂彰彦 - 20120927.epub",157,"https://www.wenku8.net/book/157.htm","title+author","付丧堂古董店","御堂彰彦","电击文库","已完结","2012-09-27","748K","奇幻 悬疑","http://img.wenku8.com/image/0/157/157s.jpg","这个世界上有被称为“Antique”的东西存在，不是指有年代的东西或者古董、古艺术品之类…"
"https://raw.githubusercontent.com/ixinzhi/lightnovel-2009to2013/master/圣兽王的新娘 - 高远砂夜 - 20120926.epub",432,"https://www.wenku8.net/book/432.htm","title+author","圣兽王的新娘","高远砂夜","少女文库","已完结","2012-09-26","671K","奇幻 恋爱","http://img.wenku8.com/image/0/432/432s.jpg","多雷纳王国的公主――莉姬，自小便以王位继承人的身分被抚养长大，然而不幸事件却突然…"
"https://raw.githubusercontent.com/ixinzhi/lightnovel-2009to2013/master/家守绮谭 - 梨木香步 - 20120925.epub",1286,"https://www.wenku8.net/book/1286.htm","title+author","家守绮谭","梨木香步","其他文库","已完结","2012-09-25","67K","奇幻 青春 治愈","http://img.wenku8.com/image/1/1286/1286s.jpg","不可思议啊！人类早已遗忘的万物灵性，却存在于这部京都妖异奇谈。
读着让人好愉快、…"
"https://raw.githubusercontent.com/ixinzhi/lightnovel-2009to2013/master/紫苑的血族 - 杉井光 - 20120924.epub",1067,"https://www.wenku8.net/book/1067.htm","title+author","紫苑的血族","杉井光","一迅社","已完结","2012-09-24","313K","校园 奇幻 异能 战斗 后宫","http://img.wenku8.com/image/1/1067/1067s.jpg","血之记忆在两千年来持续守护日本皇统的紫苑寺一族体内沉睡着。紫苑寺有叶，一名乍看下…"
"https://raw.githubusercontent.com/ixinzhi/lightnovel-2009to2013/master/世界第一初恋 吉野千秋的场合 - 藤崎都 - 20120923.epub",1285,"https://www.wenku8.net/book/1285.htm","title+author","世界第一初恋 吉野千秋的场合","藤崎都","少女文库","已完结/ 已动画化","2012-09-23","209K","职场 青春 恋爱 耽美 青梅竹马","http://img.wenku8.com/image/1/1285/1285s.jpg","某日，以[吉川千春]作为笔名的当红少女漫画家吉野千秋，目击了他的朋友也是青梅竹马的…"
"https://raw.githubusercontent.com/ixinzhi/lightnovel-2009to2013/master/龙之界点 - 城崎火也 - 20120922.epub",108,"https://www.wenku8.net/book/108.htm","title+author","龙之界点","城崎火也","集英社","已完结/ 已动画化","2012-09-22","890K","奇幻 冒险 战斗 校园 后宫 人外","http://img.wenku8.com/image/0/108/108s.jpg","龙司原本只是一名过著平凡生活的普通高中生，但是自从他的远房表姊&#12539;英理子从国外…"
"https://raw.githubusercontent.com/ixinzhi/lightnovel-2009to2013/master/香格里拉 - 池上永一 - 20120905.epub",1222,"https://www.wenku8.net/book/1222.htm","title+author","香格里拉","池上永一","角川文库","已完结/ 已动画化","2012-09-05","497K","科幻 战斗 冒险","http://img.wenku8.com/image/1/1222/1222s.jpg","「我的未来，由我决定９
21世纪中叶，日本关东地区发生了史无前例的强烈大地震，日本…"
"https://raw.githubusercontent.com/ixinzhi/lightnovel-2009to2013/master/突然成为骑士 - 糸绪思惟 - 20120830.epub",1035,"https://www.wenku8.net/book/1035.htm","title+author","突然成为骑士","糸绪思惟","HJ文库","已完结","2012-08-30","559K","校园 魔法 战斗 欢乐向 后宫 青梅竹马","http://img.wenku8.com/image/1/1035/1035s.jpg","在老爹的一声令下，原本过着正常生活的我&#8231;风原凑为了成为骑士远渡重洋来到了夏尔…"
"https://raw.githubusercontent.com/ixinzhi/lightnovel-2009to2013/master/超人家族一家和乐 - 桥本和也 - 20120829.epub",186,"https://www.wenku8.net/book/186.htm","title+author","超人家族一家和乐","桥本和也","角川文库","连载中","2012-08-29","747K","奇幻 异能 冒险 战斗 欢乐向 群像","http://img.wenku8.com/image/0/186/186s.jpg","星弓家的兄弟姐妹，个个都拥有不凡的特殊超能力——
彩美：自称地下运输业，能自由自…"
"https://raw.githubusercontent.com/ixinzhi/lightnovel-2009to2013/master/陪伴着我，陪伴着你 - ごぉ - 20120822.epub",1212,"https://www.wenku8.net/book/1212.htm","title_only","陪伴着我，陪伴着你","ごぉ","其他文库","已完结","2012-08-22","213K","校园 青春 恋爱 后宫 青梅竹马","http://img.wenku8.com/image/1/1212/1212s.jpg","Square Enix GANGAN Online人气电子小说实体化!
那天放学后，有一个女生从顶楼跳了下…"
"https://raw.githubusercontent.com/ixinzhi/lightnovel-2009to2013/master/小学星公主 - 饼月望 - 20120818.epub",710,"https://www.wenku8.net/book/710.htm","title+author","小学星公主","饼月望","集英社","已完结","2012-08-18","348K","科幻 校园 欢乐向 恋爱 青梅竹马","http://img.wenku8.com/image/0/710/710s.jpg","高中生守本贡与小学时的挚友露莉丝久别再相逢，可是她的模样却和以前一模一样!?露莉丝…"
"https://raw.githubusercontent.com/ixinzhi/lightnovel-2009to2013/master/极道彼女! - 三原みつき - 20120817.epub",920,"https://www.wenku8.net/book/920.htm","title+author","极道彼女!","三原みつき","MF文库J","已完结","2012-08-17","289K","校园 青春 恋爱 欢乐向 青梅竹马","http://img.wenku8.com/image/0/920/920s.jpg","「将来要一起进东大喔９——高材生．五十岚真太郎为了找寻当年跟自己如此约定的儿时玩…"
"https://raw.githubusercontent.com/ixinzhi/lightnovel-2009to2013/master/征王之迷宫塔 - 濑尾つかさ - 20120817.epub",1237,"https://www.wenku8.net/book/1237.htm","title+author","征王之迷宫塔","濑尾つかさ","一迅社","已完结","2012-08-17","240K","奇幻 战斗 冒险 恋爱","http://img.wenku8.com/image/1/1237/1237s.jpg","因高度的魔法技术和军备而在地上尊享荣耀的圣六王家，傲慢的将下一个征服地点选为天界…"
"https://raw.githubusercontent.com/ixinzhi/lightnovel-2009to2013/master/纯爱罗曼史 - 藤崎都 - 20120815.epub",360,"https://www.wenku8.net/book/360.htm","title+author","纯爱罗曼史","藤崎都","少女文库","已完结/ 已动画化","2012-08-15","485K","恋爱 欢乐向 耽美","http://img.wenku8.com/image/0/360/360s.jpg","为了准备大学入学考试，铃木美咲接受哥哥的朋友，同时也是超级有名的小说家──藤堂秋…"
"https://raw.githubusercontent.com/ixinzhi/lightnovel-2009to2013/master/决战学生会！ - 番棚葵 - 20120812.epub",984,"https://www.wenku8.net/book/984.htm","title+author","决战学生会！","番棚葵","集英社","已完结","2012-08-12","473K","校园 欢乐向 后宫 青梅竹马 妹妹 伪娘","http://img.wenku8.com/image/0/984/984s.jpg","千金学校·白姬学园的学生会长天井院神菜，以压倒性的美貌和绝对的权力，君临于这所学…"
"https://raw.githubusercontent.com/ixinzhi/lightnovel-2009to2013/master/自我中心纯爱 - 藤崎都 - 20120812.epub",1267,"https://www.wenku8.net/book/1267.htm","title+author","自我中心纯爱","藤崎都","少女文库","已完结","2012-08-12","197K","青春 恋爱 耽美","http://img.wenku8.com/image/1/1267/1267s.jpg","「──弘树是这世界上最可爱的人。」大学生中条弘树透过教授的介绍，成为高中生──风…"
"https://raw.githubusercontent.com/ixinzhi/lightnovel-2009to2013/master/赤色罗曼史 - 藤原佑 - 20120811.epub",188,"https://www.wenku8.net/book/188.htm","title+author","赤色罗曼史","藤原佑","电击文库","已完结","2012-08-11","661K","校园 奇幻 战斗 黑暗 恋爱","http://img.wenku8.com/image/0/188/188s.jpg","长年隐居深山的非人『一族』为了种族存续的问题如今分裂成了两派。内乱的战火也因此延…"
"https://raw.githubusercontent.com/ixinzhi/lightnovel-2009to2013/master/强袭魔女 乙女之章 - 南房秀久 - 20120808.epub",1091,"https://www.wenku8.net/book/1091.htm","title+author","强袭魔女 乙女之章","南房秀久","角川文库","已完结/ 已动画化","2012-08-08","264K","科幻 机战 战争 百合 女性视角","http://img.wenku8.com/image/1/1091/1091s.jpg","我是鲁基尼！第501统合战斗航空团，通称「强袭魔女」的一员，任务就是要跟神秘的敌人涅…"
"https://raw.githubusercontent.com/ixinzhi/lightnovel-2009to2013/master/红钢的精灵操术师 - はやけん - 20120808.epub",1265,"https://www.wenku8.net/book/1265.htm","title_only","红钢的精灵操术师","はやけん","HJ文库","连载中","2012-08-08","88K","奇幻 魔法 机战 战争 恋爱","http://img.wenku8.com/image/1/1265/1265s.jpg","世界上唯一能使用魔法的战士是精灵操术师。其中拥有[红剑鬼]之名隶属法苏朗王国军的利…"
"https://raw.githubusercontent.com/ixinzhi/lightnovel-2009to2013/master/恋爱超能力(小齿轮) - 樋口司 - 20120808.epub",403,"https://www.wenku8.net/book/403.htm","title+author","恋爱超能力(小齿轮)","樋口司","MF文库J","已完结","2012-08-08","369K","校园 异能 战斗 欢乐向 后宫","http://img.wenku8.com/image/0/403/403s.jpg","我的名字是佐佐木与四郎。是一个一点也不奇怪的高中生……说一点也不奇怪是骗人的。其…"
"https://raw.githubusercontent.com/ixinzhi/lightnovel-2009to2013/master/热情X冷颤(制服X短裤) - 本田透 - 20120803.epub",461,"https://www.wenku8.net/book/461.htm","title+author","热情X冷颤(制服X短裤)","本田透","集英社","已完结","2012-08-03","477K","校园 欢乐向 后宫 伪娘 妹妹","http://img.wenku8.com/image/0/461/461s.jpg","明明外表是个可爱男生，御影美千绪却因为女性过敏症而无法碰到女孩子!?
为了克服过敏…"
"https://raw.githubusercontent.com/ixinzhi/lightnovel-2009to2013/master/哈罗，天才少女 - 优木カズヒロ - 20120801.epub",1195,"https://www.wenku8.net/book/1195.htm","title+author","哈罗，天才少女","优木カズヒロ","电击文库","已完结","2012-08-01","348K","校园 青春 欢乐向 恋爱 后宫","http://img.wenku8.com/image/1/1195/1195s.jpg","「我想邀请你加入第二科学社。」
以田径资优生身分保送入学，却因为脚伤而失去目标的…"
"https://raw.githubusercontent.com/ixinzhi/lightnovel-2009to2013/master/深山家的蓓儿汀(深山家的贝尔汀) - 逢空万太 - 20120725.epub",995,"https://www.wenku8.net/book/995.htm","title+author","深山家的蓓儿汀(深山家的贝尔汀)","逢空万太","GA文库","连载中","2012-07-25","227K","校园 欢乐向 伪娘 后宫 人外 青梅竹马","http://img.wenku8.com/image/0/995/995s.jpg","「琥太郎殿下，起床了是也，起床了是也９
深山家的女仆机器人&#8231;蓓儿小姐，也就是蓓…"
"https://raw.githubusercontent.com/ixinzhi/lightnovel-2009to2013/master/铭刀少女DEGEN MADCHEN(剑灵少女) - 田口仙年堂 - 20120721.epub",1257,"https://www.wenku8.net/book/1257.htm","title+author","铭刀少女DEGEN MADCHEN(剑灵少女)","田口仙年堂","富士见文库","连载中","2012-07-21","87K","校园 科幻 战斗 恋爱 人外","http://img.wenku8.com/image/1/1257/1257s.jpg","D武器——这是经过漫长的岁月洗礼下，得到特异能力和人格的传说武器通称。他们会基于兴…"
"https://raw.githubusercontent.com/ixinzhi/lightnovel-2009to2013/master/炽天使们的五分钟后 - 瑞智士记 - 20120718.epub",1258,"https://www.wenku8.net/book/1258.htm","title+author","炽天使们的五分钟后","瑞智士记","富士见文库","已完结","2012-07-18","132K","校园 科幻 战斗 青梅竹马 人外","http://img.wenku8.com/image/1/1258/1258s.jpg","“别害怕，由我来保护你。”
威严的声音在耳边响起，那一刻，所有的杂音都消失殆尽了…"
"https://raw.githubusercontent.com/ixinzhi/lightnovel-2009to2013/master/Sweet☆Line-甜蜜☆阵线 - 有泽真水 - 20120717.epub",686,"https://www.wenku8.net/book/686.htm","title+author","Sweet☆Line-甜蜜☆阵线","有泽真水","电击文库","已完结","2012-07-17","398K","校园 青春 恋爱 欢乐向 后宫","http://img.wenku8.com/image/0/686/686s.jpg","花泽正午是个热血高中生，见到才华洋溢的人就会忍不住予以加油喝彩。某天，一名女孩搬…"
"https://raw.githubusercontent.com/ixinzhi/lightnovel-2009to2013/master/R.O.D(读或死) - 仓田英之 - 20120716.epub",484,"https://www.wenku8.net/book/484.htm","title+author","R.O.D(读或死)","仓田英之","集英社","连载中/ 已动画化","2012-07-16","757K","悬疑 异能 战斗 冒险","http://img.wenku8.com/image/0/484/484s.jpg","在东京御台场某个杳无人迹的超高大厦内。
从香港造访的吴姓男子，正准备进行稀有书籍…"
"https://raw.githubusercontent.com/ixinzhi/lightnovel-2009to2013/master/断罪的EXCEED - 海空陆 - 20120706.epub",1042,"https://www.wenku8.net/book/1042.htm","title+author","断罪的EXCEED","海空陆","GA文库","已完结","2012-07-06","544K","校园 奇幻 战斗 后宫 青梅竹马 妹妹","http://img.wenku8.com/image/1/1042/1042s.jpg","卷入让街头巷尾引起骚乱的连续杀人事件中并遭到杀害的藤间大和，被转学生的冬云静马以…"
"https://raw.githubusercontent.com/ixinzhi/lightnovel-2009to2013/master/Minutes 绝对一分钟 - 乙野四方字 - 20120622.epub",1245,"https://www.wenku8.net/book/1245.htm","title+author","Minutes 绝对一分钟","乙野四方字","电击文库","连载中","2012-06-22","119K","校园 异能 斗智 后宫 青梅竹马","http://img.wenku8.com/image/1/1245/1245s.jpg","私立穗尾付学园高中一年级1班学生，相上樱，是个拥有在一分钟的绝对时间内能读取对手内…"
"https://raw.githubusercontent.com/ixinzhi/lightnovel-2009to2013/master/圣钟少女 - 本宫ことは - 20120615.epub",1248,"https://www.wenku8.net/book/1248.htm","title+author","圣钟少女","本宫ことは","少女文库","连载中","2012-06-15","94K","校园 恋爱 女性视角","http://img.wenku8.com/image/1/1248/1248s.jpg","一名拥有天使般声音的少年·萨丁进入位于罗恩王国首都的圣乐学院就读，但他有一个重大…"
"https://raw.githubusercontent.com/ixinzhi/lightnovel-2009to2013/master/荣誉之心 - 淡路帆希 - 20120612.epub",1246,"https://www.wenku8.net/book/1246.htm","title+author","荣誉之心","淡路帆希","富士见文库","连载中","2012-06-12","101K","科幻 冒险 恋爱 人外","http://img.wenku8.com/image/1/1246/1246s.jpg","作为研究机关『发祥地』的人型兵器――『赝人』而诞生下来的少女·柚香与期望着想要柚…"
"https://raw.githubusercontent.com/ixinzhi/lightnovel-2009to2013/master/女帝·龙凰院麟音的初恋 - 风见周 - 20120612.epub",394,"https://www.wenku8.net/book/394.htm","title+author","女帝·龙凰院麟音的初恋","风见周","一迅社","已完结","2012-06-12","396K","校园 欢乐向 后宫 大小姐","http://img.wenku8.com/image/0/394/394s.jpg","热爱巨乳的高一学生，月见里悠太，一觉醒来发现自己的世界竟猪羊变色！才刚开始的暑假…"
"https://raw.githubusercontent.com/ixinzhi/lightnovel-2009to2013/master/海猫鸣泣之时(文) - 龙骑士07 - 20120610.epub",380,"https://www.wenku8.net/book/380.htm","title+author","海猫鸣泣之时","龙骑士07","游戏剧本","已完结/ 已动画化","2014-12-19","2579K","奇幻 悬疑 犯罪 惊悚 猎奇","http://img.wenku8.com/image/0/380/380s.jpg","在日本伊豆群岛中，一个名为六轩岛的小岛上。这个长度只有10公里的小岛，是大富豪右代…"
"https://raw.githubusercontent.com/ixinzhi/lightnovel-2009to2013/master/献给某飞行员的恋歌 - 犬村小六 - 20120608.epub",488,"https://www.wenku8.net/book/488.htm","title+author","献给某飞行员的恋歌","犬村小六","小学馆","已完结/ 已动画化","2012-06-08","579K","恋爱 战争 冒险","http://img.wenku8.com/image/0/488/488s.jpg","「这根本是经过粉饰的放逐剧９
在数万名市民欢送之下，空中之岛伊斯拉经由盛大的出航…"
"https://raw.githubusercontent.com/ixinzhi/lightnovel-2009to2013/master/TriplePlay三重杀的助恶郎 - 西尾維新 - 20120531.epub",1243,"https://www.wenku8.net/book/1243.htm","title_only","TriplePlay三重杀的助恶郎","西尾维新","其他文库","已完结","2012-05-31","73K","悬疑 犯罪","http://img.wenku8.com/image/1/1243/1243s.jpg","在《Double Down 以小博大的勘缲郎》问世2年之后……JDC（日本侦探俱乐部）再次面…"
"https://raw.githubusercontent.com/ixinzhi/lightnovel-2009to2013/master/学园奇诺 - 时雨泽惠一 - 20120531.epub",226,"https://www.wenku8.net/book/226.htm","title+author","学园奇诺","时雨泽惠一","电击文库","连载中","2012-05-31","518K","奇幻 校园 冒险 欢乐向","http://img.wenku8.com/image/0/226/226s.jpg","旅行者奇诺（Kino）骑着她那会说话的摩托车汉密斯（Hermes），与西兹一行人为了追捕四…"
"https://raw.githubusercontent.com/ixinzhi/lightnovel-2009to2013/master/光明之心 面包薰香之岛 - 加纳新太 - 20120530.epub",1242,"https://www.wenku8.net/book/1242.htm","title+author","光明之心 面包薰香之岛","加纳新太","Fami通文库","已完结/ 已动画化","2012-05-30","74K","奇幻 恋爱","http://img.wenku8.com/image/1/1242/1242s.jpg","位于世界尽头的小岛，渥太利亚。漂流到这座岛屿的漂流人李克，成为玛黛拉面包店的学徒…"
"https://raw.githubusercontent.com/ixinzhi/lightnovel-2009to2013/master/原点回归walkers - 森田季节 - 20120530.epub",898,"https://www.wenku8.net/book/898.htm","title+author","原点回归walkers","森田季节","MF文库J","已完结","2012-05-30","187K","校园 奇幻 悬疑 青梅竹马 女性视角","http://img.wenku8.com/image/0/898/898s.jpg","一堆怪人就读的私立御伽坂学园自然会发生一堆怪事。为了捍卫这所学园的和平，有个男人…"
"https://raw.githubusercontent.com/ixinzhi/lightnovel-2009to2013/master/苍翼默示录 - 驹尾真子 - 20120517.epub",1198,"https://www.wenku8.net/book/1198.htm","title+author","苍翼默示录","驹尾真子","富士见文库","连载中/ 已动画化","2012-05-17","199K","奇幻 魔法 战斗 冒险","http://img.wenku8.com/image/1/1198/1198s.jpg","拥有 魔道书[苍]之力 ，人称”死神“的男人拉格纳·扎·布拉德艾奇在陌生之地醒过来的…"
"https://raw.githubusercontent.com/ixinzhi/lightnovel-2009to2013/master/毒吐姬与星之石 - 红玉伊月 - 20120513.epub",1228,"https://www.wenku8.net/book/1228.htm","title+author","毒吐姬与星之石","红玉伊月","电击文库","","","","奇幻 恋爱 治愈","http://img.wenku8.com/image/1/1228/1228s.jpg","卜筮之国·维恩将国运委托于全知全能的上天。而这里有一位生来就口吐恶毒诅咒话语的公…"
"https://raw.githubusercontent.com/ixinzhi/lightnovel-2009to2013/master/LAST KISS - 佐藤ケイ - 20120511.epub",1182,"https://www.wenku8.net/book/1182.htm","title+author","LAST KISS","佐藤ケイ","电击文库","已完结","2012-05-11","98K","青春 妹妹 青梅竹马","http://img.wenku8.com/image/1/1182/1182s.jpg","“如果我死了，哥哥一定会哭的——”
  身患重病的初二学生井崎由香，忽然在暑假临时…"
"https://raw.githubusercontent.com/ixinzhi/lightnovel-2009to2013/master/畸恋迷幻 - 间宫夏生 - 20120511.epub",1235,"https://www.wenku8.net/book/1235.htm","title+author","畸恋迷幻","间宫夏生","电击文库","连载中","2012-05-11","123K","校园 青春 悬疑 恋爱","http://img.wenku8.com/image/1/1235/1235s.jpg","“奇异魔幻”即彩家亭理子，人如其名，是千光高校头号有名的怪人，同时也是怪异爱情拥…"
"https://raw.githubusercontent.com/ixinzhi/lightnovel-2009to2013/master/玩伴猫耳娘 - 神野奥那 - 20120503.epub",245,"https://www.wenku8.net/book/245.htm","title+author","玩伴猫耳娘","神野奥那","MF文库J","连载中/ 已动画化","2012-05-03","713K","校园 科幻 欢乐向 后宫 人外 青梅竹马","http://img.wenku8.com/image/0/245/245s.jpg","住在冲绳的高中生嘉和骑央在房内醒来时，身旁睡着一名发出安稳鼻息声的陌生少女，而且…"
"https://raw.githubusercontent.com/ixinzhi/lightnovel-2009to2013/master/夏日大作战 OZ危机 - 土屋司 - 20120503.epub",1234,"https://www.wenku8.net/book/1234.htm","title+author","夏日大作战 OZ危机","土屋司","角川文库","","","","科幻 冒险 战斗","http://img.wenku8.com/image/1/1234/1234s.jpg","KING KAZMA再度挺身而战，解救OZ危机！
以「KING KAZMA」的称号远近驰名的佳主马，在…"
"https://raw.githubusercontent.com/ixinzhi/lightnovel-2009to2013/master/空想科学生活读本 - 柳田理科雄 - 20120430.epub",1231,"https://www.wenku8.net/book/1231.htm","title+author","空想科学生活读本","柳田理科雄","其他文库","连载中","2012-04-30","115K","科幻 脑洞 欢乐向","http://img.wenku8.com/image/1/1231/1231s.jpg","放送！放送！
科学怪咖
柳田理科雄又来了！
这回柳田老师「深入民间」，精选各种生…"
"https://raw.githubusercontent.com/ixinzhi/lightnovel-2009to2013/master/出租执事 - 藤咲あゆな - 20120428.epub",1167,"https://www.wenku8.net/book/1167.htm","title+author","出租执事","藤咲あゆな","少女文库","已完结","2012-04-28","233K","职场 耽美","http://img.wenku8.com/image/1/1167/1167s.jpg","天上天河是一个认为友情及人生都得靠金钱来维持的IT企业社长独子。但是，某天父亲的公…"
"https://raw.githubusercontent.com/ixinzhi/lightnovel-2009to2013/master/魔法少女的黑色狂想曲 - 根木健太 - 20120425.epub",1230,"https://www.wenku8.net/book/1230.htm","title+author","魔法少女的黑色狂想曲","根木健太","Fami通文库","连载中","2012-04-25","127K","奇幻 魔法 战斗 欢乐向 恋爱 女性视角","http://img.wenku8.com/image/1/1230/1230s.jpg","望月瑠奈是一位爱看魔法少女动画的女高中生，某一天放学回家时，她在公园遇见一匹自称…"
"https://raw.githubusercontent.com/ixinzhi/lightnovel-2009to2013/master/旅行少女与灼热之国 - 藤原征矢 - 20120425.epub",1229,"https://www.wenku8.net/book/1229.htm","title+author","旅行少女与灼热之国","藤原征矢","HJ文库","已完结","2012-04-25","81K","旅行 冒险 战斗 女性视角","http://img.wenku8.com/image/1/1229/1229s.jpg","动画『异域天使』外传，属于万能女仆爱诺雅的故事。既美丽又聪慧，格斗、料理、打扫，…"
"https://raw.githubusercontent.com/ixinzhi/lightnovel-2009to2013/master/变态学姐和我和她 - 山田有 - 20120422.epub",1121,"https://www.wenku8.net/book/1121.htm","title+author","变态学姐和我和她","山田有","富士见文库","连载中","2012-04-22","134K","校园 欢乐向 后宫 青梅竹马","http://img.wenku8.com/image/1/1121/1121s.jpg","我有个大我一岁的青梅竹马。她名字叫做凉风圣知。“柊一君，我今天没有穿内裤哦。”“…"
"https://raw.githubusercontent.com/ixinzhi/lightnovel-2009to2013/master/驭时少女Rinne - 清野静 - 20120422.epub",938,"https://www.wenku8.net/book/938.htm","title+author","驭时少女Rinne","清野静","角川文库","连载中","2012-04-22","368K","科幻 青春 冒险 恋爱 青梅竹马","http://img.wenku8.com/image/0/938/938s.jpg","不看书会死，但又超级讨厌看书！
“驭时”一族能够藉由看两百万字的书，暂停一秒钟的…"
"https://raw.githubusercontent.com/ixinzhi/lightnovel-2009to2013/master/狐的故事 - 森见登美彦 - 20120420.epub",1225,"https://www.wenku8.net/book/1225.htm","title+author","狐的故事","森见登美彦","其他文库","已完结","2012-04-20","102K","奇幻","http://img.wenku8.com/image/1/1225/1225s.jpg","京都、古董店、狐面、长身妖怪、竹林、寺院、幻灯机、水声……
如同梦境和现实生活是…"
"https://raw.githubusercontent.com/ixinzhi/lightnovel-2009to2013/master/机械狂人 - 有川浩 - 20120416.epub",1223,"https://www.wenku8.net/book/1223.htm","title+author","机械狂人","有川浩","其他文库","已完结","2012-04-16","127K","校园 青春","http://img.wenku8.com/image/1/1223/1223s.jpg","炸裂吧！热血沸腾的青春！
新世代恋爱小说女王 有川浩，这次要带给你最强劲有力的青春…"
"https://raw.githubusercontent.com/ixinzhi/lightnovel-2009to2013/master/U.F.O.未确认飞行 - 大桥英高 - 20120413.epub",1220,"https://www.wenku8.net/book/1220.htm","title+author","U.F.O.未确认飞行","大桥英高","Fami通文库","连载中","2012-04-13","93K","校园 奇幻 欢乐向 恋爱 妹妹","http://img.wenku8.com/image/1/1220/1220s.jpg","家中开设神社，并且拥有搓揉胸部即可让女性罩杯升级的特异高中生，如月悠斗。因为某次…"
"https://raw.githubusercontent.com/ixinzhi/lightnovel-2009to2013/master/剑之女王与烙印之子 - 杉井光 - 20120412.epub",514,"https://www.wenku8.net/book/514.htm","title+author","剑之女王与烙印之子","杉井光","MF文库J","已完结","2012-04-12","907K","奇幻 异能 战斗 冒险 恋爱","http://img.wenku8.com/image/0/514/514s.jpg","少年背负着诅咒，那是吞噬他人命运的野兽之樱遍野尸骸的战场上，少年遇见了少女。红发…"
"https://raw.githubusercontent.com/ixinzhi/lightnovel-2009to2013/master/ToHeart2 - 村田治 - 20120408.epub",977,"https://www.wenku8.net/book/977.htm","title+author","ToHeart2","村田治","其他文库","已完结/ 已动画化","2012-04-08","219K","校园 青春 恋爱 后宫 青梅竹马","http://img.wenku8.com/image/0/977/977s.jpg","校园恋爱游戏名作改编！
聚焦于人气角色的『ToHeart2』外传故事。…"
"https://raw.githubusercontent.com/ixinzhi/lightnovel-2009to2013/master/羔羊的盛宴 - 米泽穗信 - 20120407.epub",1218,"https://www.wenku8.net/book/1218.htm","title+author","羔羊的盛宴","米泽穗信","其他文库","已完结","2012-04-07","109K","悬疑 犯罪 黑暗","http://img.wenku8.com/image/1/1218/1218s.jpg","巴比伦会里聚集着一群上流社会的女性。外表看似光鲜亮丽的她们却有着不为人知的秘密。…"
"https://raw.githubusercontent.com/ixinzhi/lightnovel-2009to2013/master/钢铁白兔骑士团 - 舞阪洸 - 20120406.epub",149,"https://www.wenku8.net/book/149.htm","title+author","钢铁白兔骑士团","舞阪洸","Fami通文库","已完结","2012-04-06","1205K","奇幻 战争 百合","http://img.wenku8.com/image/0/149/149s.jpg","在至今还留有诸神痕迹的世界——艾斯佩利物·邬莫尔一角的巴斯提亚大陆，这里有一支名…"
"https://raw.githubusercontent.com/ixinzhi/lightnovel-2009to2013/master/明治开化安吾捕物帖 - 坂口安吾 - 20120405.epub",1217,"https://www.wenku8.net/book/1217.htm","title+author","明治开化安吾捕物帖","坂口安吾","角川文库","已完结/ 已动画化","2012-04-05","406K","悬疑","http://img.wenku8.com/image/1/1217/1217s.jpg","19世纪末，日本正值明治维新时期，人心不安、时局动荡，绅士侦探结城新十郎联合维新英…"
"https://raw.githubusercontent.com/ixinzhi/lightnovel-2009to2013/master/白梦 - 濑尾司 - 20120404.epub",1110,"https://www.wenku8.net/book/1110.htm","title+author","白梦","濑尾司","富士见文库","连载中","2012-04-04","189K","校园 奇幻 战斗 后宫","http://img.wenku8.com/image/1/1110/1110s.jpg","深森荣一，高中二年级。失去了四年以前的记忆，除此之外一切都很平凡，但是现在究竟…"
"https://raw.githubusercontent.com/ixinzhi/lightnovel-2009to2013/master/有闲俱乐部 - 下川香苗 - 20120328.epub",1210,"https://www.wenku8.net/book/1210.htm","title+author","有闲俱乐部","下川香苗","其他文库","已完结/ 已动画化","2012-03-28","73K","校园 青春 恋爱 欢乐向","http://img.wenku8.com/image/1/1210/1210s.jpg","同名漫画小说版…"
"https://raw.githubusercontent.com/ixinzhi/lightnovel-2009to2013/master/旅行，直至毁灭世界的终焉 - 万屋直人 - 20120327.epub",1208,"https://www.wenku8.net/book/1208.htm","title+author","旅行，直至毁灭世界的终焉","万屋直人","电击文库","已完结","2012-03-27","123K","末日 旅行 青春","http://img.wenku8.com/image/1/1208/1208s.jpg","少年和少女的旅程开始了。带着一本日记，直到世界的终焉。 
世界，已经慢慢朝着毁灭的…"
"https://raw.githubusercontent.com/ixinzhi/lightnovel-2009to2013/master/护花之龙的叙情诗 - 淡路帆希 - 20120323.epub",560,"https://www.wenku8.net/book/560.htm","title+author","护花之龙的叙情诗","淡路帆希","富士见文库","已完结","2012-03-23","445K","奇幻 冒险 恋爱","http://img.wenku8.com/image/0/560/560s.jpg","被邻国艾赛维纳压制的小国，奥库托斯。成为了阶下之囚的奥库托斯公主，希帕缇卡，正处…"
"https://raw.githubusercontent.com/ixinzhi/lightnovel-2009to2013/master/七人武器店 - 大乐绚太 - 20120319.epub",293,"https://www.wenku8.net/book/293.htm","title+author","七人武器店","大乐绚太","富士见文库","连载中","2012-03-19","229K","奇幻 冒险 欢乐向","http://img.wenku8.com/image/0/293/293s.jpg","既找不到想做的事。也找不到擅长做的事。更没有热衷的事。弄不懂真正的自我——如此烦…"
"https://raw.githubusercontent.com/ixinzhi/lightnovel-2009to2013/master/利维坦的恋人 - 犬村小六 - 20120317.epub",944,"https://www.wenku8.net/book/944.htm","title+author","利维坦的恋人","犬村小六","小学馆","已完结","2012-03-17","482K","科幻 异能 战斗 恋爱","http://img.wenku8.com/image/0/944/944s.jpg","2027年，来历不明的病毒为人类带来了一场空前的毁灭性浩劫，全世界只有1%的人得以幸存…"
"https://raw.githubusercontent.com/ixinzhi/lightnovel-2009to2013/master/空想科学读本 - 柳田理科雄 - 20120316.epub",299,"https://www.wenku8.net/book/299.htm","title+author","空想科学读本","柳田理科雄","其他文库","连载中","2012-03-16","530K","科幻 脑洞 欢乐向 宅文化","http://img.wenku8.com/image/0/299/299s.jpg","严格说来这是一本超otaku书籍，因为它的内容就是：用科学的角度来看卡通、特摄中的设定…"
"https://raw.githubusercontent.com/ixinzhi/lightnovel-2009to2013/master/月光 - 间宫夏生 - 20120314.epub",1036,"https://www.wenku8.net/book/1036.htm","title+author","月光","间宫夏生","电击文库","已完结","2012-03-14","165K","校园 悬疑 青春 恋爱","http://img.wenku8.com/image/1/1036/1036s.jpg","渴望从无趣的日常生活中解放，却也只能过着平淡的每一天的野野宫，是一名冷眼看世界的…"
"https://raw.githubusercontent.com/ixinzhi/lightnovel-2009to2013/master/Judgement Chime 制裁钟声 - 驹尾真子 - 20120314.epub",1203,"https://www.wenku8.net/book/1203.htm","title+author","Judgement Chime 制裁钟声","驹尾真子","其他文库","已完结","2012-03-14","70K","校园 奇幻 战斗 恋爱 人外","http://img.wenku8.com/image/1/1203/1203s.jpg","魔与人及神在各自的大陆里各自生息的时代，在金钱与欲望的漩涡中渐趋腐败的魔界，有唯…"
"https://raw.githubusercontent.com/ixinzhi/lightnovel-2009to2013/master/我的未来和恋爱湛蓝而清澈 - 高瀬ユウヤ - 20120312.epub",1204,"https://www.wenku8.net/book/1204.htm","title_only","我的未来和恋爱湛蓝而清澈","高濑ユウヤ","富士见文库","已完结","2012-03-12","94K","科幻 校园 青春 恋爱 女性视角","http://img.wenku8.com/image/1/1204/1204s.jpg","大家好！我是水上涉。失去了家人。现在住在亲戚友的家里。虽然不是报答一宿一饭的恩…"
"https://raw.githubusercontent.com/ixinzhi/lightnovel-2009to2013/master/打工族买屋记 - 有川浩 - 20120305.epub",1200,"https://www.wenku8.net/book/1200.htm","title+author","打工族买屋记","有川浩","其他文库","已完结","2012-03-05","135K","青春","http://img.wenku8.com/image/1/1200/1200s.jpg","三流大学毕业的诚治，才就业三个月，就满腹牢骚地离职，却发现再找正职不容易，于是干…"
"https://raw.githubusercontent.com/ixinzhi/lightnovel-2009to2013/master/宵山万花筒 - 森见登美彦 - 20120302.epub",1199,"https://www.wenku8.net/book/1199.htm","title+author","宵山万花筒","森见登美彦","其他文库","已完结","2012-03-02","84K","奇幻","http://img.wenku8.com/image/1/1199/1199s.jpg","宵山——京都祇园祭的前夜。在这华美幽暗的千年古都里，祭典的热闹仿佛吞没了整座城市…"
"https://raw.githubusercontent.com/ixinzhi/lightnovel-2009to2013/master/虚轴少女 - 藤原佑 - 20120301.epub",41,"https://www.wenku8.net/book/41.htm","title+author","虚轴少女","藤原佑","电击文库","已完结","2012-03-01","1124K","校园 科幻 异能 战斗 后宫 青梅竹马","http://img.wenku8.com/image/0/41/41s.jpg","【全一】──城岛硝子。
【有识分体】──柿原里绪。
【破碎的万花筒】──舞鹤蜜。…"
"https://raw.githubusercontent.com/ixinzhi/lightnovel-2009to2013/master/夜行观览车 - 凑佳苗 - 20120301.epub",1197,"https://www.wenku8.net/book/1197.htm","title+author","夜行观览车","凑佳苗","其他文库","已完结","2012-03-01","132K","悬疑 黑暗","http://img.wenku8.com/image/1/1197/1197s.jpg","城市里最高级的住宅区发生一起命案——男主人弘幸在自己家中被杀害，而最大的嫌疑人竟…"
"https://raw.githubusercontent.com/ixinzhi/lightnovel-2009to2013/master/魔女的红线 - 田口一 - 20120301.epub",289,"https://www.wenku8.net/book/289.htm","title+author","魔女的红线","田口一","MF文库J","已完结","2012-03-01","369K","校园 奇幻 战斗 欢乐向 后宫","http://img.wenku8.com/image/0/289/289s.jpg","身为班级干部的羽田琴也，某天在上学途中突然被人从后头撞倒、狠狠踩在脚下。搞不清楚…"
"https://raw.githubusercontent.com/ixinzhi/lightnovel-2009to2013/master/15X24 - 新城Kazma - 20120228.epub",966,"https://www.wenku8.net/book/966.htm","title_only","15X24","新城十马","集英社","已完结","2020-03-15","602K","悬疑 冒险 青春 黑暗","http://img.wenku8.com/image/0/966/966s.jpg","在迎来2005年除夕的东京，一个少年跟在网上认识的名为“17”的人相约一起死去。然而，…"
"https://raw.githubusercontent.com/ixinzhi/lightnovel-2009to2013/master/神曲奏界 蓝 - 筑地俊彦 - 20120227.epub",274,"https://www.wenku8.net/book/274.htm","title+author","神曲奏界 蓝","筑地俊彦","GA文库","已完结","2012-02-27","279K","奇幻 音乐 恋爱 欢乐向","http://img.wenku8.com/image/0/274/274s.jpg","为了实现「精灵至上主义现实派」（通称：海蒂与她的怪胎同伴们）的理想，眼镜娘精灵—…"
"https://raw.githubusercontent.com/ixinzhi/lightnovel-2009to2013/master/负数与零 - 广濑正 - 20120227.epub",1196,"https://www.wenku8.net/book/1196.htm","title+author","负数与零","广濑正","集英社","已完结","2012-02-27","164K","科幻 冒险 青春","http://img.wenku8.com/image/1/1196/1196s.jpg","1945年的东京。在空袭中，浜田少年受到了即将断气的邻居“老师”的奇妙委托。18年后的…"
"https://raw.githubusercontent.com/ixinzhi/lightnovel-2009to2013/master/超萌 我们的天神乱漫 - Harvest - 20120226.epub",1194,"https://www.wenku8.net/book/1194.htm","title+author","超萌 我们的天神乱漫","Harvest","其他文库","已完结","2012-02-26","38K","校园 欢乐向 后宫 妹妹 青梅竹马 人外","http://img.wenku8.com/image/1/1194/1194s.jpg","自认为日常生活非常平静的千岁春树其实是个相当不幸的人，只是，就算身上净是发生一些…"
"https://raw.githubusercontent.com/ixinzhi/lightnovel-2009to2013/master/我和侦探伯爵 - 森博嗣 - 20120225.epub",1193,"https://www.wenku8.net/book/1193.htm","title+author","我和侦探伯爵","森博嗣","其他文库","已完结","2012-02-25","92K","悬疑 冒险","http://img.wenku8.com/image/1/1193/1193s.jpg","用课本上和小说里学不到的实用性推理，
拽出“四张扑克牌失踪案”的幕后真凶，
潜伏…"
"https://raw.githubusercontent.com/ixinzhi/lightnovel-2009to2013/master/傲蕉魔法使 - 谷口シュンスケ - 20120223.epub",975,"https://www.wenku8.net/book/975.htm","title+author","傲蕉魔法使","谷口シュンスケ","HJ文库","已完结","2012-02-23","167K","奇幻 冒险 战斗 欢乐向 后宫","http://img.wenku8.com/image/0/975/975s.jpg","「我讨厌现实！我不要这样的人生９基于这样的想法，没钱没女友又没魔法才能的坏人脸少…"
"https://raw.githubusercontent.com/ixinzhi/lightnovel-2009to2013/master/欢迎来到巫家！ - 冬木冬树 - 20120221.epub",1185,"https://www.wenku8.net/book/1185.htm","title+author","欢迎来到巫家！","冬木冬树","GA文库","连载中","2012-02-21","87K","校园 奇幻 欢乐向","http://img.wenku8.com/image/1/1185/1185s.jpg","“你看起来很不幸呢”
“……又是什么宗教的劝诱么”
少女转身准备走开。
“拜托你等等…"
"https://raw.githubusercontent.com/ixinzhi/lightnovel-2009to2013/master/咬上去吧，安诺酱! - 小林がる - 20120221.epub",1176,"https://www.wenku8.net/book/1176.htm","title+author","咬上去吧，安诺酱!","小林がる","富士见文库","已完结","2012-02-21","110K","校园 奇幻 战斗 欢乐向 后宫 青梅竹马","http://img.wenku8.com/image/1/1176/1176s.jpg","“你看起来很好吃呢？”
跟别人扯上关系什么的超麻烦－…同这样乖僻的高中生·米人相…"
"https://raw.githubusercontent.com/ixinzhi/lightnovel-2009to2013/master/灼热的小早川同学 - 田中罗密欧 - 20120220.epub",1188,"https://www.wenku8.net/book/1188.htm","title+author","灼热的小早川同学","田中罗密欧","小学馆","已完结","2012-02-20","100K","校园 青春 恋爱","http://img.wenku8.com/image/1/1188/1188s.jpg","无论是人际关系或是读书学习都能轻松掌握，处事圆滑的高中生饭嶋直幸。就读县内首屈一…"
"https://raw.githubusercontent.com/ixinzhi/lightnovel-2009to2013/master/少女 - 凑佳苗 - 20120220.epub",1189,"https://www.wenku8.net/book/1189.htm","title+author","少女","凑佳苗","其他文库","已完结","2012-02-20","103K","校园 青春 黑暗 悬疑 女性视角","http://img.wenku8.com/image/1/1189/1189s.jpg","最好的朋友之间，也有不能说出口的秘密……
由纪和敦子从小就是最要好的朋友，曾经偷…"
"https://raw.githubusercontent.com/ixinzhi/lightnovel-2009to2013/master/奥加zoom up! - 穗史贺雅也 - 20120215.epub",1172,"https://www.wenku8.net/book/1172.htm","title+author","奥加zoom up!","穗史贺雅也","MF文库J","连载中","2012-02-15","80K","校园 奇幻 欢乐向 后宫 人外","http://img.wenku8.com/image/1/1172/1172s.jpg","犬伏佑二在学校里也有一个秘密。那就是，他和班上同学井上玖玖流结婚并且已经同居。不…"
"https://raw.githubusercontent.com/ixinzhi/lightnovel-2009to2013/master/幸运女仆天君 - 若月光 - 20120213.epub",1099,"https://www.wenku8.net/book/1099.htm","title+author","幸运女仆天君","若月光","HJ文库","连载中","2012-02-13","103K","校园 欢乐向 后宫 大小姐 青梅竹马 伪娘","http://img.wenku8.com/image/1/1099/1099s.jpg","以一亿元的价格被富豪「买下来」了的大黑天，而买走他的人竟然是小时候做过结婚约定的…"
"https://raw.githubusercontent.com/ixinzhi/lightnovel-2009to2013/master/樱色少年茶房 - 博惠夏树 - 20120212.epub",1181,"https://www.wenku8.net/book/1181.htm","title+author","樱色少年茶房","博惠夏树","角川文库","连载中","2012-02-12","42K","校园 职场 青春 欢乐向 伪娘","http://img.wenku8.com/image/1/1181/1181s.jpg","——换做是你的话会怎么做呢？
假如有间非常可爱的女仆们会提供理想中的服务给你的女…"
"https://raw.githubusercontent.com/ixinzhi/lightnovel-2009to2013/master/青之驱魔师 Weekend Hero - 矢岛绫 - 20120210.epub",1177,"https://www.wenku8.net/book/1177.htm","title+author","青之驱魔师 Weekend Hero","矢岛绫","集英社","已完结/ 已动画化","2012-02-10","71K","校园 奇幻 战斗 欢乐向","http://img.wenku8.com/image/1/1177/1177s.jpg","初中生的雪男做为独当一面的驱魔师活跃着，燐却对恶魔一无所知。这样的两兄弟面前，出…"
"https://raw.githubusercontent.com/ixinzhi/lightnovel-2009to2013/master/无限住人 刃兽异闻 - 大迫纯一 - 20120203.epub",1174,"https://www.wenku8.net/book/1174.htm","title+author","无限住人 刃兽异闻","大迫纯一","讲谈社","已完结/ 已动画化","2012-02-03","80K","奇幻 复仇 战斗 冒险 恋爱","http://img.wenku8.com/image/1/1174/1174s.jpg","父亲被杀、母亲被凌辱，誓言要向逸刀流复仇的浅野道场独生女·凛，找来被称为「百人斩…"
"https://raw.githubusercontent.com/ixinzhi/lightnovel-2009to2013/master/土属性可不是闹着玩的！ - 叶原铁 - 20120129.epub",1136,"https://www.wenku8.net/book/1136.htm","title+author","土属性可不是闹着玩的！","叶原铁","一迅社","连载中","2012-01-29","121K","校园 奇幻 欢乐向 后宫","http://img.wenku8.com/image/1/1136/1136s.jpg","此地为《四方平》。精灵和人类通过灵术共存并形成社会的大都市。某个春季的夜晚，土属…"
"https://raw.githubusercontent.com/ixinzhi/lightnovel-2009to2013/master/临界杀机(境界人) - 神崎紫电 - 20120128.epub",441,"https://www.wenku8.net/book/441.htm","title+author","临界杀机(境界人)","神崎紫电","小学馆","已完结","2012-01-28","628K","犯罪 悬疑 惊悚 猎奇 黑暗","http://img.wenku8.com/image/0/441/441s.jpg","聚集了杀人与凌虐爱好者的地下网站管理者·月森高中二年级的摩弥京也，在一个偶然的情…"
"https://raw.githubusercontent.com/ixinzhi/lightnovel-2009to2013/master/星尘中队 离星空最近之处 - foca - 20120128.epub",1162,"https://www.wenku8.net/book/1162.htm","title+author","星尘中队 离星空最近之处","foca","Fami通文库","已完结","2012-01-28","147K","奇幻 战争 妹妹 人外","http://img.wenku8.com/image/1/1162/1162s.jpg","「看，那颗星星就是我哟。我呀，会一直在那边等着哥哥来接我，一直……」
将无法守护…"
"https://raw.githubusercontent.com/ixinzhi/lightnovel-2009to2013/master/Ai 死魂之枪 - 夜木まゆ - 20120127.epub",925,"https://www.wenku8.net/book/925.htm","title+author","Ai 死魂之枪","夜木まゆ","少女文库","已完结","2012-01-27","462K","悬疑 奇幻 战斗 耽美","http://img.wenku8.com/image/0/925/925s.jpg","公元2XXX年，发生了多起死伤惨重的杀人案，据说凶手『阿特密斯』不但拥有不老不死的肉…"
"https://raw.githubusercontent.com/ixinzhi/lightnovel-2009to2013/master/Cross Days～交织的谎言、重叠的思念～ - 秋月ひろ - 20120123.epub",1170,"https://www.wenku8.net/book/1170.htm","title+author","Cross Days～交织的谎言、重叠的思念～","秋月ひろ","集英社","已完结","2012-01-23","97K","校园 青春 恋爱","http://img.wenku8.com/image/1/1170/1170s.jpg","由于伊藤诚突如其来的告白，开始在意对诚的桂言叶──因为突然的契机，爱上足利勇气的…"
"https://raw.githubusercontent.com/ixinzhi/lightnovel-2009to2013/master/战斗城塞马斯拉沃 - 林志明 - 20120114.epub",999,"https://www.wenku8.net/book/999.htm","title+author","战斗城塞马斯拉沃","林志明","角川文库","连载中","2012-01-14","122K","奇幻 战斗 冒险 后宫","http://img.wenku8.com/image/0/999/999s.jpg","川村秀雄，二十岁。高中毕业后的他，为了工作到了东京，然而应聘的三十四间公司全部在…"
"https://raw.githubusercontent.com/ixinzhi/lightnovel-2009to2013/master/恋物语(物语系列九) - 西尾维新 - 20120107.epub",1165,"https://www.wenku8.net/book/1165.htm","title+author","恋物语(物语系列九)","西尾维新","讲谈社","已完结/ 已动画化","2012-01-07","131K","校园 奇幻 青春 恋爱 后宫 人外","http://img.wenku8.com/image/1/1165/1165s.jpg","「若能永远单恋……
不觉得比两情相悦还幸福吗？」
为了保护阿良良木历，
和神进行…"
"https://raw.githubusercontent.com/ixinzhi/lightnovel-2009to2013/master/后巷说百物语 - 京极夏彦 - 20111225.epub",1157,"https://www.wenku8.net/book/1157.htm","title+author","后巷说百物语","京极夏彦","角川文库","已完结","2011-12-25","299K","奇幻 悬疑","http://img.wenku8.com/image/1/1157/1157s.jpg","「若见惠比寿像的脸孔转红，便将有骇人灾厄侵袭。」
明治十年，一等巡查矢作剑之进，…"
"https://raw.githubusercontent.com/ixinzhi/lightnovel-2009to2013/master/风之大陆 - 竹河圣 - 20111220.epub",150,"https://www.wenku8.net/book/150.htm","title+author","风之大陆","竹河圣","角川文库","连载中/ 已动画化","2011-12-20","670K","奇幻 冒险 战斗","http://img.wenku8.com/image/0/150/150s.jpg","四百年前的阿杰克希斯特拉是一个没有战争纷扰、农业和贸易都盛极一时的大城。人们享受…"
"https://raw.githubusercontent.com/ixinzhi/lightnovel-2009to2013/master/STITCH裁缝少女 - 相内円 - 20111220.epub",1156,"https://www.wenku8.net/book/1156.htm","title+author","STITCH裁缝少女","相内円","HJ文库","连载中","2011-12-20","86K","校园 青春 欢乐向 百合 女性视角","http://img.wenku8.com/image/1/1156/1156s.jpg","利用进入上乃原高校就读的机会，茜夕下定决心要进入裁缝社。在这里碰上了身材娇小却毒…"
"https://raw.githubusercontent.com/ixinzhi/lightnovel-2009to2013/master/三分钟的少年遇见少女 - 合作 - 20111220.epub",1155,"https://www.wenku8.net/book/1155.htm","title+author","三分钟的少年遇见少女","合作","Fami通文库","已完结","2011-12-20","140K","校园 青春 恋爱","http://img.wenku8.com/image/1/1155/1155s.jpg","“青春”独有的“相遇”——以“三分钟”为关键词描绘各自世界观的Boy Meets Girl。
…"
"https://raw.githubusercontent.com/ixinzhi/lightnovel-2009to2013/master/艾比斯之梦 - 山本弘 - 20111220.epub",1154,"https://www.wenku8.net/book/1154.htm","title+author","艾比斯之梦","山本弘","其他文库","已完结","2011-12-20","237K","科幻 冒险 末日 人外","http://img.wenku8.com/image/1/1154/1154s.jpg","数百年后的未来世界，人工智慧（AI）机器人掌治了这个地球，人类文明被淡化模糊，过去…"
"https://raw.githubusercontent.com/ixinzhi/lightnovel-2009to2013/master/英雄书 - 宫部美雪 - 20111218.epub",1152,"https://www.wenku8.net/book/1152.htm","title+author","英雄书","宫部美雪","其他文库","已完结","2011-12-18","277K","奇幻 悬疑 冒险 妹妹 女性视角","http://img.wenku8.com/image/1/1152/1152s.jpg","友理子怎么也不能相信，英雄般出类拔萃的哥哥大树居然拔刀刺向同学！家里仿佛塌了天，…"
"https://raw.githubusercontent.com/ixinzhi/lightnovel-2009to2013/master/五年二班的吸血鬼 - 糸绪思惟 - 20111209.epub",1149,"https://www.wenku8.net/book/1149.htm","title+author","五年二班的吸血鬼","糸绪思惟","一迅社","已完结","2011-12-09","74K","校园 奇幻 欢乐向","http://img.wenku8.com/image/1/1149/1149s.jpg","小学五年级生上原翔，在他有点喜欢的同学西本万里衣的煽动之下，来到隔壁废弃房屋的地…"
"https://raw.githubusercontent.com/ixinzhi/lightnovel-2009to2013/master/学姐与我 - 冲田雅 - 20111209.epub",231,"https://www.wenku8.net/book/231.htm","title+author","学姐与我","冲田雅","电击文库","连载中","2011-12-09","393K","校园 科幻 欢乐向 恋爱 性转","http://img.wenku8.com/image/0/231/231s.jpg","12月24日，平安夜。我和学姐在寒风中寻找着幽浮的踪影。学姐是凤林高中出了名的怪胎、…"
"https://raw.githubusercontent.com/ixinzhi/lightnovel-2009to2013/master/百鬼夜行 - 京极夏彦 - 20111208.epub",1147,"https://www.wenku8.net/book/1147.htm","title+author","百鬼夜行","京极夏彦","其他文库","连载中","2011-12-08","188K","奇幻 悬疑","http://img.wenku8.com/image/1/1147/1147s.jpg","推理和诡异妖怪传说的经典 神秘的事物却有合理解释
揉合不可思议谜团、妖怪流变、民俗…"
"https://raw.githubusercontent.com/ixinzhi/lightnovel-2009to2013/master/无尽之夏 永恒音律 - 砂浦俊一 - 20111208.epub",1127,"https://www.wenku8.net/book/1127.htm","title+author","无尽之夏 永恒音律","砂浦俊一","集英社","已完结","2011-12-08","266K","校园 青春 音乐 恋爱 后宫","http://img.wenku8.com/image/1/1127/1127s.jpg","在逃离都市喧嚣的宁静相见，以职业小提琴家为目标的冬马巧和亲如妹妹的小鸟游澪，及乍…"
"https://raw.githubusercontent.com/ixinzhi/lightnovel-2009to2013/master/风之圣痕 - 山门敬弘 - 20111207.epub",151,"https://www.wenku8.net/book/151.htm","title+author","风之圣痕","山门敬弘","富士见文库","已完结/ 已动画化","2011-12-07","1075K","奇幻 异能 冒险 战斗 后宫","http://img.wenku8.com/image/0/151/151s.jpg","风之男主角与炎之女主角相遇之时，谁也看不见的冲击，吹袭到了日本列岛。人类从未体验…"
"https://raw.githubusercontent.com/ixinzhi/lightnovel-2009to2013/master/御火槌 - 榊一郎 - 20111206.epub",922,"https://www.wenku8.net/book/922.htm","title+author","御火槌","榊一郎","MF文库J","连载中","2011-12-06","197K","奇幻 冒险 战斗 后宫 青梅竹马","http://img.wenku8.com/image/0/922/922s.jpg","高中生神薙红莲自幼受到父母的人体实验与改造，在一次偶然的情况下，他遭遇寄宿在…"
"https://raw.githubusercontent.com/ixinzhi/lightnovel-2009to2013/master/家庭教师REBORN - 子安秀明 - 20111205.epub",125,"https://www.wenku8.net/book/125.htm","title+author","家庭教师REBORN","子安秀明","集英社","已完结/ 已动画化","2011-12-05","314K","校园 冒险 欢乐向","http://img.wenku8.com/image/0/125/125s.jpg","男主角阿纲，在学校里经常受人欺负，成绩也不算好，之所以还去上学也只是为了能见到他…"
"https://raw.githubusercontent.com/ixinzhi/lightnovel-2009to2013/master/DAS SCHWARZE HERZ 黑色心脏 - 桑原水菜 - 20111202.epub",306,"https://www.wenku8.net/book/306.htm","title+author","DAS SCHWARZE HERZ 黑色心脏","桑原水菜","少女文库","连载中","2011-12-02","629K","校园 奇幻 冒险 悬疑 耽美","http://img.wenku8.com/image/0/306/306s.jpg","国中生嘉手纳奏前往德国接受心脏移植手术，却下落不明并失去记忆，在湖畔的医院迎接奏…"
"https://raw.githubusercontent.com/ixinzhi/lightnovel-2009to2013/master/阴摩罗鬼之瑕 - 京极夏彦 - 20111201.epub",1140,"https://www.wenku8.net/book/1140.htm","title+author","阴摩罗鬼之瑕","京极夏彦","其他文库","已完结","2011-12-01","435K","奇幻 悬疑","http://img.wenku8.com/image/1/1140/1140s.jpg","耸立在白桦湖畔的豪华洋馆─「鸟城」当家．由良昂允伯爵即将第五度迎娶新娘。
在这之…"
"https://raw.githubusercontent.com/ixinzhi/lightnovel-2009to2013/master/为了N - 凑佳苗 - 20111201.epub",1141,"https://www.wenku8.net/book/1141.htm","title+author","为了N","凑佳苗","其他文库","已完结","2011-12-01","111K","悬疑 犯罪 女性视角","http://img.wenku8.com/image/1/1141/1141s.jpg","为爱牺牲，为爱算计，甚至……为爱杀人！
这一切，全都只为了心中那个N？
我为你做尽…"
"https://raw.githubusercontent.com/ixinzhi/lightnovel-2009to2013/master/黑耀公主 - 萩原麻里 - 20111125.epub",1013,"https://www.wenku8.net/book/1013.htm","title+author","黑耀公主","萩原麻里","少女文库","已完结","2011-11-25","280K","奇幻 青春 恋爱","http://img.wenku8.com/image/1/1013/1013s.jpg","以四季分明美丽著称的米榭兰诸岛边境村庄，住着一位失去儿时记忆与双亲，却仍保有一颗…"
"https://raw.githubusercontent.com/ixinzhi/lightnovel-2009to2013/master/掀起世界危机 - 佐藤了 - 20111122.epub",407,"https://www.wenku8.net/book/407.htm","title+author","掀起世界危机","佐藤了","Fami通文库","已完结","2011-11-22","810K","校园 异能 战斗 欢乐向 后宫","http://img.wenku8.com/image/0/407/407s.jpg","一切由一场梦境开始。
神说要赐给我“拯救世界的特殊能力”，于是我宫田真吾，便随口…"
"https://raw.githubusercontent.com/ixinzhi/lightnovel-2009to2013/master/初恋魔法电击 - 明日香正太 - 20111122.epub",22,"https://www.wenku8.net/book/22.htm","title+author","初恋魔法电击","明日香正太","集英社","已完结","2011-11-22","1130K","校园 魔法 战斗 欢乐向 后宫 妹妹","http://img.wenku8.com/image/0/22/22s.jpg","初恋。
鼓太郎爱上了一位少女，她的名字叫做白鸟祈梨，是一位温柔、努力，有点爱哭的…"
"https://raw.githubusercontent.com/ixinzhi/lightnovel-2009to2013/master/不安的童话 - 恩田陆 - 20111121.epub",1131,"https://www.wenku8.net/book/1131.htm","title+author","不安的童话","恩田陆","其他文库","已完结","2011-11-21","106K","奇幻 悬疑 女性视角","http://img.wenku8.com/image/1/1131/1131s.jpg","“就是这把剪刀杀了我１强烈的冲击划过颈部，鲜红的色彩泼洒成一片……有人在我耳边发…"
"https://raw.githubusercontent.com/ixinzhi/lightnovel-2009to2013/master/奇异领域的奇异点 - 范乃秋晴 - 20111120.epub",1130,"https://www.wenku8.net/book/1130.htm","title+author","奇异领域的奇异点","范乃秋晴","电击文库","连载中","2011-11-20","144K","科幻 恋爱","http://img.wenku8.com/image/1/1130/1130s.jpg","奇异领域理论实用化后，国际标准改变了。政治经济的结构为之一变，日本成为了世界的中…"
"https://raw.githubusercontent.com/ixinzhi/lightnovel-2009to2013/master/乙一作品集 - 乙一 - 20111119.epub",547,"https://www.wenku8.net/book/547.htm","title+author","乙一作品集","乙一","其他文库","已完结","2011-11-19","600K","悬疑 惊悚 黑暗","http://img.wenku8.com/image/0/547/547s.jpg","乙一被誉为日本文坛新一代恐怖小说精英，17岁时凭藉《夏天．花火．我的尸体》荣获第六…"
"https://raw.githubusercontent.com/ixinzhi/lightnovel-2009to2013/master/红之三位一体 - 椎名莲月 - 20111116.epub",1128,"https://www.wenku8.net/book/1128.htm","title+author","红之三位一体","椎名莲月","富士见文库","连载中","2011-11-16","95K","校园 奇幻 战斗 后宫 青梅竹马 人外","http://img.wenku8.com/image/1/1128/1128s.jpg","懦弱少年&#8226;若竹有明与青梅竹马的少女&#8226;花莲一起入读育成「螺旋师」（Spiral）…"
"https://raw.githubusercontent.com/ixinzhi/lightnovel-2009to2013/master/魔女的约定 - 梨木香步 - 20111109.epub",1123,"https://www.wenku8.net/book/1123.htm","title+author","魔女的约定","梨木香步","其他文库","已完结","2011-11-09","53K","青春 治愈","http://img.wenku8.com/image/1/1123/1123s.jpg","小舞还记得两年前的春末初夏，她和魔女共度的那一个月。
屋子里的气味，还有光线、空…"
"https://raw.githubusercontent.com/ixinzhi/lightnovel-2009to2013/master/阪急电车 - 有川浩 - 20111104.epub",1122,"https://www.wenku8.net/book/1122.htm","title+author","阪急电车","有川浩","其他文库","已完结","2011-11-04","92K","青春 恋爱","http://img.wenku8.com/image/1/1122/1122s.jpg","阪急铁路中，往梅田方向的宝塚线，以及与神户线会合的今津线，两条线路正好相反成一个…"
"https://raw.githubusercontent.com/ixinzhi/lightnovel-2009to2013/master/明日华—麻将饿狼传— - 吉村夜 - 20111102.epub",1119,"https://www.wenku8.net/book/1119.htm","title+author","明日华—麻将饿狼传—","吉村夜","集英社","已完结","2011-11-02","99K","青春 竞技 恋爱","http://img.wenku8.com/image/1/1119/1119s.jpg","追随着憧憬的外祖父的背影，少年&#8226;明日华飞身进入了麻将世界。少年相信，其中有着…"
"https://raw.githubusercontent.com/ixinzhi/lightnovel-2009to2013/master/变态怪医Dr.伊良部 - 奥田英朗 - 20111102.epub",1114,"https://www.wenku8.net/book/1114.htm","title+author","变态怪医Dr.伊良部","奥田英朗","其他文库","已完结","2011-11-02","345K","悬疑 黑暗","http://img.wenku8.com/image/1/1114/1114s.jpg","日本小说大奖直木赏得奖作家奥田英朗洞悉人性的黑色大作！尖端优良出品漫画《变态怪医…"
"https://raw.githubusercontent.com/ixinzhi/lightnovel-2009to2013/master/神曲奏界 银 - 字野耕平 - 20111026.epub",1116,"https://www.wenku8.net/book/1116.htm","title+author","神曲奏界 银","字野耕平","GA文库","连载中","2011-10-26","126K","奇幻 音乐 青春 恋爱","http://img.wenku8.com/image/1/1116/1116s.jpg","新进的音乐家也是神曲乐士的丹·萨里艾尔，其才华在世间受到高度评价，但说到他的个性…"
"https://raw.githubusercontent.com/ixinzhi/lightnovel-2009to2013/master/薄樱鬼 - 矢岛沙罗 - 20111026.epub",1015,"https://www.wenku8.net/book/1015.htm","title+author","薄樱鬼","矢岛沙罗","少女文库","连载中/ 已动画化","2011-10-26","161K","奇幻 冒险 恋爱","http://img.wenku8.com/image/1/1015/1015s.jpg","为了寻找父亲下落而只身从江户来到京都的雪村千鹤，在一个飘著细雪的夜里，目击了穿著…"
"https://raw.githubusercontent.com/ixinzhi/lightnovel-2009to2013/master/魔法少女小圆 - 一肇 - 20111025.epub",1115,"https://www.wenku8.net/book/1115.htm","title+author","魔法少女小圆","一肇","其他文库","已完结/ 已动画化","2011-10-25","184K","校园 魔法 猎奇 黑暗 百合 女性视角","http://img.wenku8.com/image/1/1115/1115s.jpg","这是一个全新的魔法少女故事。
见泷原中学的初二学生鹿目圆，是个没什么自信的女孩子…"
"https://raw.githubusercontent.com/ixinzhi/lightnovel-2009to2013/master/小魔女与飞天狐 - 南井大介 - 20111018.epub",1100,"https://www.wenku8.net/book/1100.htm","title+author","小魔女与飞天狐","南井大介","电击文库","已完结","2011-10-18","136K","战争 恋爱 大小姐","http://img.wenku8.com/image/1/1100/1100s.jpg","里比脱利亚空军的皇牌机师--克劳斯在某天突然被任命为""解决内战的重要王牌""那种程度的重…"
"https://raw.githubusercontent.com/ixinzhi/lightnovel-2009to2013/master/死亡倒数游戏～他能在当天免于一死吗～ - 小木君人 - 20111017.epub",575,"https://www.wenku8.net/book/575.htm","title+author","死亡倒数游戏～他能在当天免于一死吗～","小木君人","小学馆","已完结","2011-10-17","128K","科幻 穿越 青春 后宫 青梅竹马","http://img.wenku8.com/image/0/575/575s.jpg","我死了。
这十七年来的人生，什么好事都没发生过……
可是某个自称马奇尔的家伙说，…"
"https://raw.githubusercontent.com/ixinzhi/lightnovel-2009to2013/master/隙间的世界 - 宫谷俊二 - 20111009.epub",1108,"https://www.wenku8.net/book/1108.htm","title+author","隙间的世界","宫谷俊二","其他文库","已完结","2011-10-09","34K","青春 黑暗","/images/noimg.jpg","原作是作者于1998年11月8日开始发表在自己主页上的日记型网络小说，采用一日一更的方式…"
"https://raw.githubusercontent.com/ixinzhi/lightnovel-2009to2013/master/花宵罗曼史 - 加藤千惠美 - 20111003.epub",1051,"https://www.wenku8.net/book/1051.htm","title+author","花宵罗曼史","加藤千惠美","少女文库","已完结","2011-10-03","283K","校园 奇幻 青春 恋爱 女性视角","http://img.wenku8.com/image/1/1051/1051s.jpg","新老师珠美远赴名门『宝生』所创立的傅统名校月华学院就任。
上任首日，宝生家的最高…"
"https://raw.githubusercontent.com/ixinzhi/lightnovel-2009to2013/master/LOVELESS 无爱之战 - 夏居あや - 20111003.epub",1103,"https://www.wenku8.net/book/1103.htm","title+author","LOVELESS 无爱之战","夏居あや","少女文库","连载中/ 已动画化","2011-10-03","96K","奇幻 耽美 人外","http://img.wenku8.com/image/1/1103/1103s.jpg","「我是你的战斗机喔９——自称是LOVELESS战斗机的青年·濑领行春出现在青柳立夏面前。…"
"https://raw.githubusercontent.com/ixinzhi/lightnovel-2009to2013/master/东方妖游记 - 村田栞 - 20111003.epub",1062,"https://www.wenku8.net/book/1062.htm","title+author","东方妖游记","村田栞","少女文库","","","","奇幻 冒险 战斗 耽美","http://img.wenku8.com/image/1/1062/1062s.jpg","降妖除魔，少年踏上冒险旅途！
在妖魔横行的古代中国·殷朝。生性顽皮的少年·晄，与…"
"https://raw.githubusercontent.com/ixinzhi/lightnovel-2009to2013/master/闪灵特攻队 - 青树佑夜 - 20111003.epub",1065,"https://www.wenku8.net/book/1065.htm","title+author","闪灵特攻队","青树佑夜","富士见文库","已完结","2011-10-03","209K","校园 异能 战斗 冒险","http://img.wenku8.com/image/1/1065/1065s.jpg","暗藏阴谋的神秘组织、觉醒的超能力者，我们的现实世界，正在崩坏……
『我想要过不平…"
"https://raw.githubusercontent.com/ixinzhi/lightnovel-2009to2013/master/DUEL LOVE -恋爱少年是胜利王子- - 水泽なな - 20111003.epub",1102,"https://www.wenku8.net/book/1102.htm","title+author","DUEL LOVE -恋爱少年是胜利王子-","水泽なな","少女文库","已完结","2011-10-03","69K","校园 青春 恋爱 耽美 女性视角","http://img.wenku8.com/image/1/1102/1102s.jpg","桂樱学园——在这所学校夜晚的旧校舍中，
有举办一场秘密的格斗大赛「B-1」！
心仪的…"
"https://raw.githubusercontent.com/ixinzhi/lightnovel-2009to2013/master/少女不十分 - 西尾维新 - 20111001.epub",1101,"https://www.wenku8.net/book/1101.htm","title+author","少女不十分","西尾维新","讲谈社","已完结","2011-10-01","128K","青春 犯罪 脑洞","http://img.wenku8.com/image/1/1101/1101s.jpg","很抱歉，这本书没办法写出剧情概要。
因为，这并不是一本小说。如果您想在文字的起承…"
"https://raw.githubusercontent.com/ixinzhi/lightnovel-2009to2013/master/图书馆战争 - 有川浩 - 20110920.epub",57,"https://www.wenku8.net/book/57.htm","title+author","图书馆战争","有川浩","电击文库","","","","科幻 战争 恋爱","http://img.wenku8.com/image/0/57/57s.jpg","故事发生在公元2019年（正化31年），以反对破坏公序良俗为名制定的法案，已施行了30年…"
"https://raw.githubusercontent.com/ixinzhi/lightnovel-2009to2013/master/第13号的爱丽丝 - 伏见司 - 20110918.epub",892,"https://www.wenku8.net/book/892.htm","title+author","第13号的爱丽丝","伏见司","电击文库","已完结","2011-09-18","491K","科幻 战斗 后宫 青梅竹马 人外","http://img.wenku8.com/image/0/892/892s.jpg","千金小姐九条院爱丽丝，在一次死亡中为了延续生命，在身体里埋藏了失落科技的结晶LT球…"
"https://raw.githubusercontent.com/ixinzhi/lightnovel-2009to2013/master/拉琪雅 - 周防司 - 20110914.epub",695,"https://www.wenku8.net/book/695.htm","title+author","拉琪雅","周防司","电击文库","已完结","2011-09-14","216K","科幻 校园 悬疑 青春 欢乐向","http://img.wenku8.com/image/0/695/695s.jpg","那一日，高中生永户贵一被自己没有设定过的闹钟吵醒。来到餐厅后他发现家中所发生的事…"
"https://raw.githubusercontent.com/ixinzhi/lightnovel-2009to2013/master/恋文的技术 - 森见登美彦 - 20110912.epub",1093,"https://www.wenku8.net/book/1093.htm","title+author","恋文的技术","森见登美彦","其他文库","已完结","2011-09-12","105K","青春 宅文化","http://img.wenku8.com/image/1/1093/1093s.jpg","我不是废柴男！
即使我学无所成，即使我爱无所依，
即使我被众人流放到海边，即使我…"
"https://raw.githubusercontent.com/ixinzhi/lightnovel-2009to2013/master/魔界都市 - 菊地秀行 - 20110912.epub",1095,"https://www.wenku8.net/book/1095.htm","title+author","魔界都市","菊地秀行","其他文库","已完结","2011-09-12","122K","奇幻 异能 战斗","http://img.wenku8.com/image/1/1095/1095s.jpg","日本奇幻文豪菊地秀行成名作！
东京最繁华的新宿地区毁于魔震，成为魔界的大门！
日…"
"https://raw.githubusercontent.com/ixinzhi/lightnovel-2009to2013/master/逃离学校! - 谷川流 - 20110911.epub",58,"https://www.wenku8.net/book/58.htm","title+author","逃离学校!","谷川流","电击文库","已完结","2011-09-11","609K","校园 奇幻 恋爱 妹妹","http://img.wenku8.com/image/0/58/58s.jpg","超能力者齐聚一堂的、深山里的学校──第三EMP学园。我没有超能力，却待在这里念书，为…"
"https://raw.githubusercontent.com/ixinzhi/lightnovel-2009to2013/master/Ever17－时空轮回官方小说－ - 日暮茶坊 - 20110902.epub",1089,"https://www.wenku8.net/book/1089.htm","title+author","Ever17－时空轮回官方小说－","日暮茶坊","Fami通文库","已完结","2011-09-02","67K","科幻 悬疑 恋爱","http://img.wenku8.com/image/1/1089/1089s.jpg","少年醒来时，发现自己失去了记忆。只知道这里是大规模海中海洋主题公园LeMU，而自己是…"
"https://raw.githubusercontent.com/ixinzhi/lightnovel-2009to2013/master/风水天戏 - 望月もらん - 20110829.epub",1088,"https://www.wenku8.net/book/1088.htm","title+author","风水天戏","望月もらん","少女文库","连载中","2011-08-29","106K","奇幻 恋爱","http://img.wenku8.com/image/1/1088/1088s.jpg","在宫庭当中，星淑是任谁也不会多看一眼的第八位皇子。
遭受到异母皇兄的欺凌也是家常…"
"https://raw.githubusercontent.com/ixinzhi/lightnovel-2009to2013/master/Another MONSTER - 浦泽直树 - 20110824.epub",1083,"https://www.wenku8.net/book/1083.htm","title+author","Another MONSTER","浦泽直树","小学馆","已完结","2011-08-24","150K","悬疑 惊悚 黑暗","http://img.wenku8.com/image/1/1083/1083s.jpg","漫画改编小说。
曾经轰动德国的「约翰事件」，真相至今未明。其后，奥地利发生连串凶…"
"https://raw.githubusercontent.com/ixinzhi/lightnovel-2009to2013/master/赎罪 - 凑佳苗 - 20110823.epub",1082,"https://www.wenku8.net/book/1082.htm","title+author","赎罪","凑佳苗","其他文库","已完结","2011-08-23","99K","校园 悬疑 青春 恋爱 黑暗","http://img.wenku8.com/image/1/1082/1082s.jpg","盂兰盆节期间，小学放假，人去楼空，只有十岁的惠美理和四个女同学一起在校园的角落玩…"
"https://raw.githubusercontent.com/ixinzhi/lightnovel-2009to2013/master/白山同学与黑色手提袋 - 铃木铃 - 20110822.epub",466,"https://www.wenku8.net/book/466.htm","title+author","白山同学与黑色手提袋","铃木铃","电击文库","已完结","2011-08-22","497K","校园 奇幻 战斗 欢乐向 后宫","http://img.wenku8.com/image/0/466/466s.jpg","白山同学是个神秘又可爱的同班同学。在她随身携带的黑色手提袋里——居然寄宿着一位蛮…"
"https://raw.githubusercontent.com/ixinzhi/lightnovel-2009to2013/master/月之珊瑚 - 奈须蘑菇 - 20110817.epub",1079,"https://www.wenku8.net/book/1079.htm","title+author","月之珊瑚","奈须蘑菇","讲谈社","已完结","2011-08-17","22K","科幻 恋爱 人外","http://img.wenku8.com/image/1/1079/1079s.jpg","为了舍弃自己和人类而来到月球的男人，和想要成为人类的掌管月球资源的人形界面硅基生…"
"https://raw.githubusercontent.com/ixinzhi/lightnovel-2009to2013/master/Fate Zero - 虚渊玄 - 20110815.epub",317,"https://www.wenku8.net/book/317.htm","title+author","Fate Zero","虚渊玄","讲谈社","已完结/ 已动画化","2011-08-15","606K","奇幻 魔法 战斗 冒险 大逃杀","http://img.wenku8.com/image/0/317/317s.jpg","第4次圣杯战争的火焰已经落下，驰骋在混杂着胜利与悲怨的、被称为冬木战场的魔术师们，…"
"https://raw.githubusercontent.com/ixinzhi/lightnovel-2009to2013/master/羞羞三角 - 五十岚雄策 - 20110813.epub",230,"https://www.wenku8.net/book/230.htm","title+author","羞羞三角","五十岚雄策","电击文库","连载中","2011-08-13","191K","校园 青春 欢乐向 后宫 青梅竹马","http://img.wenku8.com/image/0/230/230s.jpg","最近特别不顺心的水上弘司听信了青梅竹马的占卜——“得到幸运的关键是帮助有困扰的人…"
"https://raw.githubusercontent.com/ixinzhi/lightnovel-2009to2013/master/魔术的耳语 - 宫部美雪 - 20110813.epub",1075,"https://www.wenku8.net/book/1075.htm","title+author","魔术的耳语","宫部美雪","其他文库","已完结","2011-08-13","157K","悬疑 黑暗","http://img.wenku8.com/image/1/1075/1075s.jpg","夜晚，一双瘦削苍白的手从报纸上剪下几则看似毫不相干的社会新闻：
9月1日，加藤文惠…"
"https://raw.githubusercontent.com/ixinzhi/lightnovel-2009to2013/master/雷轰 - 押井守 - 20110813.epub",1076,"https://www.wenku8.net/book/1076.htm","title+author","雷轰","押井守","Fami通文库","已完结","2011-08-13","83K","战争","http://img.wenku8.com/image/1/1076/1076s.jpg","在南北战争因英法的介入，而造成美国分裂成两个国家的一百年后的北越上空，主角醐堂后…"
"https://raw.githubusercontent.com/ixinzhi/lightnovel-2009to2013/master/爸爸十五岁 - 冈崎裕信 - 20110812.epub",1074,"https://www.wenku8.net/book/1074.htm","title+author","爸爸十五岁","冈崎裕信","集英社","连载中","2011-08-12","92K","穿越 欢乐向 后宫 女儿","http://img.wenku8.com/image/1/1074/1074s.jpg","某天早上，鹤谷优奈像平常那样去叫父亲起床，却看见了一个不认识的赤裸少年。从此，苦…"
"https://raw.githubusercontent.com/ixinzhi/lightnovel-2009to2013/master/恶魔同盟 - うえお久光 - 20110811.epub",165,"https://www.wenku8.net/book/165.htm","title+author","恶魔同盟","うえお久光","电击文库","连载中","2011-08-11","1094K","校园 奇幻 战斗 欢乐向 后宫 人外","http://img.wenku8.com/image/0/165/165s.jpg","那一天……恶魔来敲门!?主张「妹妹被外星人绑架」的高中生堂岛昴。某天，在他面前突然…"
"https://raw.githubusercontent.com/ixinzhi/lightnovel-2009to2013/master/夜明前的琉璃色Moonlight Cradle - 佐々宫ちるだ - 20110810.epub",1072,"https://www.wenku8.net/book/1072.htm","title+author","夜明前的琉璃色Moonlight Cradle","佐々宫ちるだ","其他文库","连载中/ 已动画化","2011-08-10","73K","校园 青春 后宫 青梅竹马 妹妹","http://img.wenku8.com/image/1/1072/1072s.jpg","河蟹处理版！

远山翠与妹妹麻衣同属管乐社，在达哉眼中是一位活泼开朗、态度乐观的…"
"https://raw.githubusercontent.com/ixinzhi/lightnovel-2009to2013/master/噬神战士 违背禁忌之人 - ゆうき りん - 20110807.epub",1071,"https://www.wenku8.net/book/1071.htm","title_only","噬神战士 违背禁忌之人(噬神者)","ゆうき りん","其他文库","已完结/ 已动画化","2011-08-07","79K","奇幻 战斗 恋爱","http://img.wenku8.com/image/1/1071/1071s.jpg","正在进行新人训练的芬里尔极东支部第一部队队长雨宫林道，不幸遭遇上了第一种禁忌荒神…"
"https://raw.githubusercontent.com/ixinzhi/lightnovel-2009to2013/master/Dragon Blood - 伊上円 - 20110805.epub",1058,"https://www.wenku8.net/book/1058.htm","title+author","Dragon Blood","伊上円","MF文库J","连载中","2011-08-05","94K","校园 冒险 异能 战斗 后宫","http://img.wenku8.com/image/1/1058/1058s.jpg","天音栉秋良，16岁。除去纯白的头发和稍微凶恶的眼神的话，只是个普通的高中二年级生。…"
"https://raw.githubusercontent.com/ixinzhi/lightnovel-2009to2013/master/植物图鉴 - 有川浩 - 20110803.epub",1068,"https://www.wenku8.net/book/1068.htm","title+author","植物图鉴","有川浩","角川文库","","","","青春 恋爱","http://img.wenku8.com/image/1/1068/1068s.jpg","女孩要「花」也要「男孩」，甜爱浓度闪光120％!!
既然在男孩眼前，可以从天上掉下一位…"
"https://raw.githubusercontent.com/ixinzhi/lightnovel-2009to2013/master/HxH！泡澡澡是异文化的交流 - 神尾丈治 - 20110729.epub",1064,"https://www.wenku8.net/book/1064.htm","title+author","HxH！泡澡澡是异文化的交流","神尾丈治","一迅社","已完结","2011-07-29","78K","奇幻 冒险 欢乐向 后宫 人外","http://img.wenku8.com/image/1/1064/1064s.jpg","少年龙特四处旅行，寻找对任何种族都能起效的灵药的材料。
龙特到达古代遗迹。出现在…"
"https://raw.githubusercontent.com/ixinzhi/lightnovel-2009to2013/master/风之王国 - 毛利志生子 - 20110728.epub",314,"https://www.wenku8.net/book/314.htm","title+author","风之王国","毛利志生子","少女文库","连载中","2011-07-28","1002K","冒险 恋爱","http://img.wenku8.com/image/0/314/314s.jpg","时值西元七世纪。
虽然是唐朝皇帝李世民的侄女，却以商人之女的身分被扶养长大的翠兰…"
"https://raw.githubusercontent.com/ixinzhi/lightnovel-2009to2013/master/最终幻想XIV官方小说 - 长谷川雅 - 20110727.epub",1061,"https://www.wenku8.net/book/1061.htm","title+author","最终幻想XIV官方小说","长谷川雅","其他文库","已完结","2011-07-27","75K","奇幻 冒险 战斗","http://img.wenku8.com/image/1/1061/1061s.jpg","最终幻想XIV官方小说中文版…"
"https://raw.githubusercontent.com/ixinzhi/lightnovel-2009to2013/master/囮物语(物语系列七) - 西尾维新 - 20110726.epub",1060,"https://www.wenku8.net/book/1060.htm","title+author","囮物语(物语系列七)","西尾维新","讲谈社","已完结/ 已动画化","2011-07-26","133K","校园 奇幻 青春 恋爱 后宫 人外","http://img.wenku8.com/image/1/1060/1060s.jpg","「明明是神，却是大骗子。」
曾经被蛇纠缠附身的少女──千石抚子。
纯白的使者，出…"
"https://raw.githubusercontent.com/ixinzhi/lightnovel-2009to2013/master/福音少年 - 加地尚武 - 20110726.epub",156,"https://www.wenku8.net/book/156.htm","title+author","福音少年","加地尚武","其他文库","连载中","2011-07-26","603K","奇幻 魔法 战斗 恋爱","http://img.wenku8.com/image/0/156/156s.jpg","御厨惠，一名个头孝皮肤白皙、身材瘦弱的中学二年级学生。脸蛋像母亲，五官算得上端正…"
"https://raw.githubusercontent.com/ixinzhi/lightnovel-2009to2013/master/美梦俱乐部 - 万叶悠斗 - 20110725.epub",1059,"https://www.wenku8.net/book/1059.htm","title+author","美梦俱乐部","万叶悠斗","其他文库","已完结","2011-07-25","81K","青春 恋爱","http://img.wenku8.com/image/1/1059/1059s.jpg","以亚麻音为女主角，为各位拥有纯洁心灵的绅士们带来各种短篇小故事！ 
另外也有游戏开…"
"https://raw.githubusercontent.com/ixinzhi/lightnovel-2009to2013/master/桃源之药 - 山本瑶 - 20110724.epub",247,"https://www.wenku8.net/book/247.htm","title+author","桃源之药","山本瑶","少女文库","已完结","2011-07-24","919K","奇幻 青春 恋爱 人外","http://img.wenku8.com/image/0/247/247s.jpg","白翼山位于都城北方，十四岁的少女──招凛花独自一人登上这座魑魅魍魎猖獗之白翼山，…"
"https://raw.githubusercontent.com/ixinzhi/lightnovel-2009to2013/master/天神乱漫~仲夏夜的梦餍~ - 糸井健一 - 20110722.epub",1057,"https://www.wenku8.net/book/1057.htm","title+author","天神乱漫~仲夏夜的梦餍~","糸井健一","其他文库","已完结","2011-07-22","76K","校园 奇幻 后宫 人外 妹妹 青梅竹马","http://img.wenku8.com/image/1/1057/1057s.jpg","背负着不幸命运的千岁春树遭逢新的烦扰。恶灵乘隙侵入春树烦恼不已的心，使他的灵魂与…"
"https://raw.githubusercontent.com/ixinzhi/lightnovel-2009to2013/master/甜蜜全接触！ - 明日香正太 - 20110720.epub",1056,"https://www.wenku8.net/book/1056.htm","title+author","甜蜜全接触！","明日香正太","角川文库","连载中","2011-07-20","80K","校园 欢乐向 后宫 青梅竹马","http://img.wenku8.com/image/1/1056/1056s.jpg","通过戳击存在于所有构造体上面的崩坏点将其破坏的“点穴术”。山里蹲到将此术完全领悟…"
"https://raw.githubusercontent.com/ixinzhi/lightnovel-2009to2013/master/桐野无软妹 - 川口士 - 20110719.epub",1055,"https://www.wenku8.net/book/1055.htm","title+author","桐野无软妹","川口士","一迅社","已完结","2011-07-19","112K","校园 奇幻 欢乐向 后宫 青梅竹马","http://img.wenku8.com/image/1/1055/1055s.jpg","作为铁研部兼轻小说研究部(临时)部长的桐野康介感到为难。第1，从入学当初的言行邪气眼…"
"https://raw.githubusercontent.com/ixinzhi/lightnovel-2009to2013/master/孤立者 - 入间人间 - 20110716.epub",1053,"https://www.wenku8.net/book/1053.htm","title+author","孤立者","入间人间","电击文库","已完结","2011-07-16","192K","校园 青春","http://img.wenku8.com/image/1/1053/1053s.jpg","我们是一群大学生，一群被孤立的大学生——孤立者，我们不与人交往，恐惧与人交往。我…"
"https://raw.githubusercontent.com/ixinzhi/lightnovel-2009to2013/master/书姬吟游录 - 多崎礼 - 20110715.epub",857,"https://www.wenku8.net/book/857.htm","title+author","书姬吟游录","多崎礼","其他文库","已完结","2011-07-15","587K","奇幻 冒险 旅行 恋爱","http://img.wenku8.com/image/0/857/857s.jpg","因为「灭日」事件而散落在大陆各处，
不断侵蚀世界的邪恶存在——术文。
少年？安格斯…"
"https://raw.githubusercontent.com/ixinzhi/lightnovel-2009to2013/master/铃木同学，我爱你 - 时海结以 - 20110628.epub",1008,"https://www.wenku8.net/book/1008.htm","title+author","铃木同学，我爱你","时海结以","其他文库","已完结/ 已动画化","2011-06-28","150K","校园 青春 恋爱 女性视角 NTR","http://img.wenku8.com/image/1/1008/1008s.jpg","爽歌与辉就读的国中如火如荼地准备「三年级欢送会」。爽歌参加的戏剧社将举行「天鹅湖…"
"https://raw.githubusercontent.com/ixinzhi/lightnovel-2009to2013/master/自卫队三部曲 - 有川浩 - 20110622.epub",350,"https://www.wenku8.net/book/350.htm","title+author","自卫队三部曲","有川浩","电击文库","已完结","2011-06-22","770K","科幻 末日","http://img.wenku8.com/image/0/350/350s.jpg","故事背景架构在近未来（或可称为平行世界）的日本。
某天，直径五百公尺的白色陨石状…"
"https://raw.githubusercontent.com/ixinzhi/lightnovel-2009to2013/master/金之瞳与铁之剑 - 虚渊玄 - 20110619.epub",1044,"https://www.wenku8.net/book/1044.htm","title+author","金之瞳与铁之剑","虚渊玄","讲谈社","已完结","2011-06-19","89K","奇幻 战斗 冒险","http://img.wenku8.com/image/1/1044/1044s.jpg","龙与剑，以及令人炫目的魔法世界。
为了得到“屠龙者”的称号，充满野心的战士·塔乌…"
"https://raw.githubusercontent.com/ixinzhi/lightnovel-2009to2013/master/多摩湖与黄鸡 - 入间人间 - 20110616.epub",1043,"https://www.wenku8.net/book/1043.htm","title+author","多摩湖与黄鸡","入间人间","电击文库","已完结","2011-06-16","97K","校园 青春 恋爱 欢乐向","http://img.wenku8.com/image/1/1043/1043s.jpg","Q：你喜欢年长的大姊姊吗？
A：是的，我超爱的。
两个月前开始与我交往的多摩湖，是…"
"https://raw.githubusercontent.com/ixinzhi/lightnovel-2009to2013/master/X的魔王 - 伊都工平 - 20110615.epub",768,"https://www.wenku8.net/book/768.htm","title+author","X的魔王","伊都工平","MF文库J","已完结","2011-06-15","305K","奇幻 魔法 战斗 恋爱","http://img.wenku8.com/image/0/768/768s.jpg","这是原本被封印的魔王密特拉斯复活的时代。勇者阿提斯只身潜入魔王城堡；而被歌颂为「…"
"https://raw.githubusercontent.com/ixinzhi/lightnovel-2009to2013/master/兔子强尼 - 东山彰良 - 20110614.epub",1041,"https://www.wenku8.net/book/1041.htm","title+author","兔子强尼","东山彰良","其他文库","已完结","2011-06-14","97K","悬疑 欢乐向 脑洞","http://img.wenku8.com/image/1/1041/1041s.jpg","由黑手党养大的兔子强尼，在主人死后回到兔子世界，成立了一家侦探社。某天，它被委托…"
"https://raw.githubusercontent.com/ixinzhi/lightnovel-2009to2013/master/LOVE啾～！ - 风见周 - 20110614.epub",1037,"https://www.wenku8.net/book/1037.htm","title+author","LOVE啾～！","风见周","电击文库","已完结","2011-06-14","103K","校园 奇幻 欢乐向 后宫 JC 伪娘","http://img.wenku8.com/image/1/1037/1037s.jpg","爱崎女子学校的新老师&#8226;船生遥，某一天被三位学生——强硬的元气娘理波（りぼん）…"
"https://raw.githubusercontent.com/ixinzhi/lightnovel-2009to2013/master/约定之柱，落日的女王 - いわなぎ一叶 - 20110613.epub",1040,"https://www.wenku8.net/book/1040.htm","title+author","约定之柱，落日的女王","いわなぎ一叶","富士见文库","已完结","2011-06-13","116K","战争 恋爱","http://img.wenku8.com/image/1/1040/1040s.jpg","「不要把这当成是对我的背叛」
即便知道了一切，库莉姆还是微笑着，抱住了卡尔洛。
…"
"https://raw.githubusercontent.com/ixinzhi/lightnovel-2009to2013/master/开膛手杰克的百年孤寂 - 岛田庄司 - 20110608.epub",1038,"https://www.wenku8.net/book/1038.htm","title+author","开膛手杰克的百年孤寂","岛田庄司","其他文库","已完结","2011-06-08","109K","悬疑 犯罪 黑暗","http://img.wenku8.com/image/1/1038/1038s.jpg","一八八八年，英国伦敦发生了惨绝人寰的杀人事件。杀人魔“开膛手杰克”接连杀害了五名…"
"https://raw.githubusercontent.com/ixinzhi/lightnovel-2009to2013/master/蔚蓝的萨利菲拉 - 天堂里砂 - 20110607.epub",1031,"https://www.wenku8.net/book/1031.htm","title+author","蔚蓝的萨利菲拉","天堂里砂","其他文库","已完结","2011-06-07","99K","冒险 旅行 耽美","http://img.wenku8.com/image/1/1031/1031s.jpg","幻之岛希茵，据说其因触怒海神而沉没海中，12年方才现身一次——青年萨利夫因为某种理…"
"https://raw.githubusercontent.com/ixinzhi/lightnovel-2009to2013/master/炼狱神盾 - 贵子润一郎 - 20110605.epub",662,"https://www.wenku8.net/book/662.htm","title+author","炼狱神盾","贵子润一郎","富士见文库","已完结","2011-06-05","451K","奇幻 异能 战争 恋爱","http://img.wenku8.com/image/0/662/662s.jpg","人类与魔族自古以来就持续上演着一场永无止境的正邪之争，而只会降生于人类世界的ＬＡ…"
"https://raw.githubusercontent.com/ixinzhi/lightnovel-2009to2013/master/妖怪公寓 - 香月日轮 - 20110604.epub",974,"https://www.wenku8.net/book/974.htm","title+author","妖怪公寓","香月日轮","其他文库","已完结/ 已动画化","2011-06-04","641K","奇幻 治愈","http://img.wenku8.com/image/0/974/974s.jpg","我，稻叶夕士，条东商校一年级新生。人类。
升入寄宿制高中的我，终于可以摆脱一直以…"
"https://raw.githubusercontent.com/ixinzhi/lightnovel-2009to2013/master/怪物猎人3 闪光的猎人 - 冰上慧一 - 20110603.epub",873,"https://www.wenku8.net/book/873.htm","title+author","怪物猎人3 闪光的猎人","冰上慧一","Fami通文库","已完结","2011-06-03","198K","奇幻 冒险 战斗","http://img.wenku8.com/image/0/873/873s.jpg","以冬多尔玛为活动据点的年轻大剑猎人莱嘉受到一名狩猎老手到“沙漠之大都市”洛克拉克…"
"https://raw.githubusercontent.com/ixinzhi/lightnovel-2009to2013/master/渎神之主 - 榊一郎 - 20110602.epub",173,"https://www.wenku8.net/book/173.htm","title+author","渎神之主","榊一郎","MF文库J","已完结","2011-06-02","992K","穿越 奇幻 魔法 后宫 青梅竹马","http://img.wenku8.com/image/0/173/173s.jpg","「吾等已恭候您多时了，救世主殿下。」
──五名美少女跪在高中生．香芝省吾的面前。一…"
"https://raw.githubusercontent.com/ixinzhi/lightnovel-2009to2013/master/机动战士高达0079外传 殖民卫星坠落之地… - 林让治 - 20110602.epub",1027,"https://www.wenku8.net/book/1027.htm","title+author","机动战士高达0079外传 殖民卫星坠落之地…","林让治","其他文库","已完结/ 已动画化","2011-06-02","177K","科幻 机战 战争","http://img.wenku8.com/image/1/1027/1027s.jpg","『机动战士高达0079』的世界衍生出的原创故事。DreamCast 3D影像游戏小说版登场！

…"
"https://raw.githubusercontent.com/ixinzhi/lightnovel-2009to2013/master/王宫罗曼史革命 - 藤原真莉 - 20110527.epub",241,"https://www.wenku8.net/book/241.htm","title+author","王宫罗曼史革命","藤原真莉","少女文库","已完结","2011-05-27","811K","恋爱","http://img.wenku8.com/image/0/241/241s.jpg","在王都隆迪尼尔兹的歌剧院里，伊娃公主正凝视着眼前的艾力克斯，他不仅是拥有三百年历…"
"https://raw.githubusercontent.com/ixinzhi/lightnovel-2009to2013/master/侦探歌剧MilkyHomes～overture～ - 子安秀明 - 20110526.epub",1021,"https://www.wenku8.net/book/1021.htm","title+author","侦探歌剧MilkyHomes～overture～","子安秀明","电击文库","已完结/ 已动画化","2011-05-26","56K","校园 奇幻 冒险 欢乐向 百合","http://img.wenku8.com/image/1/1021/1021s.jpg","时值大侦探时代——这是使用被称为「TOYS」特殊能力骚然于世的「怪盗」、与同样持有…"
"https://raw.githubusercontent.com/ixinzhi/lightnovel-2009to2013/master/魔界新娘！ - 阿智太郎 - 20110524.epub",481,"https://www.wenku8.net/book/481.htm","title+author","魔界新娘！","阿智太郎","MF文库J","已完结","2011-05-24","432K","穿越 校园 欢乐向 后宫 人外","http://img.wenku8.com/image/0/481/481s.jpg","某天，突然遭到调职的双亲抛下了高中二年级的良夫！使得他从此得一个人生活在复古又华…"
"https://raw.githubusercontent.com/ixinzhi/lightnovel-2009to2013/master/主人和女仆大人 - 榎木津无代 - 20110522.epub",1026,"https://www.wenku8.net/book/1026.htm","title+author","主人和女仆大人","榎木津无代","电击文库","连载中","2011-05-22","129K","校园 战斗 欢乐向 后宫 青梅竹马","http://img.wenku8.com/image/1/1026/1026s.jpg","喜欢女仆的OTAKU高中生·五秋阵回到自己家，发现前面有一名身穿女仆装的金发美少女像个…"
"https://raw.githubusercontent.com/ixinzhi/lightnovel-2009to2013/master/神样家族 - 桑岛由一 - 20110518.epub",65,"https://www.wenku8.net/book/65.htm","title+author","神样家族","桑岛由一","MF文库J","已完结/ 已动画化","2011-05-18","653K","校园 奇幻 欢乐向 后宫 青梅竹马","http://img.wenku8.com/image/0/65/65s.jpg","神山佐间太郎的爸爸是天神，妈妈、姐姐、妹妹全都是女神，而家里的帮佣是天使。
………"
"https://raw.githubusercontent.com/ixinzhi/lightnovel-2009to2013/master/简单易懂的现代魔法 - 樱坂洋 - 20110516.epub",301,"https://www.wenku8.net/book/301.htm","title+author","简单易懂的现代魔法","樱坂洋","集英社","已完结/ 已动画化","2011-05-16","499K","校园 魔法 战斗 欢乐向 百合","http://img.wenku8.com/image/0/301/301s.jpg","“我想改变自己１手脚笨拙且身材娇小的历美决定向顶尖魔法师——美锁学习现代魔法。
…"
"https://raw.githubusercontent.com/ixinzhi/lightnovel-2009to2013/master/樱色家族 - 杉井光 - 20110515.epub",205,"https://www.wenku8.net/book/205.htm","title+author","樱色家族","杉井光","一迅社","已完结","2011-05-15","330K","校园 奇幻 战斗 欢乐向 后宫","http://img.wenku8.com/image/0/205/205s.jpg","突然消失的父亲、突然飞来横祸的庞大欠款；突然降临的美丽圣少女，突然被建构起的樱色…"
"https://raw.githubusercontent.com/ixinzhi/lightnovel-2009to2013/master/幻色江户历 - 宫部美雪 - 20110509.epub",1018,"https://www.wenku8.net/book/1018.htm","title+author","幻色江户历","宫部美雪","其他文库","已完结","2011-05-09","112K","奇幻 悬疑","http://img.wenku8.com/image/1/1018/1018s.jpg","宫部美幸时代短篇小说的颠峰之作
酒批发商的大铺子佛龛，竟然在年关将近的深夜著火了…"
"https://raw.githubusercontent.com/ixinzhi/lightnovel-2009to2013/master/樱兰高校男公关部 - 叶鸟螺子 - 20110508.epub",960,"https://www.wenku8.net/book/960.htm","title+author","樱兰高校男公关部","叶鸟螺子","其他文库","已完结/ 已动画化","2011-05-08","123K","校园 青春 欢乐向 恋爱 耽美","http://img.wenku8.com/image/0/960/960s.jpg","人气漫画小说版，故事讲超有钱的少爷小姐就读的名流高中——“私立樱兰学院高中部”的…"
"https://raw.githubusercontent.com/ixinzhi/lightnovel-2009to2013/master/BLACK BIRD 黑鸟恋人 - 时海结以 - 20110507.epub",1017,"https://www.wenku8.net/book/1017.htm","title+author","BLACK BIRD 黑鸟恋人","时海结以","其他文库","已完结","2011-05-07","80K","奇幻 冒险 恋爱","http://img.wenku8.com/image/1/1017/1017s.jpg","实沙绪失踪了！？匡抱着誓死如归的决心要救出实沙绪。他来到妖怪的故乡，却发现对方拥…"
"https://raw.githubusercontent.com/ixinzhi/lightnovel-2009to2013/master/特甲少女 - 冲方丁 - 20110503.epub",250,"https://www.wenku8.net/book/250.htm","title+author","特甲少女","冲方丁","富士见文库","连载中","2011-05-03","976K","科幻 战斗 黑暗","http://img.wenku8.com/image/0/250/250s.jpg","翱翔于苍穹的三对彩翼一一
紫翼少女一一凤。
青翼少女一一乙。
黄翼少女一一雏。
…"
"https://raw.githubusercontent.com/ixinzhi/lightnovel-2009to2013/master/学园歌剧 - 山川进 - 20110502.epub",464,"https://www.wenku8.net/book/464.htm","title+author","学园歌剧","山川进","小学馆","连载中","2011-05-02","554K","校园 青春 恋爱 欢乐向 后宫","http://img.wenku8.com/image/0/464/464s.jpg","“小鬼头们……通通给我听好！抢眼一点吧！在这间学校里面，最抢眼的人才是赢家１——…"
"https://raw.githubusercontent.com/ixinzhi/lightnovel-2009to2013/master/MM一族 - 松野秋鸣 - 20110429.epub",97,"https://www.wenku8.net/book/97.htm","title+author","MM一族","松野秋鸣","MF文库J","已完结/ 已动画化","2011-04-29","979K","校园 欢乐向 青春 恋爱 后宫","http://img.wenku8.com/image/0/97/97s.jpg","由于某事件的发生，让砂户太郎被女生这样那样就会很爽的某个体质觉醒了。这样下去，他…"
"https://raw.githubusercontent.com/ixinzhi/lightnovel-2009to2013/master/天川天音的否定公式 - 叶村哲 - 20110427.epub",707,"https://www.wenku8.net/book/707.htm","title+author","天川天音的否定公式","叶村哲","MF文库J","已完结","2011-04-27","358K","校园 奇幻 异能 战斗 后宫","http://img.wenku8.com/image/0/707/707s.jpg","「我是来狩猎那个的。你就一个人逃走吧。」——
有一天，高中生雪道突然被完美无缺的转…"
"https://raw.githubusercontent.com/ixinzhi/lightnovel-2009to2013/master/花物语(物语系列六) - 西尾维新 - 20110423.epub",1010,"https://www.wenku8.net/book/1010.htm","title+author","花物语(物语系列六)","西尾维新","讲谈社","已完结/ 已动画化","2011-04-23","125K","校园 奇幻 青春 恋爱 后宫 人外","http://img.wenku8.com/image/1/1010/1010s.jpg","「不成药，便成毒。
否则你只是普通的水。」
阿良良木毕业后，
神原骏河升上高中三…"
"https://raw.githubusercontent.com/ixinzhi/lightnovel-2009to2013/master/创立！？三星学生会 - 佐佐原史绪 - 20110423.epub",495,"https://www.wenku8.net/book/495.htm","title+author","创立！？三星学生会","佐佐原史绪","Fami通文库","已完结","2011-04-23","408K","校园 青春 恋爱 欢乐向","http://img.wenku8.com/image/0/495/495s.jpg","天生是不幸体质的向坂惠(男)，才刚入学没多久，就在差点溺死的时候被金鱼模样的土地神…"
"https://raw.githubusercontent.com/ixinzhi/lightnovel-2009to2013/master/涂佛之宴 - 京极夏彦 - 20110422.epub",887,"https://www.wenku8.net/book/887.htm","title+author","涂佛之宴","京极夏彦","电击文库","已完结","2011-04-22","738K","奇幻 悬疑","http://img.wenku8.com/image/0/887/887s.jpg","这场游戏好玩吧。
毕竟都让你们胡闹这么久了，没道理不好玩哪……
我是全身漆黑的尸…"
"https://raw.githubusercontent.com/ixinzhi/lightnovel-2009to2013/master/寂静岭官方小说 - 山下定 - 20110420.epub",625,"https://www.wenku8.net/book/625.htm","title+author","寂静岭官方小说","山下定","其他文库","已完结","2011-04-20","215K","悬疑 惊悚","http://img.wenku8.com/image/0/625/625s.jpg","迷雾弥漫一切、笼罩一切，吞噬一切。
在命运的驱使下，哈里带着女儿雪莉乘车来到了那…"
"https://raw.githubusercontent.com/ixinzhi/lightnovel-2009to2013/master/少女，兵器，潘朵拉 - 西野胜海 - 20110419.epub",1007,"https://www.wenku8.net/book/1007.htm","title+author","少女，兵器，潘朵拉","西野胜海","MF文库J","连载中","2011-04-19","101K","校园 奇幻 欢乐向 后宫","http://img.wenku8.com/image/1/1007/1007s.jpg","高中生&#8226;富士山清贵，只是个眼神有点坏坏的平凡高中生……本来应该是这样的。但是…"
"https://raw.githubusercontent.com/ixinzhi/lightnovel-2009to2013/master/12DEMONS - 御堂彰彦 - 20110413.epub",976,"https://www.wenku8.net/book/976.htm","title+author","12DEMONS","御堂彰彦","电击文库","已完结","2011-04-13","216K","校园 黑暗 游戏 大逃杀 斗智","http://img.wenku8.com/image/0/976/976s.jpg","学园祭当天，12人向着学校出发。既和平时一样，又和平时不一样。继承了恶魔的那个的他…"
"https://raw.githubusercontent.com/ixinzhi/lightnovel-2009to2013/master/东京异闻 - 小野不由美 - 20110410.epub",1004,"https://www.wenku8.net/book/1004.htm","title+author","东京异闻","小野不由美","其他文库","已完结","2011-04-10","165K","奇幻 悬疑 惊悚","http://img.wenku8.com/image/1/1004/1004s.jpg","帝都东京建都后29年，夜晚已从人类手中失守，变成「异种东西」的世界。东京街头开始发…"
"https://raw.githubusercontent.com/ixinzhi/lightnovel-2009to2013/master/虎鲸格拉 - 中村惠里加 - 20110406.epub",1003,"https://www.wenku8.net/book/1003.htm","title+author","虎鲸格拉","中村惠里加","电击文库","已完结","2011-04-06","117K","校园 奇幻 青春 恋爱","http://img.wenku8.com/image/1/1003/1003s.jpg","有点脱线，即将迈入高中生活的少女秋津岛榛奈，在高中开学前的春假期间，偶然遇到了一…"
"https://raw.githubusercontent.com/ixinzhi/lightnovel-2009to2013/master/Fortune Arterial(命运脉动) - 冈田留奈 - 20110402.epub",693,"https://www.wenku8.net/book/693.htm","title+author","Fortune Arterial(命运脉动)","冈田留奈","其他文库","已完结/ 已动画化","2011-04-02","366K","校园 奇幻 后宫 人外 大小姐 青梅竹马","http://img.wenku8.com/image/0/693/693s.jpg","注：游戏改编小说，全年龄版！

支仓孝平被迫作出重大抉择。一转学到这修智馆学院，就…"
"https://raw.githubusercontent.com/ixinzhi/lightnovel-2009to2013/master/狐笛的彼方 - 上桥菜穗子 - 20110331.epub",1002,"https://www.wenku8.net/book/1002.htm","title+author","狐笛的彼方","上桥菜穗子","其他文库","已完结","2011-03-31","100K","奇幻 战争","http://img.wenku8.com/image/1/1002/1002s.jpg","拥有“心耳”能力的少女小夜，从懂事以来就跟奶奶住在远离村落的夜名森林一带。某天晚…"
"https://raw.githubusercontent.com/ixinzhi/lightnovel-2009to2013/master/开朗的家族炮计划！ - 新木伸 - 20110330.epub",414,"https://www.wenku8.net/book/414.htm","title+author","开朗的家族炮计划！","新木伸","Fami通文库","已完结","2011-03-30","591K","校园 科幻 欢乐向 后宫 青梅竹马","http://img.wenku8.com/image/0/414/414s.jpg","互为邻居的新城拓真与神崎美奈当了整整十五年的青梅竹马。两人被班上的同学们公认为「…"
"https://raw.githubusercontent.com/ixinzhi/lightnovel-2009to2013/master/GANTZ杀戮都市Minus - 日下部匡俊 - 20110329.epub",1001,"https://www.wenku8.net/book/1001.htm","title+author","GANTZ杀戮都市Minus","日下部匡俊","集英社","已完结","2011-03-29","101K","科幻 冒险 战斗","http://img.wenku8.com/image/1/1001/1001s.jpg","故事发生在玄野计尚未在地下铁遭遇意外之前……有一个默默无闻的高中生──橿原大树死…"
"https://raw.githubusercontent.com/ixinzhi/lightnovel-2009to2013/master/玛莉亚狂热 - 合作 - 20110323.epub",997,"https://www.wenku8.net/book/997.htm","title+author","玛莉亚狂热","合作","电击文库","已完结/ 已动画化","2011-03-23","90K","校园 欢乐向 后宫 伪娘 妹妹 大小姐","http://img.wenku8.com/image/0/997/997s.jpg","热血奔腾的校园，伪娘驾到！
五位作家各以独特的切入角度，描绘出『玛莉亚＋狂热』的…"
"https://raw.githubusercontent.com/ixinzhi/lightnovel-2009to2013/master/DDD - 奈须蘑菇 - 20110319.epub",169,"https://www.wenku8.net/book/169.htm","title+author","DDD","奈须蘑菇","讲谈社","已完结","2011-03-19","485K","奇幻 异能 战斗","http://img.wenku8.com/image/0/169/169s.jpg","那是骨骼摩擦作响、幽寂无声的夜晚。亦是如花般绽放的、美丽生命之音。
——Decorati…"
"https://raw.githubusercontent.com/ixinzhi/lightnovel-2009to2013/master/Flyable heart 恋色甜点 - 冈崎いずみ - 20110314.epub",993,"https://www.wenku8.net/book/993.htm","title+author","Flyable heart 恋色甜点","冈崎いずみ","Fami通文库","已完结","2011-03-14","86K","校园 奇幻 青春 后宫","http://img.wenku8.com/image/0/993/993s.jpg","“学生餐厅免费吃到饱。”
因为这样一个理由转学到私立鳯缭兰学园的葛木晶，在入学当…"
"https://raw.githubusercontent.com/ixinzhi/lightnovel-2009to2013/master/不眠的珍珠 - 石田衣良 - 20110313.epub",991,"https://www.wenku8.net/book/991.htm","title+author","不眠的珍珠","石田衣良","其他文库","已完结","2011-03-13","133K","恋爱 女性视角","http://img.wenku8.com/image/0/991/991s.jpg","餐厅服务生素树比45岁的单身版画家呋世子年轻将近20岁，呋世子不由自主地为他那双骨感…"
"https://raw.githubusercontent.com/ixinzhi/lightnovel-2009to2013/master/蓝兰岛漂流记 - 雾海正悟 - 20110311.epub",109,"https://www.wenku8.net/book/109.htm","title+author","蓝兰岛漂流记","雾海正悟","其他文库","已完结/ 已动画化","2011-03-11","238K","青春 冒险 欢乐向 后宫","http://img.wenku8.com/image/0/109/109s.jpg","不擅于和女孩子相处的少年东方院行人,跟父亲吵架之后,一气之下离家出走.在搭船展开新生…"
"https://raw.githubusercontent.com/ixinzhi/lightnovel-2009to2013/master/彩虹村的秘密 - 有栖川有栖 - 20110309.epub",989,"https://www.wenku8.net/book/989.htm","title+author","彩虹村的秘密","有栖川有栖","其他文库","已完结","2011-03-09","86K","悬疑 冒险","http://img.wenku8.com/image/0/989/989s.jpg","上月秀介和二宫优希都是小学六年级学生。秀介后果旧像优希的妈妈一样成为推理小说作家…"
"https://raw.githubusercontent.com/ixinzhi/lightnovel-2009to2013/master/神与人之歌 - 津守时生 - 20110306.epub",338,"https://www.wenku8.net/book/338.htm","title+author","神与人之歌","津守时生","角川文库","连载中","2011-03-06","270K","科幻 冒险 战斗 耽美","http://img.wenku8.com/image/0/338/338s.jpg","位于银河某个角落的热带雨林行星马萨拉，具有着独特的丛林神树崇拜以及远超人类丛林的…"
"https://raw.githubusercontent.com/ixinzhi/lightnovel-2009to2013/master/守护天使 - 石田衣良 - 20110304.epub",986,"https://www.wenku8.net/book/986.htm","title+author","守护天使","石田衣良","其他文库","已完结","2011-03-04","129K","奇幻 悬疑 恋爱 人外","http://img.wenku8.com/image/0/986/986s.jpg","投资公司董事长挂井纯一遭不知名人士杀害，成为幽灵的他丧失了生前最后两年的记忆。为…"
"https://raw.githubusercontent.com/ixinzhi/lightnovel-2009to2013/master/煌夜祭 - 多崎礼 - 20110228.epub",950,"https://www.wenku8.net/book/950.htm","title+author","煌夜祭","多崎礼","其他文库","已完结","2011-02-28","109K","奇幻","http://img.wenku8.com/image/0/950/950s.jpg","周游于十八列岛，搜集各地的故事，传颂于其他土地。这是我们语部的工作。而在冬至之夜…"
"https://raw.githubusercontent.com/ixinzhi/lightnovel-2009to2013/master/倾物语(物语系列五) - 西尾维新 - 20110227.epub",968,"https://www.wenku8.net/book/968.htm","title+author","倾物语(物语系列五)","西尾维新","讲谈社","已完结/ 已动画化","2011-02-27","178K","校园 奇幻 青春 恋爱 后宫 人外","http://img.wenku8.com/image/0/968/968s.jpg","迷路小学生八九寺真宵，阿良良木历为了她，犯下无法挽救的错——！？
《物语》史上最…"
"https://raw.githubusercontent.com/ixinzhi/lightnovel-2009to2013/master/太阳之塔 - 森见登美彦 - 20110226.epub",982,"https://www.wenku8.net/book/982.htm","title+author","太阳之塔","森见登美彦","其他文库","已完结","2011-02-26","92K","青春 欢乐向 宅文化","http://img.wenku8.com/image/0/982/982s.jpg","京大生（京都大学学生）在日本是一个非常特殊的群体，他们深信人的价值出自于内在，外…"
"https://raw.githubusercontent.com/ixinzhi/lightnovel-2009to2013/master/月兔的银色方舟 - 鸭志田一 - 20110224.epub",457,"https://www.wenku8.net/book/457.htm","title+author","月兔的银色方舟","鸭志田一","电击文库","已完结","2011-02-24","580K","校园 异能 青春 恋爱","http://img.wenku8.com/image/0/457/457s.jpg","拥有「把自己所见之物让别人也能看见」这种无用超能力的真田宗太。
一直隐藏超能力过着…"
"https://raw.githubusercontent.com/ixinzhi/lightnovel-2009to2013/master/B-EDGE AGE 狮子们在爱丽丝的庭院里 - 樱庭一树 - 20110221.epub",980,"https://www.wenku8.net/book/980.htm","title+author","B-EDGE AGE 狮子们在爱丽丝的庭院里","樱庭一树","富士见文库","连载中","2011-02-21","102K","悬疑 青梅竹马","http://img.wenku8.com/image/0/980/980s.jpg","黄昏的教堂，会降临沾满鲜血的天使。
拥有蓝色眼睛的少年——狮子堂·塞巴斯蒂安·美弥…"
"https://raw.githubusercontent.com/ixinzhi/lightnovel-2009to2013/master/未完成的情书 - 山口升 - 20110220.epub",979,"https://www.wenku8.net/book/979.htm","title+author","未完成的情书","山口升","富士见文库","已完结","2011-02-20","105K","校园 青春 恋爱","http://img.wenku8.com/image/0/979/979s.jpg","对于除了画画之外就没有其他特别长处的我——高中生远藤由纪夫来说，这个叫神木圆的女…"
"https://raw.githubusercontent.com/ixinzhi/lightnovel-2009to2013/master/杀×爱 - 风见周 - 20110214.epub",413,"https://www.wenku8.net/book/413.htm","title+author","杀×爱","风见周","富士见文库","已完结","2011-02-14","682K","科幻 校园 末日 后宫 人外 青梅竹马","http://img.wenku8.com/image/0/413/413s.jpg","五年前，我死了。椎堂密，变质成了名为欧米加的存在——在世界灭亡开始时。
普通的上…"
"https://raw.githubusercontent.com/ixinzhi/lightnovel-2009to2013/master/华鬼 - 梨沙 - 20110208.epub",711,"https://www.wenku8.net/book/711.htm","title+author","华鬼","梨沙","其他文库","已完结","2011-02-08","482K","奇幻 恋爱","http://img.wenku8.com/image/0/711/711s.jpg","带着“鬼族新娘”烙印的少女朝雾神无在十六岁生日那天被掳至“鬼乡”，成为鬼族首领木…"
"https://raw.githubusercontent.com/ixinzhi/lightnovel-2009to2013/master/不纯异性交游学园! - 海堂崇 - 20110204.epub",881,"https://www.wenku8.net/book/881.htm","title+author","不纯异性交游学园!","海堂崇","GA文库","已完结","2011-02-04","222K","校园 欢乐向 后宫 青梅竹马","http://img.wenku8.com/image/0/881/881s.jpg","「为什么我排到第二蔼—！？」
咚隆！！下课后的校舍背面，八岛平太目击了可怕的场面…"
"https://raw.githubusercontent.com/ixinzhi/lightnovel-2009to2013/master/拜托了，莉莉丝 - 麻宫枫 - 20110131.epub",952,"https://www.wenku8.net/book/952.htm","title+author","拜托了，莉莉丝","麻宫枫","电击文库","连载中","2011-01-31","148K","校园 奇幻 战斗 欢乐向 百合 女性视角","http://img.wenku8.com/image/0/952/952s.jpg","我侍奉的撒旦大人有着绝世美貌。可惜由于失去本来的力量令她看起来只有十岁。因此侍奉…"
"https://raw.githubusercontent.com/ixinzhi/lightnovel-2009to2013/master/死图眼的伊妲卡 - 杉井光 - 20110129.epub",970,"https://www.wenku8.net/book/970.htm","title+author","死图眼的伊妲卡","杉井光","一迅社","已完结","2011-01-29","133K","奇幻 悬疑 惊悚 黑暗 恋爱","http://img.wenku8.com/image/0/970/970s.jpg","第二个了……这次被杀的女高中生尸体同样被截断了手脚、肚子被剖开塞进了碎肉块之后缝…"
"https://raw.githubusercontent.com/ixinzhi/lightnovel-2009to2013/master/梦侦探(红辣椒) - 筒井康隆 - 20110128.epub",969,"https://www.wenku8.net/book/969.htm","title+author","梦侦探(红辣椒)","筒井康隆","其他文库","已完结/ 已动画化","2011-01-28","208K","科幻 悬疑 冒险","http://img.wenku8.com/image/0/969/969s.jpg","荣获诺贝尔奖提名的“美女精神治疗师千叶敦子”与“天才科学家时田浩作”一起研发出“…"
"https://raw.githubusercontent.com/ixinzhi/lightnovel-2009to2013/master/黑姬柚叶 - 田口一 - 20110127.epub",682,"https://www.wenku8.net/book/682.htm","title+author","黑姬柚叶","田口一","MF文库J","已完结","2011-01-27","344K","校园 异能 战斗 后宫 青梅竹马","http://img.wenku8.com/image/0/682/682s.jpg","雷恩·里恩巴多是一个生活在透过「符纹之力」来实现各种可能的世界的少年。
立志成为…"
"https://raw.githubusercontent.com/ixinzhi/lightnovel-2009to2013/master/M之奇谈 - 三上康明 - 20110121.epub",965,"https://www.wenku8.net/book/965.htm","title+author","M之奇谈","三上康明","小学馆","连载中","2011-01-21","96K","校园 悬疑 冒险 后宫 妹妹","http://img.wenku8.com/image/0/965/965s.jpg","《天鹅座迷宫》知名网络游戏『ＱＯ』当中居然出现了神秘图像，还导致玩家陷入昏迷，而…"
"https://raw.githubusercontent.com/ixinzhi/lightnovel-2009to2013/master/薄樱鬼 新选组奇谭 - IDEA FACTORY - 20110118.epub",963,"https://www.wenku8.net/book/963.htm","title+author","薄樱鬼 新选组奇谭","IDEA FACTORY","少女文库","已完结/ 已动画化","2011-01-18","110K","奇幻 冒险 战斗","http://img.wenku8.com/image/0/963/963s.jpg","为了寻找杳无音讯的父亲，雪村千鹤离开了老家江户，来到了京都。就在那一天，她被嗜血…"
"https://raw.githubusercontent.com/ixinzhi/lightnovel-2009to2013/master/天使养成法则 - 浅沼广太 - 20110118.epub",55,"https://www.wenku8.net/book/55.htm","title+author","天使养成法则","浅沼广太","集英社","已完结","2011-01-18","483K","校园 奇幻 欢乐向 后宫 人外","http://img.wenku8.com/image/0/55/55s.jpg","某个下雨的星期六，超我行我素高中生神月光正在床上看著漫画，突然一名天使在他面前出…"
"https://raw.githubusercontent.com/ixinzhi/lightnovel-2009to2013/master/侍卫 - 舞阪洸 - 20110118.epub",434,"https://www.wenku8.net/book/434.htm","title+author","侍卫","舞阪洸","GA文库","连载中","2011-01-18","376K","校园 战斗 冒险 后宫 青梅竹马","http://img.wenku8.com/image/0/434/434s.jpg","未曾有过明治维新，也未曾有过明治新政府的废刀令。江户幕府和武士存活下来，刀，也沿…"
"https://raw.githubusercontent.com/ixinzhi/lightnovel-2009to2013/master/德鲁伊来啰! - 志瑞佑 - 20110112.epub",401,"https://www.wenku8.net/book/401.htm","title+author","德鲁伊来啰!","志瑞佑","MF文库J","已完结","2011-01-12","239K","校园 欢乐向 百合","http://img.wenku8.com/image/0/401/401s.jpg","某天，私立森野学园转来了一名女生，而且她还带来一大群动物！她来自正统的德鲁伊（自…"
"https://raw.githubusercontent.com/ixinzhi/lightnovel-2009to2013/master/魔龙妹与秃头兄 - 谷口俊介 - 20110111.epub",959,"https://www.wenku8.net/book/959.htm","title+author","魔龙妹与秃头兄","谷口俊介","HJ文库","已完结","2011-01-11","88K","校园 奇幻 战斗 欢乐向 妹妹","http://img.wenku8.com/image/0/959/959s.jpg","长相俊俏却是个笨蛋的高中生·桐生柳，忽然面临妹妹·京的意外自白：
「我……我变成…"
"https://raw.githubusercontent.com/ixinzhi/lightnovel-2009to2013/master/黑祠之岛 - 小野不由美 - 20110110.epub",957,"https://www.wenku8.net/book/957.htm","title+author","黑祠之岛","小野不由美","其他文库","已完结","2011-01-10","202K","悬疑 惊悚","http://img.wenku8.com/image/0/957/957s.jpg","式部刚——石井调查事务所的侦探，这回要调查的竟是他的工作伙伴——报导文学作家葛木…"
"https://raw.githubusercontent.com/ixinzhi/lightnovel-2009to2013/master/鸭川小鬼 - 万成目学 - 20110103.epub",953,"https://www.wenku8.net/book/953.htm","title+author","鸭川小鬼","万成目学","角川文库","已完结","2011-01-03","121K","校园 青春 奇幻 竞技","http://img.wenku8.com/image/0/953/953s.jpg","没钱没闲，这是京都大学新生安倍刚入学时的写照。为了能参加迎新会蹭饭吃，他加入了各…"
"https://raw.githubusercontent.com/ixinzhi/lightnovel-2009to2013/master/阴沉少女与黑魔法之恋 - 熊谷雅人 - 20110103.epub",206,"https://www.wenku8.net/book/206.htm","title+author","阴沉少女与黑魔法之恋","熊谷雅人","MF文库J","已完结","2011-01-03","408K","校园 奇幻 青春 恋爱 欢乐向 女性视角","http://img.wenku8.com/image/0/206/206s.jpg","竟然嘲笑我。这些家伙！看我怎么诅咒你们！
空口真帆，绰号「黑魔法」。就像自己的绰…"
"https://raw.githubusercontent.com/ixinzhi/lightnovel-2009to2013/master/SAS公主特勤组 - 鸟居羊 - 20110102.epub",269,"https://www.wenku8.net/book/269.htm","title+author","SAS公主特勤组","鸟居羊","HJ文库","连载中","2011-01-02","228K","校园 冒险 战斗 恋爱 妹妹","http://img.wenku8.com/image/0/269/269s.jpg","山阶立夏是个平凡的国中生，当他的妹妹纱友，曝光了身为某国公主的身份后，身边紧接着…"
"https://raw.githubusercontent.com/ixinzhi/lightnovel-2009to2013/master/铳姬 - 高殿円 - 20101229.epub",182,"https://www.wenku8.net/book/182.htm","title+author","铳姬","高殿円","MF文库J","连载中","2010-12-29","547K","奇幻 冒险 战争 后宫","http://img.wenku8.com/image/0/182/182s.jpg","百年前的“破晓前夕”大战，人类滥用魔法互相残杀，惨烈的战况激起众神震怒，决定收回…"
"https://raw.githubusercontent.com/ixinzhi/lightnovel-2009to2013/master/变装大作战 - 将吉 - 20101223.epub",948,"https://www.wenku8.net/book/948.htm","title+author","变装大作战","将吉","其他文库","已完结","2010-12-23","97K","奇幻 悬疑 青春 恋爱","http://img.wenku8.com/image/0/948/948s.jpg","圣香，19岁，野心是成为COSPALY界的明星。特技是……咦？灵异照片！？
圣香是个热爱CO…"
"https://raw.githubusercontent.com/ixinzhi/lightnovel-2009to2013/master/有川夕菜的抵抗值 - 时田唯 - 20101222.epub",947,"https://www.wenku8.net/book/947.htm","title+author","有川夕菜的抵抗值","时田唯","电击文库","已完结","2010-12-22","80K","校园 青春 恋爱 欢乐向","http://img.wenku8.com/image/0/947/947s.jpg","「我最讨厌你们这种家伙了９
开口第一句话就让全班退避三舍的转学生·夕菜有个秘密。她…"
"https://raw.githubusercontent.com/ixinzhi/lightnovel-2009to2013/master/Happy☆Lesson The TV(欢乐课程) - 吉冈たかを - 20101221.epub",946,"https://www.wenku8.net/book/946.htm","title+author","Happy☆Lesson The TV(欢乐课程)","吉冈たかを","电击文库","已完结","2010-12-21","90K","校园 青春 后宫 欢乐向","http://img.wenku8.com/image/0/946/946s.jpg","仁岁千岁是一个普通的中学生，从小父母双亡，在孤儿院长大的他住在父母留给他的独栋房…"
"https://raw.githubusercontent.com/ixinzhi/lightnovel-2009to2013/master/只有神知道的世界 - 有泽真水 - 20101219.epub",465,"https://www.wenku8.net/book/465.htm","title+author","只有神知道的世界","有泽真水","小学馆","已完结/ 已动画化","2010-12-19","153K","校园 奇幻 欢乐向 后宫","http://img.wenku8.com/image/0/465/465s.jpg","“我被救了吗，被那天使般的女孩子——”攻略之神，桂木桂马遇见的是拥有桂马不擅长属…"
"https://raw.githubusercontent.com/ixinzhi/lightnovel-2009to2013/master/刀语 - 西尾维新 - 20101216.epub",318,"https://www.wenku8.net/book/318.htm","title+author","刀语","西尾维新","讲谈社","已完结/ 已动画化","2010-12-16","735K","奇幻 冒险 战斗 后宫 妹妹","http://img.wenku8.com/image/0/318/318s.jpg","作品的舞台是被称为“尾张时代”的中世纪日本，是战国时代和将军家实现天下统一之间的…"
"https://raw.githubusercontent.com/ixinzhi/lightnovel-2009to2013/master/潜水艇 - 水城正太郎 - 20101215.epub",615,"https://www.wenku8.net/book/615.htm","title+author","潜水艇","水城正太郎","HJ文库","连载中","2010-12-15","198K","校园 异能 青春 欢乐向","http://img.wenku8.com/image/0/615/615s.jpg","海洋！旅行！冲绳岛！修学旅行总是能为青春留下愉快的回忆，天才少年老师佐世里原本也…"
"https://raw.githubusercontent.com/ixinzhi/lightnovel-2009to2013/master/“写给尊敬的姐姐”系列 - 川口大介 - 20101213.epub",942,"https://www.wenku8.net/book/942.htm","title+author","“写给尊敬的姐姐”系列","川口大介","富士见文库","连载中","2010-12-13","79K","校园 青春 冒险 欢乐向 后宫","http://img.wenku8.com/image/0/942/942s.jpg","弟弟西里奥斯·克鲁劳尔是国立骑士培养学校的学年最强。一年级就取得“准骑士”的资格…"
"https://raw.githubusercontent.com/ixinzhi/lightnovel-2009to2013/master/黄昏色的咏使 - 细音启 - 20101212.epub",11,"https://www.wenku8.net/book/11.htm","title+author","黄昏色的咏使","细音启","富士见文库","","","","校园 奇幻 战斗 青春 恋爱","http://img.wenku8.com/image/0/11/11s.jpg","任谁都听不见的细微低语，乘着黎明的风传送而来……
创造出据说不可能成立的夜色名咏…"
"https://raw.githubusercontent.com/ixinzhi/lightnovel-2009to2013/master/肯普法 - 筑地俊彦 - 20101211.epub",120,"https://www.wenku8.net/book/120.htm","title+author","肯普法","筑地俊彦","MF文库J","已完结/ 已动画化","2010-12-11","1150K","校园 战斗 欢乐向 性转 后宫 青梅竹马","http://img.wenku8.com/image/0/120/120s.jpg","濑能名津流是个平凡的高中生……
本来应该如此的。
有一天他早上醒来却发现自己变成…"
"https://raw.githubusercontent.com/ixinzhi/lightnovel-2009to2013/master/献上女神的祝福 - 岩田洋季 - 20101209.epub",43,"https://www.wenku8.net/book/43.htm","title+author","献上女神的祝福","岩田洋季","电击文库","已完结","2010-12-09","1567K","校园 青春 恋爱 欢乐向 大小姐","http://img.wenku8.com/image/0/43/43s.jpg","大家好，我是从今天起将要就读东京比亚特利斯综合大学附属高中的吉村护。对于新世代能…"
"https://raw.githubusercontent.com/ixinzhi/lightnovel-2009to2013/master/剑道杀人事件 - 鸟羽亮 - 20101206.epub",940,"https://www.wenku8.net/book/940.htm","title+author","剑道杀人事件","鸟羽亮","其他文库","已完结","2010-12-06","131K","悬疑","http://img.wenku8.com/image/0/940/940s.jpg","全日本学生剑道大赛会场内，两名正激烈对峙的选手，其中一名突然姿势怪异，砰地一声倒…"
"https://raw.githubusercontent.com/ixinzhi/lightnovel-2009to2013/master/鸟笼庄的房客今日也慵懒 - 壁井有可子 - 20101206.epub",284,"https://www.wenku8.net/book/284.htm","title+author","鸟笼庄的房客今日也慵懒","壁井有可子","电击文库","已完结","2010-12-06","638K","青春 恋爱 群像 治愈 伪娘","http://img.wenku8.com/image/0/284/284s.jpg","有妄想癖的美女、哥德萝莉打扮的小学生、身著猫咪人偶装的家伙、双胞胎阴森老人，以及…"
"https://raw.githubusercontent.com/ixinzhi/lightnovel-2009to2013/master/电波系彼女 - 片山宪太郎 - 20101205.epub",24,"https://www.wenku8.net/book/24.htm","title+author","电波系彼女","片山宪太郎","集英社","已完结/ 已动画化","2010-12-05","369K","校园 悬疑 冒险 黑暗 恋爱","http://img.wenku8.com/image/0/24/24s.jpg","不良少年的柔泽十被从未见过面的少女宣誓效忠，当他被这位名叫堕花雨的少女古怪行径耍…"
"https://raw.githubusercontent.com/ixinzhi/lightnovel-2009to2013/master/恶魔少女 - わかつきひかる - 20101204.epub",25,"https://www.wenku8.net/book/25.htm","title_only","恶魔少女","わかつきひかる","HJ文库","已完结","2010-12-04","340K","校园 奇幻 欢乐向 青梅竹马 性转","http://img.wenku8.com/image/0/25/25s.jpg","对自己的长相很有自信的美少女──如月留莉绘，偶然间在深夜里将梳妆镜和小镜子合成对…"
"https://raw.githubusercontent.com/ixinzhi/lightnovel-2009to2013/master/月兔公主 - 野村美月 - 20101204.epub",32,"https://www.wenku8.net/book/32.htm","title+author","月兔公主","野村美月","Fami通文库","已完结","2010-12-04","431K","校园 科幻 欢乐向 后宫 青梅竹马 人外","http://img.wenku8.com/image/0/32/32s.jpg","喂，给我等一下！我只不过是捡到一只兔子而已耶。帮它洗澡的时候它竟然化为人形，说是…"
"https://raw.githubusercontent.com/ixinzhi/lightnovel-2009to2013/master/月兔升空时 - 平坂读 - 20101204.epub",33,"https://www.wenku8.net/book/33.htm","title+author","月兔升空时","平坂读","MF文库J","已完结","2010-12-04","438K","校园 奇幻 欢乐向 后宫 人外","http://img.wenku8.com/image/0/33/33s.jpg","因为「某种因素」而离开双亲，独自在外生活的雾村圣司，在一群损友及美少女（尤以处心…"
"https://raw.githubusercontent.com/ixinzhi/lightnovel-2009to2013/master/银盘万花筒 - 海原零 - 20101202.epub",36,"https://www.wenku8.net/book/36.htm","title+author","银盘万花筒","海原零","集英社","已完结/ 已动画化","2010-12-02","1083K","竞技 青春 恋爱 人外 女性视角","http://img.wenku8.com/image/0/36/36s.jpg","我的名字是樱野鹤纱，16岁的花式滑冰选手。
虽然原本应该是备受期待的实力派选手，但…"
"https://raw.githubusercontent.com/ixinzhi/lightnovel-2009to2013/master/仰望半月的夜空 - 桥本纺 - 20101130.epub",40,"https://www.wenku8.net/book/40.htm","title+author","仰望半月的夜空","桥本纺","电击文库","","","","校园 青春 恋爱","http://img.wenku8.com/image/0/40/40s.jpg","戎崎裕一在高中2年级的冬天突然因为甲型肝炎住院。在那里，经由谷崎亚希子的介绍，遇到…"
"https://raw.githubusercontent.com/ixinzhi/lightnovel-2009to2013/master/我的亲爱主人!？ - 鹰野佑希 - 20101129.epub",46,"https://www.wenku8.net/book/46.htm","title+author","我的亲爱主人!?","鹰野佑希","富士见文库","已完结","2010-11-29","436K","穿越 欢乐向 恋爱 青梅竹马 性转","http://img.wenku8.com/image/0/46/46s.jpg","Ｅ罩杯，这是在书报杂志上的泳装少女身旁经常出现的字眼。
同时，也是身为一名男性所…"
"https://raw.githubusercontent.com/ixinzhi/lightnovel-2009to2013/master/黑暗之神 - 小野不由美 - 20101127.epub",937,"https://www.wenku8.net/book/937.htm","title+author","黑暗之神","小野不由美","其他文库","已完结","2010-11-27","70K","奇幻 悬疑 冒险","http://img.wenku8.com/image/0/937/937s.jpg","耕介是小学六年级学生，暑假里和父亲一起到多年没来往的大姥爷家——一座遥远山村中的…"
"https://raw.githubusercontent.com/ixinzhi/lightnovel-2009to2013/master/我家有个狐仙大人 - 柴村仁 - 20101126.epub",51,"https://www.wenku8.net/book/51.htm","title+author","我家有个狐仙大人","柴村仁","电击文库","连载中/ 已动画化","2010-11-26","599K","校园 奇幻 战斗 欢乐向 后宫 人外","http://img.wenku8.com/image/0/51/51s.jpg","从前有只名叫「空幻」的巨大古狐被奉为三槌家的守护神。
此狐通晓法术，相当聪明；但…"
"https://raw.githubusercontent.com/ixinzhi/lightnovel-2009to2013/master/我们俩的田村同学 - 竹宫悠由子 - 20101126.epub",50,"https://www.wenku8.net/book/50.htm","title+author","我们俩的田村同学","竹宫悠由子","电击文库","已完结","2010-11-26","254K","校园 青春 恋爱 欢乐向 后宫","http://img.wenku8.com/image/0/50/50s.jpg","在暑假前夕的期末考前，班上的人都为了在「国中最后一个夏天」留下美好的回忆，而忙著…"
"https://raw.githubusercontent.com/ixinzhi/lightnovel-2009to2013/master/我的世界守护者 - 谷川流 - 20101126.epub",49,"https://www.wenku8.net/book/49.htm","title+author","我的世界守护者","谷川流","电击文库","已完结","2010-11-26","311K","校园 奇幻 欢乐向 后宫 青梅竹马 人外","http://img.wenku8.com/image/0/49/49s.jpg","「总算回来了。」眼前没见过的女孩说道。「你真是慢耶９那是名横眉竖眼、宛如妖精般的…"
"https://raw.githubusercontent.com/ixinzhi/lightnovel-2009to2013/master/6TEEN(十六岁) - 石田衣良 - 20101124.epub",936,"https://www.wenku8.net/book/936.htm","title+author","6TEEN(十六岁)","石田衣良","其他文库","已完结","2010-11-24","109K","校园 青春 恋爱 群像","http://img.wenku8.com/image/0/936/936s.jpg","16岁。
我相信我能接受她的一切。
石田衣良直木赏得奖作品《4TEEN 十四岁》里的四位…"
"https://raw.githubusercontent.com/ixinzhi/lightnovel-2009to2013/master/春宵苦短，少女前进吧！ - 森见登美彦 - 20101123.epub",933,"https://www.wenku8.net/book/933.htm","title+author","春宵苦短，少女前进吧！","森见登美彦","角川文库","已完结","2010-11-23","120K","青春 恋爱","http://img.wenku8.com/image/0/933/933s.jpg","电波系少女盈盈含笑，纯情宅男哀叹：「爱你在心里口难开……」，月色迷人，酒香扑鼻，…"
"https://raw.githubusercontent.com/ixinzhi/lightnovel-2009to2013/master/万岁系列 - 三浦勇雄 - 20101123.epub",54,"https://www.wenku8.net/book/54.htm","title+author","万岁系列","三浦勇雄","MF文库J","已完结","2010-11-23","732K","校园 科幻 战斗 欢乐向 恋爱","http://img.wenku8.com/image/0/54/54s.jpg","「恭喜！五十岚你被选为这次圣诞少年的代言人９下著白雪的圣诞夜，一个来自异世界，叫…"
"https://raw.githubusercontent.com/ixinzhi/lightnovel-2009to2013/master/我们的蔬菜不够 - 浅沼广太 - 20101123.epub",52,"https://www.wenku8.net/book/52.htm","title+author","我们的蔬菜不够","浅沼广太","集英社","已完结","2010-11-23","358K","校园 科幻 欢乐向 后宫 青梅竹马","http://img.wenku8.com/image/0/52/52s.jpg","「请让我当你的太太９
从天空降落到萝卜田里的人，居然是个来到地球学习农业并自称为…"
"https://raw.githubusercontent.com/ixinzhi/lightnovel-2009to2013/master/Rapunzel之翼 - 土桥真二郎 - 20101121.epub",932,"https://www.wenku8.net/book/932.htm","title+author","Rapunzel之翼","土桥真二郎","电击文库","连载中","2010-11-21","104K","科幻 冒险 战斗 游戏 大逃杀","http://img.wenku8.com/image/0/932/932s.jpg","（如果有人捡到了这个手提箱，请绝对不要打开。里面装有对人类非常危险的武器。只要不…"
"https://raw.githubusercontent.com/ixinzhi/lightnovel-2009to2013/master/TIGER×DRAGON！(龙与虎) - 竹宫悠由子 - 20101120.epub",2,"https://www.wenku8.net/book/2.htm","title+author","TIGER×DRAGON！(龙与虎)","竹宫悠由子","电击文库","","","","校园 青春 恋爱 欢乐向 后宫","http://img.wenku8.com/image/0/2/2s.jpg","眼神凶恶，因此被班里同学看作不良少年的高须龙儿，正要升上高中二年级，并幸运的和暗…"
"https://raw.githubusercontent.com/ixinzhi/lightnovel-2009to2013/master/糖果子弹 - 樱庭一树 - 20101120.epub",60,"https://www.wenku8.net/book/60.htm","title+author","糖果子弹","樱庭一树","富士见文库","已完结","2010-11-20","72K","校园 青春 悬疑 黑暗 百合","http://img.wenku8.com/image/0/60/60s.jpg","我不想变成大人——傲慢，就知道径自宣扬些不合理的主张、反覆著无聊的藉口，然后用一…"
"https://raw.githubusercontent.com/ixinzhi/lightnovel-2009to2013/master/死后文 - 雨宫谅 - 20101119.epub",71,"https://www.wenku8.net/book/71.htm","title+author","死后文","雨宫谅","电击文库","已完结/ 已动画化","2010-11-19","333K","奇幻 治愈 黑暗","http://img.wenku8.com/image/0/71/71s.jpg","一位身着日本旧式邮政工作制服、手持不可思议的手杖的少女，在她黑色的工作包中装满了…"
"https://raw.githubusercontent.com/ixinzhi/lightnovel-2009to2013/master/三月，七日。 - 森桥宾果 - 20101119.epub",68,"https://www.wenku8.net/book/68.htm","title+author","三月，七日。","森桥宾果","Fami通文库","已完结","2010-11-19","181K","校园 青春 恋爱 妹妹","http://img.wenku8.com/image/0/68/68s.jpg","孤独寂寞的少女．七日。扮演模范生的少年．三月。在高一的春天即将到来的某一天，与同…"
"https://raw.githubusercontent.com/ixinzhi/lightnovel-2009to2013/master/心生研究社 - 大泉りか - 20101117.epub",929,"https://www.wenku8.net/book/929.htm","title+author","心生研究社","大泉りか","小学馆","连载中","2010-11-17","89K","校园 青春 欢乐向 百合","http://img.wenku8.com/image/0/929/929s.jpg","来研究少女的快感吧！
这里是渊源清正的女子高校，圣.九宫学院高校——只有被选中的女…"
"https://raw.githubusercontent.com/ixinzhi/lightnovel-2009to2013/master/节哀唷二之宫同学(请别忧伤了二之宫君) - 铃木大辅 - 20101117.epub",79,"https://www.wenku8.net/book/79.htm","title+author","节哀唷二之宫同学(请别忧伤了二之宫君)","铃木大辅","富士见文库","已完结/ 已动画化","2010-11-17","1249K","校园 奇幻 欢乐向 恋爱 后宫 大小姐","http://img.wenku8.com/image/0/79/79s.jpg","灾难是与门铃声一同到来的。尽管平凡，但是二之宫峻护过的生活也还算平稳，他只是个非…"
"https://raw.githubusercontent.com/ixinzhi/lightnovel-2009to2013/master/犬神 - 有泽真水 - 20101117.epub",78,"https://www.wenku8.net/book/78.htm","title+author","犬神","有泽真水","电击文库","已完结/ 已动画化","2010-11-17","1451K","校园 奇幻 欢乐向 后宫 人外","http://img.wenku8.com/image/0/78/78s.jpg","川平家世代相传为犬神的主人，高中生川平启太身为后代子孙，因能力不足而被断绝亲子关…"
"https://raw.githubusercontent.com/ixinzhi/lightnovel-2009to2013/master/“杀人城”系列 - 北山猛邦 - 20101115.epub",890,"https://www.wenku8.net/book/890.htm","title+author","“杀人城”系列","北山猛邦","其他文库","已完结","2010-11-15","548K","悬疑 犯罪 黑暗","http://img.wenku8.com/image/0/890/890s.jpg","世界毁灭的刹那，你会和谁人同生共死？“那一刻”悄悄降临的瞬间，倘若你忽然明白了谁…"
"https://raw.githubusercontent.com/ixinzhi/lightnovel-2009to2013/master/琦莉 - 壁井有可子 - 20101115.epub",81,"https://www.wenku8.net/book/81.htm","title+author","琦莉","壁井有可子","电击文库","已完结","2010-11-15","952K","科幻 冒险 旅行","http://img.wenku8.com/image/0/81/81s.jpg","琦莉是就读教会寄宿学校的14岁少女。由于她拥有强烈的灵感，能够看到灵体，因此她对神…"
"https://raw.githubusercontent.com/ixinzhi/lightnovel-2009to2013/master/青叶君与宇宙人 - 松野秋鸣 - 20101115.epub",80,"https://www.wenku8.net/book/80.htm","title+author","青叶君与宇宙人","松野秋鸣","MF文库J","已完结","2010-11-15","266K","校园 科幻 战斗 恋爱","http://img.wenku8.com/image/0/80/80s.jpg","我，青叶优作和好朋友宇崎正在教室内构思校园相声冠军赛的题材。当我不经意地往窗外一…"
"https://raw.githubusercontent.com/ixinzhi/lightnovel-2009to2013/master/秋吉同学帮帮忙！ - 不破悠 - 20101110.epub",83,"https://www.wenku8.net/book/83.htm","title+author","秋吉同学帮帮忙！","不破悠","HJ文库","已完结","2010-11-10","352K","奇幻 校园 欢乐向 后宫 人外","http://img.wenku8.com/image/0/83/83s.jpg","幽灵忽然出现在秋吉纯的房间。她的真面目是平时毫无交集的同班同学&#8226;关野帆乃佳。…"
"https://raw.githubusercontent.com/ixinzhi/lightnovel-2009to2013/master/AIR 青空 - key - 20101110.epub",85,"https://www.wenku8.net/book/85.htm","title+author","AIR 青空","key","游戏剧本","已完结/ 已动画化","2010-11-10","599K","奇幻 青春 恋爱","http://img.wenku8.com/image/0/85/85s.jpg","国崎往人为了听从已故母亲的遗言，四处旅行目的是为了寻找并解救“天空中的女孩”，途…"
"https://raw.githubusercontent.com/ixinzhi/lightnovel-2009to2013/master/模造王女骚动记 - 榊一郎 - 20101103.epub",98,"https://www.wenku8.net/book/98.htm","title+author","模造王女骚动记","榊一郎","HJ文库","已完结","2010-11-03","299K","校园 青春 欢乐向 后宫 人外 妹妹","http://img.wenku8.com/image/0/98/98s.jpg","某天，梦想拥有平凡生活的南部匡平面前突然出现一个全裸的美少女！匡平被迫照顾这个自…"
"https://raw.githubusercontent.com/ixinzhi/lightnovel-2009to2013/master/怜Ren - 水口敬文 - 20101102.epub",106,"https://www.wenku8.net/book/106.htm","title+author","怜Ren","水口敬文","角川文库","已完结","2010-11-02","394K","科幻 校园 青春 恋爱","http://img.wenku8.com/image/0/106/106s.jpg","第9届Sneaker大赏〈奖励赏〉得奖作豋场！
住院许久的鸣濑玲人回到久违了的教室后，发…"
"https://raw.githubusercontent.com/ixinzhi/lightnovel-2009to2013/master/矿物质超女 - 冬树忍 - 20101031.epub",116,"https://www.wenku8.net/book/116.htm","title+author","矿物质超女","冬树忍","HJ文库","已完结","2010-10-31","673K","校园 科幻 欢乐向 后宫 人外","http://img.wenku8.com/image/0/116/116s.jpg","冰见透在高中开学当天，父母和妹妹突然死亡，因而转学到神奈川县的高中。但在新学校开…"
"https://raw.githubusercontent.com/ixinzhi/lightnovel-2009to2013/master/骷髅恋人 - 平坂读 - 20101031.epub",118,"https://www.wenku8.net/book/118.htm","title+author","骷髅恋人","平坂读","MF文库J","已完结","2010-10-31","599K","校园 奇幻 恋爱 欢乐向 后宫 人外","http://img.wenku8.com/image/0/118/118s.jpg","眉清目秀、头脑清晰、所向无敌的索利斯·艾力克桑德勒，可说是王立托利斯梅基史托斯魔…"
"https://raw.githubusercontent.com/ixinzhi/lightnovel-2009to2013/master/狂恋声优宝贝 - 木本雅彦 - 20101031.epub",117,"https://www.wenku8.net/book/117.htm","title+author","狂恋声优宝贝","木本雅彦","Fami通文库","已完结","2010-10-31","110K","青春 恋爱 欢乐向","http://img.wenku8.com/image/0/117/117s.jpg","“我喜欢沙奈歌的声音１
“……只有声音吗？”
广野是一名以“孤高的电脑骇客”自居…"
"https://raw.githubusercontent.com/ixinzhi/lightnovel-2009to2013/master/君吻 - 日暮茶坊 - 20101029.epub",130,"https://www.wenku8.net/book/130.htm","title+author","君吻","日暮茶坊","Fami通文库","已完结/ 已动画化","2010-10-29","118K","校园 青春 恋爱 后宫 青梅竹马","http://img.wenku8.com/image/0/130/130s.jpg","相原光一由于暑假期间发生的某个偶然而下定了决心，他在第二学期所订下的目标，就是拉…"
"https://raw.githubusercontent.com/ixinzhi/lightnovel-2009to2013/master/姬宫学姊的内在美 - 月见草平 - 20101029.epub",122,"https://www.wenku8.net/book/122.htm","title+author","姬宫学姊的内在美","月见草平","MF文库J","已完结","2010-10-29","405K","校园 青春 恋爱 后宫 青梅竹马","http://img.wenku8.com/image/0/122/122s.jpg","就读私立克雷马奇斯高校的星野纯人最近感到人生无趣。运动神经不好，成绩也不怎么出色…"
"https://raw.githubusercontent.com/ixinzhi/lightnovel-2009to2013/master/算计 - 米泽穗信 - 20101026.epub",924,"https://www.wenku8.net/book/924.htm","title+author","算计","米泽穗信","其他文库","已完结","2010-10-26","187K","悬疑 犯罪 游戏 大逃杀 惊悚","http://img.wenku8.com/image/0/924/924s.jpg","虽然觉得这个打工征人的广告很诡异，但想买车的穷大学生结城理久彦，跟全身名牌、但好…"
"https://raw.githubusercontent.com/ixinzhi/lightnovel-2009to2013/master/篁破幻草子 - 结城光流 - 20101024.epub",135,"https://www.wenku8.net/book/135.htm","title+author","篁破幻草子","结城光流","少女文库","已完结","2010-10-24","385K","奇幻 冒险 战斗 耽美 妹妹","http://img.wenku8.com/image/0/135/135s.jpg","这里是平安京，不过，却一点也不宁静，不但常有妖怪作乱，最近还有一个令人听了发抖的…"
"https://raw.githubusercontent.com/ixinzhi/lightnovel-2009to2013/master/菖蒲的少女革命！ - 志茂文彦 - 20101024.epub",452,"https://www.wenku8.net/book/452.htm","title+author","菖蒲的少女革命！","志茂文彦","MF文库J","已完结","2010-10-24","304K","校园 奇幻 欢乐向 恋爱 百合","http://img.wenku8.com/image/0/452/452s.jpg","回过神之后的菖蒲发觉自己突然丧失了记忆，她在一位神秘人的讯息提示之下的知：为了找…"
"https://raw.githubusercontent.com/ixinzhi/lightnovel-2009to2013/master/告白 - 凑佳苗 - 20101023.epub",923,"https://www.wenku8.net/book/923.htm","title+author","告白","凑佳苗","其他文库","已完结","2010-10-23","83K","校园 青春 悬疑 犯罪 复仇 黑暗","http://img.wenku8.com/image/0/923/923s.jpg","森口是日本一所中学的教师，她经常将四岁的女儿爱美带到学校照看。一天，爱美被发现死…"
"https://raw.githubusercontent.com/ixinzhi/lightnovel-2009to2013/master/高中女神 - ひかわ玲子 - 20101018.epub",143,"https://www.wenku8.net/book/143.htm","title+author","高中女神","ひかわ玲子","HJ文库","连载中","2010-10-18","81K","穿越 奇幻 异能 战斗 百合","http://img.wenku8.com/image/0/143/143s.jpg","外表亮丽出众、冰雪聪明的私立秋筱学园高中学生会会长．水岛晶与她的莫逆之交．姬野樱…"
"https://raw.githubusercontent.com/ixinzhi/lightnovel-2009to2013/master/绯华Sparkling - 藤原征失 - 20101016.epub",155,"https://www.wenku8.net/book/155.htm","title+author","绯华Sparkling","藤原征失","HJ文库","已完结","2010-10-16","171K","校园 冒险 战斗 欢乐向 大小姐","http://img.wenku8.com/image/0/155/155s.jpg","在一片和煦阳光倾洒而下的名门菊乃宫学园的屋顶上面。深邃的瞳孔令人印象深刻的美少女…"
"https://raw.githubusercontent.com/ixinzhi/lightnovel-2009to2013/master/恶女来敲门 - 织田兄第 - 20101015.epub",166,"https://www.wenku8.net/book/166.htm","title+author","恶女来敲门","织田兄第","HJ文库","连载中","2010-10-15","106K","校园 青春 恋爱 欢乐向 青梅竹马","http://img.wenku8.com/image/0/166/166s.jpg","父亲过世后，一位彷佛是父亲旧识的谜样美女──儚，出现在恭一面前，并突然出手掐昏恭…"
"https://raw.githubusercontent.com/ixinzhi/lightnovel-2009to2013/master/火目的巫女 - 杉井光 - 20101015.epub",830,"https://www.wenku8.net/book/830.htm","title+author","火目的巫女","杉井光","电击文库","已完结","2010-10-15","289K","奇幻 战斗 冒险 恋爱","http://img.wenku8.com/image/0/830/830s.jpg","某国遭受名为「化生」的异形怪物威胁，人类仰赖唯一被授予讨伐化生的弓箭「火渡」的巫…"
"https://raw.githubusercontent.com/ixinzhi/lightnovel-2009to2013/master/恶魔召唤使 王权之剑 - 中里融司 - 20101012.epub",164,"https://www.wenku8.net/book/164.htm","title+author","恶魔召唤使 王权之剑","中里融司","GA文库","已完结","2010-10-12","120K","校园 奇幻 战斗 恋爱","http://img.wenku8.com/image/0/164/164s.jpg","所谓的召唤使，是这个世界与异世界之间的联系者……火、水、土、风……构筑世界的四大…"
"https://raw.githubusercontent.com/ixinzhi/lightnovel-2009to2013/master/扉之外 - 土桥真二郎 - 20101012.epub",158,"https://www.wenku8.net/book/158.htm","title+author","扉之外","土桥真二郎","电击文库","已完结","2010-10-12","331K","科幻 游戏 斗智 大逃杀 黑暗","http://img.wenku8.com/image/0/158/158s.jpg","原本应该是去远足的千叶纪之，醒来的时候才发现和同班同学一起被关在没看过的房间当中…"
"https://raw.githubusercontent.com/ixinzhi/lightnovel-2009to2013/master/恶狼难驯 - 黑川实 - 20101012.epub",163,"https://www.wenku8.net/book/163.htm","title+author","恶狼难驯","黑川实","Fami通文库","已完结","2010-10-12","636K","校园 奇幻 恋爱 欢乐向 大小姐 青梅竹马","http://img.wenku8.com/image/0/163/163s.jpg","你给我趴下！！驯兽师美少女V.S狼男的奇幻动作爱情喜剧。
我的儿时玩伴日奈是诹访部一…"
"https://raw.githubusercontent.com/ixinzhi/lightnovel-2009to2013/master/温柔的12人杀人屋－ZODIAC STORIES－ - 12x男 - 20101011.epub",919,"https://www.wenku8.net/book/919.htm","title+author","温柔的12人杀人屋－ZODIAC STORIES－","12x男","少女文库","已完结","2010-10-11","191K","悬疑 冒险 战斗 耽美","http://img.wenku8.com/image/0/919/919s.jpg","漫画《温柔的12人杀人屋》小说
借以报应之名作为手段制裁罪恶之人、这就是『温柔的12…"
"https://raw.githubusercontent.com/ixinzhi/lightnovel-2009to2013/master/电击!!神盾5少女 - 谷川流 - 20101009.epub",168,"https://www.wenku8.net/book/168.htm","title+author","电击!!神盾5少女","谷川流","电击文库","已完结","2010-10-09","167K","科幻 战斗 欢乐向 后宫","http://img.wenku8.com/image/0/168/168s.jpg","我奉父母之命，前去监视因怪人科学家之行径而远近驰名的祖父。然而当我来到祖父家时─…"
"https://raw.githubusercontent.com/ixinzhi/lightnovel-2009to2013/master/第108年的初恋 - 末永外徒 - 20101009.epub",170,"https://www.wenku8.net/book/170.htm","title+author","第108年的初恋","末永外徒","Fami通文库","已完结","2010-10-09","222K","校园 奇幻 青春 恋爱 人外 女性视角","http://img.wenku8.com/image/0/170/170s.jpg","男孩与「校舍」(？)间响起了初恋的怦怦心跳……！？
这个春天，学生们禁止进入「旧校…"
"https://raw.githubusercontent.com/ixinzhi/lightnovel-2009to2013/master/抽签勇者 - 清水文化 - 20101008.epub",177,"https://www.wenku8.net/book/177.htm","title+author","抽签勇者","清水文化","HJ文库","已完结","2010-10-08","1212K","奇幻 魔法 冒险 战斗 欢乐向 恋爱","http://img.wenku8.com/image/0/177/177s.jpg","身为用“抽签”来决定命运的大陆最大宗教索尔提斯教见习修女，梅贝儿其实最讨厌抽签了…"
"https://raw.githubusercontent.com/ixinzhi/lightnovel-2009to2013/master/我们的幸福时光 - 筑地俊彦 - 20101005.epub",197,"https://www.wenku8.net/book/197.htm","title+author","我们的幸福时光","筑地俊彦","Fami通文库","已完结","2010-10-05","103K","校园 科幻 青春 恋爱 青梅竹马","http://img.wenku8.com/image/0/197/197s.jpg","无法传达的恋慕，无法实现的爱情，静静奏起幻想旋律般的青春故事。
平凡的高中生千波拓…"
"https://raw.githubusercontent.com/ixinzhi/lightnovel-2009to2013/master/半熟公主 - 榊一郎 - 20101005.epub",194,"https://www.wenku8.net/book/194.htm","title+author","半熟公主","榊一郎","HJ文库","已完结","2010-10-05","262K","奇幻 旅行 冒险 恋爱 人外","http://img.wenku8.com/image/0/194/194s.jpg","「你──快去破个身吧。」被父亲突然这么一说，阿比亚斯王国的公主奈奈只好踏上旅程。…"
"https://raw.githubusercontent.com/ixinzhi/lightnovel-2009to2013/master/Bad！Daddy亲亲坏老爹 - 野村美月 - 20101005.epub",192,"https://www.wenku8.net/book/192.htm","title+author","Bad！Daddy亲亲坏老爹","野村美月","Fami通文库","已完结","2010-10-05","322K","校园 奇幻 战斗 欢乐向 女儿","http://img.wenku8.com/image/0/192/192s.jpg","「爸爸，你适可而止吧９
在肩披毛皮披风，衣襟完全敞开的美男子面前，抓着白萝卜大呼…"
"https://raw.githubusercontent.com/ixinzhi/lightnovel-2009to2013/master/暗夜魔法使 - 菊池武 - 20101005.epub",191,"https://www.wenku8.net/book/191.htm","title+author","暗夜魔法使","菊池武","Fami通文库","连载中/ 已动画化","2010-10-05","103K","奇幻 魔法 冒险 战斗 恋爱","http://img.wenku8.com/image/0/191/191s.jpg","围绕着吸收了强大力量的七块宝石，魔王和魔法使们竭尽全力拉开了关系到世界命运的决战…"
"https://raw.githubusercontent.com/ixinzhi/lightnovel-2009to2013/master/战斗！暴风少女！ - 佐佐原始绪 - 20101004.epub",203,"https://www.wenku8.net/book/203.htm","title+author","战斗！暴风少女！","佐佐原始绪","Fami通文库","已完结","2010-10-04","220K","校园 青春 竞技 百合","http://img.wenku8.com/image/0/203/203s.jpg","这里是受到圣母玛莉亚庇佑的圣维莉塔丝女子学院。刚进入高中部的麻生广海，因为与好友…"
"https://raw.githubusercontent.com/ixinzhi/lightnovel-2009to2013/master/壮丽的黎明 - 庄司卓 - 20101004.epub",199,"https://www.wenku8.net/book/199.htm","title+author","壮丽的黎明","庄司卓","HJ文库","连载中","2010-10-04","233K","科幻 校园 欢乐向 后宫 青梅竹马","http://img.wenku8.com/image/0/199/199s.jpg","“bio-CRAFT”，那是一种超乎人类想象之外的宇宙生命体。在第一次接触之后的二十年，全…"
"https://raw.githubusercontent.com/ixinzhi/lightnovel-2009to2013/master/拯救你的最初咒语 - 须堂项 - 20101004.epub",202,"https://www.wenku8.net/book/202.htm","title+author","拯救你的最初咒语","须堂项","MF文库J","已完结","2010-10-04","206K","校园 魔法 战斗 后宫 妹妹","http://img.wenku8.com/image/0/202/202s.jpg","“你是福山高中二年级，学号十九号的山根勇治对吧！杀了你，我也会死！１
──在放学…"
"https://raw.githubusercontent.com/ixinzhi/lightnovel-2009to2013/master/三大叔 - 有川浩 - 20101002.epub",917,"https://www.wenku8.net/book/917.htm","title+author","三个欧吉桑(三大叔)","有川浩","其他文库","已完结","2010-10-02","169K","悬疑 欢乐向","http://img.wenku8.com/image/0/917/917s.jpg","清田家开着一间以中小学生为对象的剑道教室，清田老爷子故去后，儿子清一便继承了下来…"
"https://raw.githubusercontent.com/ixinzhi/lightnovel-2009to2013/master/新本格魔法少女莉丝佳 - 西尾维新 - 20100929.epub",235,"https://www.wenku8.net/book/235.htm","title+author","新本格魔法少女莉丝佳","西尾维新","讲谈社","已完结","2010-09-29","343K","奇幻 悬疑 冒险 战斗 恋爱","http://img.wenku8.com/image/0/235/235s.jpg","拒绝上学的转学生——水仓莉丝佳（真实身分是魔法少女）与内心偏激的少年——供牺创贵…"
"https://raw.githubusercontent.com/ixinzhi/lightnovel-2009to2013/master/为夜空的双子座衬上深红蔷薇 - 冈崎裕信 - 20100929.epub",239,"https://www.wenku8.net/book/239.htm","title+author","为夜空的双子座衬上深红蔷薇","冈崎裕信","集英社","已完结","2010-09-29","103K","奇幻 冒险 战斗","http://img.wenku8.com/image/0/239/239s.jpg","这次来访“深红蔷薇结社”日本支部的客人是一对美丽的双胞胎姊妹，个性活泼凛然的姊姊…"
"https://raw.githubusercontent.com/ixinzhi/lightnovel-2009to2013/master/school days 与你同在的青空下 - 马场卓也 - 20100929.epub",916,"https://www.wenku8.net/book/916.htm","title+author","school days 与你同在的青空下","马场卓也","其他文库","已完结/ 已动画化","2010-09-29","68K","校园 青春 恋爱 后宫","http://img.wenku8.com/image/0/916/916s.jpg","通学途中的电车里总是那么无聊，眼前总是同样的风景。有个总是和诚搭同班电车的少女「…"
"https://raw.githubusercontent.com/ixinzhi/lightnovel-2009to2013/master/学院圣殿 - 早见裕司 - 20100929.epub",228,"https://www.wenku8.net/book/228.htm","title+author","学院圣殿","早见裕司","富士见文库","连载中","2010-09-29","86K","校园 青春 恋爱","http://img.wenku8.com/image/0/228/228s.jpg","私立小平白百合学园有一条奇怪的校规，那就是“公认情侣制度”。两情相悦的男女生，经…"
"https://raw.githubusercontent.com/ixinzhi/lightnovel-2009to2013/master/为婚纱衬上深红蔷薇 - 田中芳树 - 20100929.epub",238,"https://www.wenku8.net/book/238.htm","title+author","为婚纱衬上深红蔷薇","田中芳树","集英社","已完结","2010-09-29","103K","奇幻 冒险 战斗 恋爱","http://img.wenku8.com/image/0/238/238s.jpg","「深红蔷薇结社」简称CRS，这是先天性吸血鬼们为了维护自身生存权创立的组织。而新社员…"
"https://raw.githubusercontent.com/ixinzhi/lightnovel-2009to2013/master/THE THIRD - 星野亮 - 20100928.epub",249,"https://www.wenku8.net/book/249.htm","title+author","THE THIRD","星野亮","富士见文库","连载中","2010-09-28","781K","科幻 冒险 战斗 恋爱","http://img.wenku8.com/image/0/249/249s.jpg","在经历了被称为“大战”的大破坏之后，世界的大半部分被沙漠所覆盖。人类的生活圈子大…"
"https://raw.githubusercontent.com/ixinzhi/lightnovel-2009to2013/master/发明工坊 星降日记 - 霧海正悟 - 20100927.epub",915,"https://www.wenku8.net/book/915.htm","title+author","发明工坊 星降日记","霧海正悟","其他文库","已完结","2010-09-27","104K","奇幻 青春 百合 欢乐向","http://img.wenku8.com/image/0/915/915s.jpg","海洋都市特利思提亚，这是一座很久以前作为海上贸易要冲而繁荣，有“海之宝石”之称的…"
"https://raw.githubusercontent.com/ixinzhi/lightnovel-2009to2013/master/魔学诡术士 - 久住四季 - 20100927.epub",251,"https://www.wenku8.net/book/251.htm","title+author","魔学诡术士","久住四季","电击文库","已完结","2010-09-27","776K","校园 奇幻 悬疑 百合 女性视角","http://img.wenku8.com/image/0/251/251s.jpg","一个魔法师邪气地勾唇一笑说：“游戏是吧？挺有趣的嘛——”那以游戏为名的预告是既大…"
"https://raw.githubusercontent.com/ixinzhi/lightnovel-2009to2013/master/铁球公主艾蜜莉 - 八剃玉造 - 20100926.epub",252,"https://www.wenku8.net/book/252.htm","title+author","铁球公主艾蜜莉","八剃玉造","集英社","已完结","2010-09-26","637K","奇幻 战斗 战争 欢乐向","http://img.wenku8.com/image/0/252/252s.jpg","少女艾蜜莉虽然身为公主，却身穿强度是普通铠甲三倍、镶嵌着一种被称为辉铁的矿石、能…"
"https://raw.githubusercontent.com/ixinzhi/lightnovel-2009to2013/master/退魔少女队 - すずきあきら - 20100925.epub",253,"https://www.wenku8.net/book/253.htm","title_only","退魔少女队","すずきあきら","HJ文库","连载中","2010-09-25","90K","校园 奇幻 战斗 后宫 青梅竹马","http://img.wenku8.com/image/0/253/253s.jpg","我，比内由宇树，是个平凡的国中生。虽然偶尔会看见像幽灵一样的妖魔。但也只是觉得很…"
"https://raw.githubusercontent.com/ixinzhi/lightnovel-2009to2013/master/死神与巧克力冰淇淋 - 花凰神也 - 20100925.epub",265,"https://www.wenku8.net/book/265.htm","title+author","死神与巧克力冰淇淋","花凰神也","富士见文库","连载中","2010-09-25","192K","校园 奇幻 欢乐向 恋爱 人外","http://img.wenku8.com/image/0/265/265s.jpg","原本应该命丧三轮车下的守财少年天仓神名被一只飞蛋砸死。随后赶到的少女死神凪将他复…"
"https://raw.githubusercontent.com/ixinzhi/lightnovel-2009to2013/master/圣工的末裔 - 八原ゆう - 20100925.epub",261,"https://www.wenku8.net/book/261.htm","title+author","圣工的末裔","八原ゆう","HJ文库","已完结","2010-09-25","81K","奇幻 冒险 战斗 恋爱","http://img.wenku8.com/image/0/261/261s.jpg","来自南方国度的娜拉为了实现迫切的愿望，带着神秘的物品来到了自由都市的工匠街。在一…"
"https://raw.githubusercontent.com/ixinzhi/lightnovel-2009to2013/master/神秘少女羽音 - 织田兄第 - 20100925.epub",263,"https://www.wenku8.net/book/263.htm","title+author","神秘少女羽音","织田兄第","GA文库","已完结","2010-09-25","109K","校园 奇幻 战斗 青春 恋爱","http://img.wenku8.com/image/0/263/263s.jpg","送你一株幸运草，我们在未来相会……谜样的美少女渡濑羽音，转学到私立天宫学园，成了…"
"https://raw.githubusercontent.com/ixinzhi/lightnovel-2009to2013/master/神秘博物馆 - 藤春都 - 20100924.epub",268,"https://www.wenku8.net/book/268.htm","title+author","神秘博物馆","藤春都","HJ文库","连载中","2010-09-24","217K","奇幻 冒险 欢乐向 恋爱 人外","http://img.wenku8.com/image/0/268/268s.jpg","大学生杜德里为了报告而造访大英博物馆，没想到却阴错阳差被关在晚上的博物馆中，于是…"
"https://raw.githubusercontent.com/ixinzhi/lightnovel-2009to2013/master/神曲奏界 共鸣乐章 - 合作 - 20100924.epub",275,"https://www.wenku8.net/book/275.htm","title+author","神曲奏界 共鸣乐章","合作","GA文库","已完结","2010-09-24","220K","奇幻 音乐 青春","http://img.wenku8.com/image/0/275/275s.jpg","榊一郎 X 大迫纯一 X 筑地俊彦 X 高殿 
神曲系列，四界共鸣——红．黑．蓝．白
年度…"
"https://raw.githubusercontent.com/ixinzhi/lightnovel-2009to2013/master/南方之岛·梦境之中 - 秋山瑞人 - 20100923.epub",282,"https://www.wenku8.net/book/282.htm","title+author","南方之岛·梦境之中","秋山瑞人","电击文库","已完结","2010-09-23","95K","科幻 青春 恋爱","http://img.wenku8.com/image/0/282/282s.jpg","一座与世隔绝的神秘岛屿。一段诡异、特别的夏日奇遇。暑假某日，武田正时被骗到了一座…"
"https://raw.githubusercontent.com/ixinzhi/lightnovel-2009to2013/master/幽灵少女与科学少年 - 飞田甲 - 20100922.epub",285,"https://www.wenku8.net/book/285.htm","title+author","幽灵少女与科学少年","飞田甲","Fami通文库","已完结","2010-09-22","211K","奇幻 悬疑 青春 恋爱 人外","http://img.wenku8.com/image/0/285/285s.jpg","为了你的笑容，我愿意付出一切!
「我是被杀害的９一句话，让一位不相信灵异现象的高中…"
"https://raw.githubusercontent.com/ixinzhi/lightnovel-2009to2013/master/明天好天气 - 雨森麻杜 - 20100922.epub",287,"https://www.wenku8.net/book/287.htm","title+author","明天好天气","雨森麻杜","HJ文库","已完结","2010-09-22","176K","奇幻 青春 恋爱","http://img.wenku8.com/image/0/287/287s.jpg","女佣露西亚曾在日记中写过好几次「我不需要朋友」。
因为每个人只要一到明天，就会变…"
"https://raw.githubusercontent.com/ixinzhi/lightnovel-2009to2013/master/龙之默示录 - 篠田真由美 - 20100922.epub",913,"https://www.wenku8.net/book/913.htm","title+author","龙之默示录","篠田真由美","其他文库","已完结","2010-09-22","163K","职场 奇幻 悬疑","http://img.wenku8.com/image/0/913/913s.jpg","遭到保险公司解雇、待业中的柚木透子，经人介绍之下得到了秘书的工作，雇主之名为龙绯…"
"https://raw.githubusercontent.com/ixinzhi/lightnovel-2009to2013/master/灵感少女 - 松原真琴 - 20100921.epub",300,"https://www.wenku8.net/book/300.htm","title+author","灵感少女","松原真琴","集英社","已完结","2010-09-21","233K","校园 奇幻 冒险 欢乐向 女性视角","http://img.wenku8.com/image/0/300/300s.jpg","园原八重承袭了历代相传的灵媒体质。她选定人气乐团吉他手 十郎的灵魂，计划过着极有作…"
"https://raw.githubusercontent.com/ixinzhi/lightnovel-2009to2013/master/MAMA - 红玉伊月 - 20100921.epub",292,"https://www.wenku8.net/book/292.htm","title+author","MAMA","红玉伊月","电击文库","","","","奇幻 治愈","http://img.wenku8.com/image/0/292/292s.jpg","故事发生在沿海王国——嘉达露西亚。名叫托托的少女虽然是拥有强大魔力的魔法师萨尔瓦…"
"https://raw.githubusercontent.com/ixinzhi/lightnovel-2009to2013/master/离别的钢琴奏鸣曲 - 杉井光 - 20100921.epub",388,"https://www.wenku8.net/book/388.htm","title+author","离别的钢琴奏鸣曲","杉井光","电击文库","","","","校园 音乐 青春 后宫 青梅竹马","http://img.wenku8.com/image/0/388/388s.jpg","“到了六月，我就要消失了。”
刚转来我们学校的钢琴天才——真冬如此宣言。
她不和…"
"https://raw.githubusercontent.com/ixinzhi/lightnovel-2009to2013/master/卡莲坂高中可爱广播社 - 铃本红 - 20100921.epub",298,"https://www.wenku8.net/book/298.htm","title+author","卡莲坂高中可爱广播社","铃本红","少女文库","已完结","2010-09-21","290K","校园 青春 百合 女性视角","http://img.wenku8.com/image/0/298/298s.jpg","卡莲坂高在最近几年改制为男女合校，这所学校的广播社，是年年在全国大赛中得奖的实力…"
"https://raw.githubusercontent.com/ixinzhi/lightnovel-2009to2013/master/鬼哭街 - 虚渊玄 - 20100920.epub",307,"https://www.wenku8.net/book/307.htm","title+author","鬼哭街","虚渊玄","角川文库","已完结","2010-09-20","141K","科幻 复仇 战斗 妹妹","http://img.wenku8.com/image/0/307/307s.jpg","世纪初、随着Cybernetics技术的实用化，通过肉体的机械化，轻而易举的获得超人般的机体…"
"https://raw.githubusercontent.com/ixinzhi/lightnovel-2009to2013/master/后院的神明 - 神野オキナ - 20100920.epub",305,"https://www.wenku8.net/book/305.htm","title+author","后院的神明","神野オキナ","HJ文库","连载中","2010-09-20","88K","奇幻 战斗 欢乐向 恋爱","http://img.wenku8.com/image/0/305/305s.jpg","垣华优是生长于南方岛国的平凡高中二年级学生，平日只知勤奋打工的这位女孩，却不知儿…"
"https://raw.githubusercontent.com/ixinzhi/lightnovel-2009to2013/master/断头人中村奈奈子 - 日日日 - 20100919.epub",320,"https://www.wenku8.net/book/320.htm","title+author","断头人中村奈奈子","日日日","其他文库","连载中","2010-09-19","306K","校园 科幻 战斗 欢乐向 后宫","http://img.wenku8.com/image/0/320/320s.jpg","右手是弥漫不祥之气的刀刃，左手是无法端详的机械手臂──三条长辫加上一身水手服，神…"
"https://raw.githubusercontent.com/ixinzhi/lightnovel-2009to2013/master/串刺少女 - 木村航 - 20100918.epub",326,"https://www.wenku8.net/book/326.htm","title+author","串刺少女","木村航","HJ文库","已完结","2010-09-18","281K","奇幻 冒险","http://img.wenku8.com/image/0/326/326s.jpg","少女脸上总是挂着甜美笑容，胸前却刺有一把诅咒之剑。
被称为串刺少女的她，待人十分…"
"https://raw.githubusercontent.com/ixinzhi/lightnovel-2009to2013/master/白貌传道师 - 虚渊玄 - 20100918.epub",329,"https://www.wenku8.net/book/329.htm","title+author","白貌传道师","虚渊玄","讲谈社","已完结","2010-09-18","91K","奇幻 恋爱 黑暗","http://img.wenku8.com/image/0/329/329s.jpg","有着一头银色长发及尖耳的妖精族，从一群盗匪手中救了一名少女，而此名少女身上隐藏着…"
"https://raw.githubusercontent.com/ixinzhi/lightnovel-2009to2013/master/悖德之城 - 桑原水菜 - 20100918.epub",335,"https://www.wenku8.net/book/335.htm","title+author","悖德之城","桑原水菜","其他文库","已完结","2010-09-18","267K","科幻 犯罪 耽美","http://img.wenku8.com/image/0/335/335s.jpg","“诞生之岛”——伊里甄斯。经由操作遗传因子技术而制造出来的克隆生物成了黑市商品，…"
"https://raw.githubusercontent.com/ixinzhi/lightnovel-2009to2013/master/尘骸魔京 - 海法纪光 - 20100918.epub",323,"https://www.wenku8.net/book/323.htm","title+author","尘骸魔京","海法纪光","Fami通文库","已完结","2010-09-18","711K","奇幻 冒险 战斗","http://img.wenku8.com/image/0/323/323s.jpg","我的他没有心，喜爱普通的高中生活更甚一切的班长·牧本美佐绘，她喜欢上了平时面无表…"
"https://raw.githubusercontent.com/ixinzhi/lightnovel-2009to2013/master/Bird Heart Beat - 伊东京一 - 20100918.epub",333,"https://www.wenku8.net/book/333.htm","title+author","Bird Heart Beat","伊东京一","Fami通文库","已完结","2010-09-18","275K","奇幻 冒险 恋爱 后宫 青梅竹马","http://img.wenku8.com/image/0/333/333s.jpg","身材矮孝眼神凶恶的少年——堤欧，他的梦想是成为这个巨鸟栖息的溪谷之国——莱比奴的…"
"https://raw.githubusercontent.com/ixinzhi/lightnovel-2009to2013/master/大家的阿葵儿 - 浅沼广太 - 20100918.epub",322,"https://www.wenku8.net/book/322.htm","title+author","大家的阿葵儿","浅沼广太","Fami通文库","已完结","2010-09-18","96K","校园 奇幻 欢乐向 后宫 青梅竹马 人外","http://img.wenku8.com/image/0/322/322s.jpg","火丸空弥是个国二的学生。在他十四岁生日的那天早上，当他打开家里的冰箱时，里头蹦出…"
"https://raw.githubusercontent.com/ixinzhi/lightnovel-2009to2013/master/静流姐系列 - 上远野浩平 - 20100917.epub",343,"https://www.wenku8.net/book/343.htm","title+author","静流姐系列","上远野浩平","富士见文库","已完结","2010-09-17","236K","悬疑 百合","http://img.wenku8.com/image/0/343/343s.jpg","这个世界充斥了各种难以理解的谜团与不合理。一名万年卧病在床的病弱美少女仅凭好友小…"
"https://raw.githubusercontent.com/ixinzhi/lightnovel-2009to2013/master/我是她的第九顺位 - 佐野しなの - 20100917.epub",341,"https://www.wenku8.net/book/341.htm","title+author","我是她的第九顺位","佐野しなの","电击文库","已完结","2010-09-17","112K","校园 青春 欢乐向 后宫 青梅竹马","http://img.wenku8.com/image/0/341/341s.jpg","不幸的高中生木茑东司在圣诞夜遭遇了事故，某夜一名美少女潜入已经退院了的他的房间说…"
"https://raw.githubusercontent.com/ixinzhi/lightnovel-2009to2013/master/卡莉 - 高殿円 - 20100917.epub",346,"https://www.wenku8.net/book/346.htm","title+author","卡莉","高殿円","Fami通文库","连载中","2010-09-17","272K","校园 青春 恋爱 伪娘 女性视角","http://img.wenku8.com/image/0/346/346s.jpg","弥漫着维多利亚王朝时代风采的英国领地．印度。当时才14岁的我，离开了祖国英国，来到…"
"https://raw.githubusercontent.com/ixinzhi/lightnovel-2009to2013/master/盖棺论定 - 文冈あちら - 20100917.epub",345,"https://www.wenku8.net/book/345.htm","title+author","盖棺论定","文冈あちら","Fami通文库","已完结","2010-09-17","118K","校园 异能 战斗 后宫 青梅竹马","http://img.wenku8.com/image/0/345/345s.jpg","为了死者的公义！能够审定罪恶的是谁！？「哔——————！铿隆９……为了扑灭凶恶犯…"
"https://raw.githubusercontent.com/ixinzhi/lightnovel-2009to2013/master/BLACK SHEEP 圣夜迷途的黑羊 - 富永浩史 - 20100916.epub",349,"https://www.wenku8.net/book/349.htm","title+author","BLACK SHEEP 圣夜迷途的黑羊","富永浩史","HJ文库","已完结","2010-09-16","88K","奇幻 冒险 战斗 百合","http://img.wenku8.com/image/0/349/349s.jpg","喜欢小萝莉的露西亚修女带着年幼的美少女绘里子四处流浪，以消灭恶魔为生，却总是过着…"
"https://raw.githubusercontent.com/ixinzhi/lightnovel-2009to2013/master/我的爱马很凶恶 - 新井辉 - 20100915.epub",367,"https://www.wenku8.net/book/367.htm","title+author","我的爱马很凶恶","新井辉","Fami通文库","已完结","2010-09-15","99K","校园 青春 恋爱 欢乐向 女性视角","http://img.wenku8.com/image/0/367/367s.jpg","性、性、性──我一直认为男生们的脑袋只装了这些垃圾。所以，我从来不靠近那个每天跟…"
"https://raw.githubusercontent.com/ixinzhi/lightnovel-2009to2013/master/淑女骑士团 - 千田诚行 - 20100915.epub",369,"https://www.wenku8.net/book/369.htm","title+author","淑女骑士团","千田诚行","GA文库","连载中","2010-09-15","97K","校园 战斗 复仇 恋爱","http://img.wenku8.com/image/0/369/369s.jpg","放学后的体育馆内，传来了兵器相接的锐利声响。对高中生绯影宗保而言，最愉快的就是能…"
"https://raw.githubusercontent.com/ixinzhi/lightnovel-2009to2013/master/同居五重奏！ - 越后屋铁舟 - 20100914.epub",385,"https://www.wenku8.net/book/385.htm","title+author","同居五重奏！","越后屋铁舟","GA文库","连载中","2010-09-14","144K","校园 欢乐向 后宫 青梅竹马 妹妹","http://img.wenku8.com/image/0/385/385s.jpg","桩敬介是与父亲两人同住的高中生，原本是这样没错啦。
意想不到的是，突然之间，五个…"
"https://raw.githubusercontent.com/ixinzhi/lightnovel-2009to2013/master/怪物猎人2G 疾风之翼 - 冰上慧一 - 20100914.epub",378,"https://www.wenku8.net/book/378.htm","title+author","怪物猎人2G 疾风之翼","冰上慧一","Fami通文库","已完结","2010-09-14","473K","奇幻 冒险 战斗","http://img.wenku8.com/image/0/378/378s.jpg","出生在波凯村的迪安和从小跟他一起长大的随从猫兼好友柯吉罗一起来到了大都市冬多尔玛…"
"https://raw.githubusercontent.com/ixinzhi/lightnovel-2009to2013/master/眼镜之心 - ゆうきりん - 20100913.epub",392,"https://www.wenku8.net/book/392.htm","title_only","眼镜之心","ゆうきりん","电击文库","已完结","2010-09-13","95K","校园 战斗 欢乐向 青春 恋爱","http://img.wenku8.com/image/0/392/392s.jpg","在健全的男子高中生。高幡瞳的面前，突然出现了一位少女。露思。她在草草的打了招呼后…"
"https://raw.githubusercontent.com/ixinzhi/lightnovel-2009to2013/master/梦神的教室 - 三上延 - 20100913.epub",389,"https://www.wenku8.net/book/389.htm","title+author","梦神的教室","三上延","电击文库","已完结","2010-09-13","497K","校园 奇幻 战斗 后宫 青梅竹马 妹妹","http://img.wenku8.com/image/0/389/389s.jpg","岸杜直人就读东京郊外的某所高中，在他念的班级当中，有许多同学都在梦里看见了一间不…"
"https://raw.githubusercontent.com/ixinzhi/lightnovel-2009to2013/master/放学后的征服世界 - わかつきひかる - 20100913.epub",387,"https://www.wenku8.net/book/387.htm","title_only","放学后的征服世界","わかつきひかる","HJ文库","连载中","2010-09-13","182K","校园 奇幻 欢乐向 后宫 妹妹 性转","http://img.wenku8.com/image/0/387/387s.jpg","某天，从抽屉里突然蹦出一只乌龟布偶！它告诉能见伸也：“你是要成为世界之王的人”。…"
"https://raw.githubusercontent.com/ixinzhi/lightnovel-2009to2013/master/眼镜少女 HOLIC - 上栖缀人 - 20100913.epub",391,"https://www.wenku8.net/book/391.htm","title+author","眼镜少女 HOLIC","上栖缀人","HJ文库","连载中","2010-09-13","201K","校园 异能 战斗 百合","http://img.wenku8.com/image/0/391/391s.jpg","秘密组织《阿尔哈善》负责收集、保护拥有不可思议力量的眼镜《魔镜》，而深镜妹妹…"
"https://raw.githubusercontent.com/ixinzhi/lightnovel-2009to2013/master/弹珠汽水 - 鸿野贵光 - 20100912.epub",402,"https://www.wenku8.net/book/402.htm","title+author","弹珠汽水","鸿野贵光","其他文库","已完结/ 已动画化","2010-09-12","51K","校园 青春 恋爱 后宫 青梅竹马","http://img.wenku8.com/image/0/402/402s.jpg","友坂健次与近卫七海是从小一起长大的青梅竹马。
夏天的阳光照耀在眼前宽广的海洋，呈…"
"https://raw.githubusercontent.com/ixinzhi/lightnovel-2009to2013/master/神曲奏界 异色协奏 - 合作 - 20100912.epub",406,"https://www.wenku8.net/book/406.htm","title+author","神曲奏界 异色协奏","合作","GA文库","已完结","2010-09-12","117K","奇幻 音乐 青春","http://img.wenku8.com/image/0/406/406s.jpg","三田诚 浅井ラポ 神野奥那 あざの耕平
由四位充满个性的作者所写，全新的波利佛尼卡世…"
"https://raw.githubusercontent.com/ixinzhi/lightnovel-2009to2013/master/阿宅，你已经死了！ - 冈田斗司夫 - 20100912.epub",910,"https://www.wenku8.net/book/910.htm","title+author","阿宅，你已经死了！","冈田斗司夫","其他文库","已完结","2010-09-12","70K","宅文化","http://img.wenku8.com/image/0/910/910s.jpg","注：御宅研究，非小说，作者为动画制作公司『Gainax』的创办者及社长。
只爱在秋叶原…"
"https://raw.githubusercontent.com/ixinzhi/lightnovel-2009to2013/master/我甜蜜的苦涩系列 - 森田季节 - 20100911.epub",428,"https://www.wenku8.net/book/428.htm","title+author","我甜蜜的苦涩系列","森田季节","MF文库J","已完结","2010-09-11","171K","校园 青春 恋爱","http://img.wenku8.com/image/0/428/428s.jpg","“我杀了一个女孩子。”——开端是某个令人意外的人物打来的这通电话。
高中生·明海…"
"https://raw.githubusercontent.com/ixinzhi/lightnovel-2009to2013/master/TOY JOY POP 狂热青春 - 浅井ラボ - 20100911.epub",424,"https://www.wenku8.net/book/424.htm","title+author","TOY JOY POP 狂热青春","浅井ラボ","HJ文库","已完结","2010-09-11","159K","青春 黑暗 群像","http://img.wenku8.com/image/0/424/424s.jpg","注：内容过于黑暗，原录入者有删减
福泽礼一觉得日子过得十分无聊。即使他身边充斥着…"
"https://raw.githubusercontent.com/ixinzhi/lightnovel-2009to2013/master/恋爱制造机 - 本田透 - 20100911.epub",425,"https://www.wenku8.net/book/425.htm","title+author","恋爱制造机","本田透","MF文库J","已完结","2010-09-11","177K","校园 科幻 青春 恋爱 欢乐向","http://img.wenku8.com/image/0/425/425s.jpg","柳泽航是个过去差点变家里蹲，但现在重新振作起来顺利进入高中就读的普通少年。
然而…"
"https://raw.githubusercontent.com/ixinzhi/lightnovel-2009to2013/master/闲狼作家是美少女妖怪 - 杉井光 - 20100911.epub",426,"https://www.wenku8.net/book/426.htm","title+author","闲狼作家是美少女妖怪","杉井光","GA文库","已完结","2010-09-11","214K","奇幻 职场 青春 欢乐向","http://img.wenku8.com/image/0/426/426s.jpg","某轻小说出版社出道的新人作家杉井光，他周遭的前辈和同期作家们都是惊为天人的美少女…"
"https://raw.githubusercontent.com/ixinzhi/lightnovel-2009to2013/master/千剑飞舞的天空 - 冈本タクヤ - 20100910.epub",445,"https://www.wenku8.net/book/445.htm","title+author","千剑飞舞的天空","冈本タクヤ","Fami通文库","已完结","2010-09-10","93K","校园 青春 恋爱","http://img.wenku8.com/image/0/445/445s.jpg","因为事故而失去梦想，过着孤独的高中生活的真一沉迷于网络游戏""千剑""中。
在虚拟的世界…"
"https://raw.githubusercontent.com/ixinzhi/lightnovel-2009to2013/master/黑猫 BLACK CAT - 大崎知仁 - 20100910.epub",443,"https://www.wenku8.net/book/443.htm","title+author","黑猫 BLACK CAT","大崎知仁","集英社","已完结/ 已动画化","2010-09-10","203K","奇幻 异能 冒险 战斗 恋爱 人外","http://img.wenku8.com/image/0/443/443s.jpg","托雷是个拥有黑猫这个特殊称号、黑暗世界中人人畏惧的杀手。
不过，他现在和伙伴史恩…"
"https://raw.githubusercontent.com/ixinzhi/lightnovel-2009to2013/master/精灵招术师 - 弐宫环 - 20100910.epub",903,"https://www.wenku8.net/book/903.htm","title+author","精灵招术师","弐宫环","富士见文库","连载中","2010-09-10","100K","奇幻 冒险 后宫 人外","http://img.wenku8.com/image/0/903/903s.jpg","暴风娘与半吊子召唤师毁灭村庄?
银发美女的风精灵塞尔菲斯。被自己所召唤的塞尔菲斯毁…"
"https://raw.githubusercontent.com/ixinzhi/lightnovel-2009to2013/master/东京吸血鬼金融 - 真藤顺丈 - 20100910.epub",439,"https://www.wenku8.net/book/439.htm","title+author","东京吸血鬼金融","真藤顺丈","电击文库","已完结","2010-09-10","116K","黑暗 犯罪 群像","http://img.wenku8.com/image/0/439/439s.jpg","「万城小夜」在深夜神出鬼没，经营以超低利率高额融资为诉求的<090金融>——吸血鬼金融。…"
"https://raw.githubusercontent.com/ixinzhi/lightnovel-2009to2013/master/幕末魔法士-Mage Revolution- - 田名部宗司 - 20100910.epub",908,"https://www.wenku8.net/book/908.htm","title+author","幕末魔法士-Mage Revolution-","田名部宗司","电击文库","连载中","2010-09-10","110K","奇幻 魔法 冒险 恋爱","http://img.wenku8.com/image/0/908/908s.jpg","一本魔导书隐藏了无穷的黑暗。
以动盪的时代作为舞台展开的幕府末期奇幻冒险！
时值…"
"https://raw.githubusercontent.com/ixinzhi/lightnovel-2009to2013/master/幸运星官方小说 - 竹井10日 - 20100910.epub",444,"https://www.wenku8.net/book/444.htm","title+author","幸运星官方小说","竹井10日","角川文库","","","","校园 青春 欢乐向 百合","http://img.wenku8.com/image/0/444/444s.jpg","一直以来《幸运星》小说版都由爱知县名古屋市出身的游戏制作者、剧作家、轻小說作家竹…"
"https://raw.githubusercontent.com/ixinzhi/lightnovel-2009to2013/master/疾走!青春期的帕拉贝伦 - 深见真 - 20100910.epub",438,"https://www.wenku8.net/book/438.htm","title+author","疾走!青春期的帕拉贝伦","深见真","Fami通文库","连载中","2010-09-10","161K","校园 异能 战斗 后宫","http://img.wenku8.com/image/0/438/438s.jpg","“无聊的社团──”看到这张彆扭的介绍海报后，佐佐木一兔开始对电影社产生了兴趣。
…"
"https://raw.githubusercontent.com/ixinzhi/lightnovel-2009to2013/master/爱说谎的精灵妹妹 - 清水真理子 - 20100909.epub",447,"https://www.wenku8.net/book/447.htm","title+author","爱说谎的精灵妹妹","清水真理子","MF文库J","已完结","2010-09-09","81K","校园 奇幻 青春 人外","http://img.wenku8.com/image/0/447/447s.jpg","某一天，义之在他的书包里，发现一本从没见过的书。
那本书的内页几乎完全空白。
「…"
"https://raw.githubusercontent.com/ixinzhi/lightnovel-2009to2013/master/雪螳螂 - 红玉伊月 - 20100909.epub",450,"https://www.wenku8.net/book/450.htm","title+author","雪螳螂","红玉伊月","电击文库","","","","奇幻 恋爱","http://img.wenku8.com/image/0/450/450s.jpg","连泪水都会结冻的寒冬深山中，栖息著雪螳螂一族的女人。这场婚礼，将得到名为「永远」…"
"https://raw.githubusercontent.com/ixinzhi/lightnovel-2009to2013/master/钢之炼金术师 - 井上真 - 20100909.epub",458,"https://www.wenku8.net/book/458.htm","title+author","钢之炼金术师","井上真","其他文库","已完结/ 已动画化","2010-09-09","255K","科幻 战斗 冒险","http://img.wenku8.com/image/0/458/458s.jpg","人没有牺牲的话就什么都得不到，为了得到什么东西，就必须付出同等的代价，这就是炼金…"
"https://raw.githubusercontent.com/ixinzhi/lightnovel-2009to2013/master/吸血歼鬼 - 虚渊玄 - 20100909.epub",463,"https://www.wenku8.net/book/463.htm","title+author","吸血歼鬼","虚渊玄","角川文库","已完结","2010-09-09","222K","奇幻 冒险 战斗 黑暗","http://img.wenku8.com/image/0/463/463s.jpg","某天，惣太的颈动脉上留下两个咬痕，自那天起，他就沦为一名渴求鲜血的残暴吸血歼鬼。…"
"https://raw.githubusercontent.com/ixinzhi/lightnovel-2009to2013/master/428被封锁的涩谷 - 北岛行德 - 20100908.epub",478,"https://www.wenku8.net/book/478.htm","title+author","428被封锁的涩谷","北岛行德","讲谈社","已完结","2010-09-08","377K","悬疑 犯罪 战斗 斗智","http://img.wenku8.com/image/0/478/478s.jpg","还差两分钟吗……
仿佛为了提醒自己似的，他在脑海中如此沉吟着。
也不知道这是第几…"
"https://raw.githubusercontent.com/ixinzhi/lightnovel-2009to2013/master/好想做个女孩子 - 三叶 - 20100908.epub",468,"https://www.wenku8.net/book/468.htm","title+author","好想做个女孩子","三叶","一迅社","已完结","2010-09-08","44K","伪娘 宅文化","http://img.wenku8.com/image/0/468/468s.jpg","伪娘养成手册…"
"https://raw.githubusercontent.com/ixinzhi/lightnovel-2009to2013/master/女王之刃 - 冲田荣次 - 20100908.epub",470,"https://www.wenku8.net/book/470.htm","title+author","女王之刃","冲田荣次","HJ文库","已完结/ 已动画化","2010-09-08","405K","奇幻 冒险 战斗 伪娘","http://img.wenku8.com/image/0/470/470s.jpg","女王之刃是决定下任女王人选的大型格斗大赛。
以女王之刃为目标的流浪战士蕾娜，在一…"
"https://raw.githubusercontent.com/ixinzhi/lightnovel-2009to2013/master/AURA 魔龙院光牙最后的战斗 - 田中罗密欧 - 20100908.epub",473,"https://www.wenku8.net/book/473.htm","title+author","AURA 魔龙院光牙最后的战斗","田中罗密欧","小学馆","已完结/ 已动画化","2010-09-08","151K","校园 青春 恋爱 欢乐向","http://img.wenku8.com/image/0/473/473s.jpg","让所有人都留下痛得无法正视的回忆吧！
那一天。忘记带课本回家的我，在半夜溜进学校…"
"https://raw.githubusercontent.com/ixinzhi/lightnovel-2009to2013/master/The Idol M@ster(偶像大师) - 斎藤ゆうすけ - 20100908.epub",483,"https://www.wenku8.net/book/483.htm","title+author","The Idol M@ster(偶像大师)","斎藤ゆうすけ","Fami通文库","已完结/ 已动画化","2010-09-08","118K","音乐 青春 女性视角","http://img.wenku8.com/image/0/483/483s.jpg","原作游戏《The Idol M@ster》，不论在大型机台或Xbox平台上都大受好评，亦曾改编成动画…"
"https://raw.githubusercontent.com/ixinzhi/lightnovel-2009to2013/master/基因之种 - 高平鸣海 - 20100908.epub",480,"https://www.wenku8.net/book/480.htm","title+author","基因之种","高平鸣海","HJ文库","已完结","2010-09-08","89K","科幻 冒险 战斗","http://img.wenku8.com/image/0/480/480s.jpg","那一天──世界受到了「Ｖ」的感染……微小的风暴无声无息地悄然接近，它「改写」了所…"
"https://raw.githubusercontent.com/ixinzhi/lightnovel-2009to2013/master/莱茵河的囚徒 - 田中芳树 - 20100907.epub",490,"https://www.wenku8.net/book/490.htm","title+author","莱茵河的囚徒","田中芳树","其他文库","已完结","2010-09-07","87K","悬疑 冒险","http://img.wenku8.com/image/0/490/490s.jpg","献给曾经是孩子的你以及风华正茂的你们——神秘大陆系列！
以“拿破仑是否还活着”为…"
"https://raw.githubusercontent.com/ixinzhi/lightnovel-2009to2013/master/渚的最强音(渚的极强音) - 城崎火也 - 20100907.epub",485,"https://www.wenku8.net/book/485.htm","title+author","渚的最强音(渚的极强音)","城崎火也","MF文库J","连载中","2010-09-07","85K","校园 青春 恋爱","http://img.wenku8.com/image/0/485/485s.jpg","山之上大地是个特别喜欢UMA（未确认生物）的有点奇怪的高中一年生。
今天，他也因为奇…"
"https://raw.githubusercontent.com/ixinzhi/lightnovel-2009to2013/master/神曲奏界 金 - 大迫纯一 - 20100907.epub",491,"https://www.wenku8.net/book/491.htm","title+author","神曲奏界 金","大迫纯一","GA文库","连载中","2010-09-07","111K","奇幻 悬疑 战斗","http://img.wenku8.com/image/0/491/491s.jpg","“拜托你！请救救我妹妹妹１回答“包在我身上”而挺身调查的我，发现事情变得有些棘手…"
"https://raw.githubusercontent.com/ixinzhi/lightnovel-2009to2013/master/佐藤家的选择 - 贝花大介 - 20100907.epub",492,"https://www.wenku8.net/book/492.htm","title+author","佐藤家的选择","贝花大介","HJ文库","已完结","2010-09-07","173K","校园 战斗 青梅竹马 妹妹","http://img.wenku8.com/image/0/492/492s.jpg","“算法一关流”是一种从中世纪流传下来的和算流派。
精通其奥义的佐藤玲，不但能利用…"
"https://raw.githubusercontent.com/ixinzhi/lightnovel-2009to2013/master/神父与恶魔 - 志麻友纪 - 20100906.epub",500,"https://www.wenku8.net/book/500.htm","title+author","神父与恶魔","志麻友纪","少女文库","连载中","2010-09-06","175K","奇幻 战斗 耽美","http://img.wenku8.com/image/0/500/500s.jpg","「卡普托．雷吉斯」既非繁华的大城市也不是田野乡下，而是古意甚浓的古老都市。
俊美…"
"https://raw.githubusercontent.com/ixinzhi/lightnovel-2009to2013/master/九之契约书 - 二阶堂纮嗣 - 20100906.epub",504,"https://www.wenku8.net/book/504.htm","title+author","九之契约书","二阶堂纮嗣","MF文库J","已完结","2010-09-06","286K","奇幻 冒险 欢乐向","http://img.wenku8.com/image/0/504/504s.jpg","想要实现愿望吗？
只需要你那21公克重的【灵魂】作为代价……
【九侦探事务所】。街…"
"https://raw.githubusercontent.com/ixinzhi/lightnovel-2009to2013/master/香草追击 A sweet partner - 朝浦 - 20100906.epub",499,"https://www.wenku8.net/book/499.htm","title+author","香草追击 A sweet partner","朝浦","集英社","已完结","2010-09-06","172K","犯罪 黑暗 百合","http://img.wenku8.com/image/0/499/499s.jpg","在闲静的城市中陆续发生枪击事件。在调查此事件的警方的搜查情报上，出现了海棠馨与槴…"
"https://raw.githubusercontent.com/ixinzhi/lightnovel-2009to2013/master/校园迷糊大王 - hiroko tokita - 20100905.epub",521,"https://www.wenku8.net/book/521.htm","title_only","校园迷糊大王","ときたひろこ","讲谈社","已完结/ 已动画化","2010-09-05","113K","校园 青春 恋爱 欢乐向","http://img.wenku8.com/image/0/521/521s.jpg","复杂？单纯？好想知道塚本天满、八云跟泽近爱理的真正心声！
周防美琴与今鸟恭介在露…"
"https://raw.githubusercontent.com/ixinzhi/lightnovel-2009to2013/master/邪马台国战记 圣战少女：遥 - 树田省治 - 20100905.epub",517,"https://www.wenku8.net/book/517.htm","title+author","邪马台国战记 圣战少女：遥","树田省治","其他文库","已完结","2010-09-05","228K","穿越 奇幻 战争 恋爱","http://img.wenku8.com/image/0/517/517s.jpg","高中生张政在自家的仓库里找到了一枚古代铜镜。
却被镜中的少女“遥”召唤到一千八百…"
"https://raw.githubusercontent.com/ixinzhi/lightnovel-2009to2013/master/卒业 - 渡边麻实 - 20100905.epub",510,"https://www.wenku8.net/book/510.htm","title+author","卒业","渡边麻实","其他文库","已完结","2010-09-05","113K","青春 恋爱 后宫","http://img.wenku8.com/image/0/510/510s.jpg","清华女子高中是一所拥有悠久历史的学校，在三年B班有5个问题学生，分别时丽子、静、真…"
"https://raw.githubusercontent.com/ixinzhi/lightnovel-2009to2013/master/东方梦月抄 - ZUN - 20100905.epub",509,"https://www.wenku8.net/book/509.htm","title+author","东方梦月抄","ZUN","一迅社","已完结","2010-09-05","75K","奇幻 战争","http://img.wenku8.com/image/0/509/509s.jpg","能思考的芦苇如果终止思考，恐怕地上便能成为一片较为洁净的草原吧。
月之民是否如此…"
"https://raw.githubusercontent.com/ixinzhi/lightnovel-2009to2013/master/少年天草的秀逗咒语 - 牧野修 - 20100905.epub",524,"https://www.wenku8.net/book/524.htm","title+author","少年天草的秀逗咒语","牧野修","电击文库","已完结","2010-09-05","100K","校园 奇幻 欢乐向 后宫","http://img.wenku8.com/image/0/524/524s.jpg","现在也在，咖啡店“不眠症”说着蠢话的3人组。首领格的热血汉——柳原心太，通称天草。…"
"https://raw.githubusercontent.com/ixinzhi/lightnovel-2009to2013/master/向阳素描 欢迎来到向阳庄 - 日暮茶坊 - 20100905.epub",519,"https://www.wenku8.net/book/519.htm","title+author","向阳素描 欢迎来到向阳庄","日暮茶坊","其他文库","已完结/ 已动画化","2010-09-05","46K","校园 青春 百合 欢乐向","http://img.wenku8.com/image/0/519/519s.jpg","由乃决定就读理想中的山吹高中美术科，而且选择搬进学校附近的公寓，开始一个人的求学…"
"https://raw.githubusercontent.com/ixinzhi/lightnovel-2009to2013/master/此处前方是荒野 - 水无神知宏 - 20100905.epub",508,"https://www.wenku8.net/book/508.htm","title+author","此处前方是荒野","水无神知宏","小学馆","已完结","2010-09-05","138K","奇幻 复仇 战斗 青春","http://img.wenku8.com/image/0/508/508s.jpg","复仇——地狱的季节
19世纪末的美国西部。和附近的村庄一起，房子被袭击，失去了母亲…"
"https://raw.githubusercontent.com/ixinzhi/lightnovel-2009to2013/master/你们与虚人在星上共舞 - 上远野浩平 - 20100904.epub",907,"https://www.wenku8.net/book/907.htm","title+author","你们与虚人在星上共舞","上远野浩平","讲谈社","已完结","2010-09-04","86K","科幻 战争 机战","http://img.wenku8.com/image/0/907/907s.jpg","你知道世界是用什么做成的吗？你以为是用常识与巧合重叠在一起形成的吗？可是，我所在…"
"https://raw.githubusercontent.com/ixinzhi/lightnovel-2009to2013/master/东宫家的石像怪 - 田口仙年堂 - 20100904.epub",533,"https://www.wenku8.net/book/533.htm","title+author","东宫家的石像怪","田口仙年堂","Fami通文库","连载中","2010-09-04","262K","科幻 冒险 欢乐向 人外","http://img.wenku8.com/image/0/533/533s.jpg","老子是名叫加古鲁的机器人，平常大家都叫老子“加助”。
名字的由来据说是模仿守护某…"
"https://raw.githubusercontent.com/ixinzhi/lightnovel-2009to2013/master/狂野历险　the　4th　Detonator - 细江ひろみ - 20100903.epub",534,"https://www.wenku8.net/book/534.htm","title+author","狂野历险 the 4th Detonator","细江ひろみ","Fami通文库","已完结","2010-09-03","232K","奇幻 冒险 战斗","http://img.wenku8.com/image/0/534/534s.jpg","13岁的少年，展开未知的旅程…
游戏的主角是生活在海洋上某个不知名避难地里的13岁少…"
"https://raw.githubusercontent.com/ixinzhi/lightnovel-2009to2013/master/恋姬无双外传 紫电一闪!!华蝶假面 - 御门智 - 20100903.epub",556,"https://www.wenku8.net/book/556.htm","title+author","恋姬无双外传 紫电一闪!!华蝶假面","御门智","其他文库","连载中/ 已动画化","2010-09-03","197K","冒险 战斗 欢乐向","http://img.wenku8.com/image/0/556/556s.jpg","拥有晴天般碧蓝的发色，手持高过身长的双叉枪，身着如同蝴蝶般的衣裳与遮住双眼的蝴蝶…"
"https://raw.githubusercontent.com/ixinzhi/lightnovel-2009to2013/master/罗密欧的灾难 - 来乐零 - 20100903.epub",555,"https://www.wenku8.net/book/555.htm","title+author","罗密欧的灾难","来乐零","电击文库","已完结","2010-09-03","123K","校园 青春 恋爱","http://img.wenku8.com/image/0/555/555s.jpg","仅仅只是站在那里就能让气氛变得活跃的漂亮女孩，雏田香奈实。不小心对她一见钟情的我…"
"https://raw.githubusercontent.com/ixinzhi/lightnovel-2009to2013/master/地狱少女 - 天羽沙夜 - 20100903.epub",552,"https://www.wenku8.net/book/552.htm","title+author","地狱少女","天羽沙夜","Fami通文库","已完结/ 已动画化","2010-09-03","73K","惊悚 黑暗","http://img.wenku8.com/image/0/552/552s.jpg","「要死一次看看吗？」轻启朱唇说出这句话的柔弱清纯少女阎魔爱，还有另外一个名字──…"
"https://raw.githubusercontent.com/ixinzhi/lightnovel-2009to2013/master/天元突破 红莲之眼 - 砂山藏澄 - 20100903.epub",554,"https://www.wenku8.net/book/554.htm","title+author","天元突破 红莲之眼","砂山藏澄","小学馆","已完结/ 已动画化","2010-09-03","124K","奇幻 战斗 机战","http://img.wenku8.com/image/0/554/554s.jpg","「用你的钻头突破天际９——于地底的村庄基哈村中，一名名叫西蒙的少年为了扩大村子面…"
"https://raw.githubusercontent.com/ixinzhi/lightnovel-2009to2013/master/狂野历险　ADVANCED　3rd - 细江ひろみ - 20100903.epub",535,"https://www.wenku8.net/book/535.htm","title+author","狂野历险 ADVANCED 3rd","细江ひろみ","Fami通文库","已完结","2010-09-03","255K","奇幻 冒险 战斗","http://img.wenku8.com/image/0/535/535s.jpg","「法尔盖亚」是颗正逐渐沙漠化的行星。过去还是海洋之处，如今却以栖息在当地的魔兽与…"
"https://raw.githubusercontent.com/ixinzhi/lightnovel-2009to2013/master/JOJO的奇妙冒险 - 乙一 - 20100903.epub",539,"https://www.wenku8.net/book/539.htm","title+author","JOJO的奇妙冒险","乙一","集英社","已完结/ 已动画化","2010-09-03","180K","奇幻 冒险 战斗","http://img.wenku8.com/image/0/539/539s.jpg","《JOJO的奇妙冒险》小说版…"
"https://raw.githubusercontent.com/ixinzhi/lightnovel-2009to2013/master/狂野历险　Alter　code：F - 细江ひろみ - 20100903.epub",536,"https://www.wenku8.net/book/536.htm","title+author","狂野历险 Alter code:F","细江ひろみ","Fami通文库","已完结","2010-09-03","245K","奇幻 冒险 战斗","http://img.wenku8.com/image/0/536/536s.jpg","盎然的绿意逐渐的从大地上消失，虽然缓慢，但却确实地正步向荒漠化的世界──法尔盖亚…"
"https://raw.githubusercontent.com/ixinzhi/lightnovel-2009to2013/master/你是主我是仆 - 布施はるか - 20100902.epub",561,"https://www.wenku8.net/book/561.htm","title+author","你是主我是仆","布施はるか","其他文库","连载中/ 已动画化","2010-09-02","90K","欢乐向 恋爱 后宫 大小姐","http://img.wenku8.com/image/0/561/561s.jpg","跟姐姐美鸠一起离家出走的炼，来到七滨市的望族——久远寺家担任管家一职。
他专属服…"
"https://raw.githubusercontent.com/ixinzhi/lightnovel-2009to2013/master/死神候补生 - 小林正亲 - 20100902.epub",563,"https://www.wenku8.net/book/563.htm","title+author","死神候补生","小林正亲","Fami通文库","已完结","2010-09-02","82K","校园 奇幻 欢乐向 后宫 JK","http://img.wenku8.com/image/0/563/563s.jpg","空有热血的没用教师——村上久斗，被刚转学进来的少女——百濑玉用枪射击心脏……但是…"
"https://raw.githubusercontent.com/ixinzhi/lightnovel-2009to2013/master/翼神世音 - 大野木宽 - 20100902.epub",566,"https://www.wenku8.net/book/566.htm","title+author","翼神世音","大野木宽","MF文库J","已完结/ 已动画化","2010-09-02","462K","科幻 战争 机战","http://img.wenku8.com/image/0/566/566s.jpg","高中生神名绫人在与朋友一起前往考场的路上，遭遇侵略军航空部队与防卫军之间的战斗。…"
"https://raw.githubusercontent.com/ixinzhi/lightnovel-2009to2013/master/初恋限定 - 平林佐和子 - 20100902.epub",564,"https://www.wenku8.net/book/564.htm","title+author","初恋限定","平林佐和子","集英社","已完结/ 已动画化","2010-09-02","71K","校园 青春 恋爱","http://img.wenku8.com/image/0/564/564s.jpg","千仓名央的哥哥一真，在摄影社社办与少女阵内志穗相遇，而这段奇妙的邂逅就成为一真恋…"
"https://raw.githubusercontent.com/ixinzhi/lightnovel-2009to2013/master/黏黏妖美少女 - 木村航 - 20100902.epub",558,"https://www.wenku8.net/book/558.htm","title+author","黏黏妖美少女","木村航","Fami通文库","连载中","2010-09-02","206K","校园 奇幻 欢乐向 青春 恋爱","http://img.wenku8.com/image/0/558/558s.jpg","可爱妖怪的不思议人间物语 一碰到心爱的东西，立刻会啪哒一声黏在一起的妖怪黏黏子，是…"
"https://raw.githubusercontent.com/ixinzhi/lightnovel-2009to2013/master/重回那天 - 健速 - 20100902.epub",557,"https://www.wenku8.net/book/557.htm","title+author","重回那天","健速","HJ文库","已完结","2010-09-02","102K","奇幻 恋爱 人外","http://img.wenku8.com/image/0/557/557s.jpg","一场跨越时空的爱情……人类武士与狐仙公主，共同谱出一段荡气回肠的凄恋物语。
为了…"
"https://raw.githubusercontent.com/ixinzhi/lightnovel-2009to2013/master/To Love 出包王女 - 若月光 - 20100901.epub",571,"https://www.wenku8.net/book/571.htm","title+author","To Love 出包王女","若月光","集英社","已完结/ 已动画化","2010-09-01","70K","校园 奇幻 欢乐向 后宫 妹妹 人外","http://img.wenku8.com/image/0/571/571s.jpg","春菜梦里的内容，是男性止步、GIRLS'TALKS勺热烈话题！？沙姬要挑战护士的工作！？
此…"
"https://raw.githubusercontent.com/ixinzhi/lightnovel-2009to2013/master/失落的碎片 - 星家なこ - 20100901.epub",573,"https://www.wenku8.net/book/573.htm","title+author","失落的碎片","星家なこ","MF文库J","已完结","2010-09-01","100K","校园 青春 恋爱","http://img.wenku8.com/image/0/573/573s.jpg","神崎辉幸是一名平凡的高中生，对学校中首屈一指的美少女──蓬莱爱莉丝抱持单恋的他，…"
"https://raw.githubusercontent.com/ixinzhi/lightnovel-2009to2013/master/复活之地 - 小川一水 - 20100831.epub",578,"https://www.wenku8.net/book/578.htm","title+author","复活之地","小川一水","其他文库","连载中","2010-08-31","165K","经营","http://img.wenku8.com/image/0/578/578s.jpg","王纪四百四十年，兰加帝国甫完成行星统一大业，亟欲充实国力，试图跻身星际列强。
然…"
"https://raw.githubusercontent.com/ixinzhi/lightnovel-2009to2013/master/英国恋爱物语·艾玛 - 久美沙织 - 20100831.epub",580,"https://www.wenku8.net/book/580.htm","title+author","英国恋爱物语·艾玛","久美沙织","角川文库","已完结/ 已动画化","2010-08-31","221K","青春 恋爱","http://img.wenku8.com/image/0/580/580s.jpg","时值十九世纪末的伦敦。
富商琼斯家的长子威廉，某日前往年事已高的家庭教师凯莉夫人…"
"https://raw.githubusercontent.com/ixinzhi/lightnovel-2009to2013/master/叛红猎杀 - 在原竹广 - 20100830.epub",595,"https://www.wenku8.net/book/595.htm","title+author","叛红猎杀","在原竹广","HJ文库","已完结","2010-08-30","145K","异能 战斗 冒险 百合","http://img.wenku8.com/image/0/595/595s.jpg","暗夜的山林里，一名女孩在雨中独行。
被雨淋湿充满稚气的脸庞，与她的实际年龄完全不…"
"https://raw.githubusercontent.com/ixinzhi/lightnovel-2009to2013/master/战争时代·下课后防卫队 - 柿沼秀树 - 20100830.epub",597,"https://www.wenku8.net/book/597.htm","title+author","战争时代·下课后防卫队","柿沼秀树","GA文库","已完结","2010-08-30","93K","科幻 青春 战斗","http://img.wenku8.com/image/0/597/597s.jpg","小鸟游有海是个随处可见的平凡女高中生，她发现了一个奇妙的网站。
这个网站每天都会…"
"https://raw.githubusercontent.com/ixinzhi/lightnovel-2009to2013/master/星之声 - 新海诚 - 20100830.epub",585,"https://www.wenku8.net/book/585.htm","title_only","星之声","合作","MF文库J","已完结/ 已动画化","2010-08-30","148K","科幻 青春 恋爱","http://img.wenku8.com/image/0/585/585s.jpg","美加子与阿升就读同校三年级，感情甚笃。2046年的夏天，美加子被选为联合国宇宙军后备…"
"https://raw.githubusercontent.com/ixinzhi/lightnovel-2009to2013/master/格兰蒂亚 - 细江ひろみ - 20100830.epub",590,"https://www.wenku8.net/book/590.htm","title+author","格兰蒂亚","细江ひろみ","Fami通文库","已完结","2010-08-30","331K","奇幻 冒险 战斗","http://img.wenku8.com/image/0/590/590s.jpg","超级经典的RPG系列 SS、PS游戏《GRANDIA》官方小说…"
"https://raw.githubusercontent.com/ixinzhi/lightnovel-2009to2013/master/封闭的世界 - 谷川流 - 20100830.epub",592,"https://www.wenku8.net/book/592.htm","title+author","封闭的世界","谷川流","电击文库","已完结","2010-08-30","98K","青春 黑暗","http://img.wenku8.com/image/0/592/592s.jpg","这个世上使人厌烦的事太多了。例如，明明是八月天气尽然很凉爽这样的。不记得叫过那些…"
"https://raw.githubusercontent.com/ixinzhi/lightnovel-2009to2013/master/魔像怪×少女 - 大凹友数 - 20100830.epub",586,"https://www.wenku8.net/book/586.htm","title+author","魔像怪×少女","大凹友数","MF文库J","已完结","2010-08-30","183K","校园 奇幻 青春 恋爱 人外","http://img.wenku8.com/image/0/586/586s.jpg","我，森田友二为避免再被欺负，报考远地的升学名校珠山三高。
可是在发榜日，不知为何…"
"https://raw.githubusercontent.com/ixinzhi/lightnovel-2009to2013/master/樱乃绮罗帆系列 - 月见草平 - 20100830.epub",600,"https://www.wenku8.net/book/600.htm","title+author","樱乃绮罗帆系列","月见草平","MF文库J","已完结","2010-08-30","289K","奇幻 校园 欢乐向 恋爱","http://img.wenku8.com/image/0/600/600s.jpg","某天早上起床后，樱乃绮罗帆发现屁股上长了猫尾巴。
尽管对突如其来的变化心生动摇，…"
"https://raw.githubusercontent.com/ixinzhi/lightnovel-2009to2013/master/亚雷克森传奇 - 五代ゆう - 20100830.epub",589,"https://www.wenku8.net/book/589.htm","title+author","亚雷克森传奇","五代ゆう","HJ文库","连载中","2010-08-30","119K","奇幻 冒险 旅行 战斗 恋爱","http://img.wenku8.com/image/0/589/589s.jpg","出身于历史古国艾尔德国的王子·艾雷克森，他拥有来自母亲的异国血统与俊美的外表，更…"
"https://raw.githubusercontent.com/ixinzhi/lightnovel-2009to2013/master/东京八卦新闻 - 水城正太郎 - 20100830.epub",902,"https://www.wenku8.net/book/902.htm","title+author","东京八卦新闻","水城正太郎","富士见文库","连载中","2010-08-30","75K","奇幻 悬疑 冒险 恋爱","http://img.wenku8.com/image/0/902/902s.jpg","尽管冒着土烟，绑着特别的链条的三轮摩托照旧飞跑着。
“为什么，新闻记者？”
白衣…"
"https://raw.githubusercontent.com/ixinzhi/lightnovel-2009to2013/master/在暗夜中寻找羔羊 - 穗史贺雅也 - 20100830.epub",598,"https://www.wenku8.net/book/598.htm","title+author","在暗夜中寻找羔羊","穗史贺雅也","MF文库J","已完结","2010-08-30","238K","校园 青春 欢乐向 后宫 青梅竹马","http://img.wenku8.com/image/0/598/598s.jpg","高中一年级的草加合人，是一个是一丝不苟的呆呆男，他的身边总是聚集了一堆怪人，包括…"
"https://raw.githubusercontent.com/ixinzhi/lightnovel-2009to2013/master/隔邻的魔法师 - 筱崎砂美 - 20100829.epub",609,"https://www.wenku8.net/book/609.htm","title+author","隔邻的魔法师","筱崎砂美","GA文库","已完结","2010-08-29","72K","奇幻 青春 恋爱 女性视角","http://img.wenku8.com/image/0/609/609s.jpg","我叫玛丽·菲尔兹。
是过着极为平凡生活的女孩子。
没错，直到有一天兹克兹克突然带…"
"https://raw.githubusercontent.com/ixinzhi/lightnovel-2009to2013/master/月之少女 - 渡边まさき - 20100829.epub",607,"https://www.wenku8.net/book/607.htm","title+author","月之少女","渡边まさき","HJ文库","已完结","2010-08-29","157K","校园 奇幻 冒险 恋爱","http://img.wenku8.com/image/0/607/607s.jpg","一沙一如往常地在校舍的屋顶上午睡，嘴里突然跑进某种滑溜溜的物体。
“……唔唔…好…"
"https://raw.githubusercontent.com/ixinzhi/lightnovel-2009to2013/master/光之战士 - 卫藤乱星 - 20100829.epub",604,"https://www.wenku8.net/book/604.htm","title+author","光之战士","卫藤乱星","其他文库","连载中","2010-08-29","204K","奇幻 异能 战争","http://img.wenku8.com/image/0/604/604s.jpg","天堂来人遇到了自称新宿哲人的奇妙老人。虽然只是第一次见面，却不知为何对老人有种怀…"
"https://raw.githubusercontent.com/ixinzhi/lightnovel-2009to2013/master/快打城市slum online - 樱坂洋 - 20100829.epub",610,"https://www.wenku8.net/book/610.htm","title+author","快打城市slum online","樱坂洋","其他文库","已完结","2010-08-29","93K","战斗 青春","http://img.wenku8.com/image/0/610/610s.jpg","按下Ａ钮，我化身为铁男——感觉自己与现实有些格格不入的大一学生坂上悦郎，在网络对…"
"https://raw.githubusercontent.com/ixinzhi/lightnovel-2009to2013/master/虎跃龙笑 - 嬉野秋彦 - 20100828.epub",627,"https://www.wenku8.net/book/627.htm","title+author","虎跃龙笑","嬉野秋彦","Fami通文库","连载中","2010-08-28","210K","校园 冒险 战斗 恋爱","http://img.wenku8.com/image/0/627/627s.jpg","『华洲』拥有闻名天下的两座武术院——在其中之一，校风自由的雷星武术院宿舍中，住着…"
"https://raw.githubusercontent.com/ixinzhi/lightnovel-2009to2013/master/魔壶妖精 - 鲷津裕太 - 20100828.epub",629,"https://www.wenku8.net/book/629.htm","title+author","魔壶妖精","鲷津裕太","Fami通文库","已完结","2010-08-28","125K","奇幻 校园 欢乐向 妹妹","http://img.wenku8.com/image/0/629/629s.jpg","高中生白羽修也有难以启齿的蛀牙烦恼，他在路上遇到了从诡异的魔壶当中现身的性感大姐…"
"https://raw.githubusercontent.com/ixinzhi/lightnovel-2009to2013/master/汪汪地狱犬 - 芜木统文 - 20100828.epub",623,"https://www.wenku8.net/book/623.htm","title+author","汪汪地狱犬","芜木统文","GA文库","已完结","2010-08-28","91K","奇幻 校园 欢乐向","http://img.wenku8.com/image/0/623/623s.jpg","在周六深夜的一场交通意外中，深渊犬治的身体被撞得稀巴烂，看到的人都会认为他会当场…"
"https://raw.githubusercontent.com/ixinzhi/lightnovel-2009to2013/master/幻兽少年 - 梦枕貘 - 20100828.epub",502,"https://www.wenku8.net/book/502.htm","title+author","幻兽少年","梦枕貘","其他文库","连载中","2010-08-28","480K","校园 奇幻 战斗 黑暗","http://img.wenku8.com/image/0/502/502s.jpg","一个俊美无筹却自卑软弱的少年──大凤吼，进入了小田原市的西城学园中就读。殊不知自…"
"https://raw.githubusercontent.com/ixinzhi/lightnovel-2009to2013/master/尸人狩猎者 - 葛西伸哉 - 20100828.epub",622,"https://www.wenku8.net/book/622.htm","title+author","尸人狩猎者","葛西伸哉","HJ文库","连载中","2010-08-28","223K","奇幻 冒险 黑暗 耽美","http://img.wenku8.com/image/0/622/622s.jpg","「你有心愿吗？有就算用性命作为代价，也想要实现的愿望吗？」
恐怖的怪物一个接一个…"
"https://raw.githubusercontent.com/ixinzhi/lightnovel-2009to2013/master/欢迎光临日本上空 - 佐佐原史绪 - 20100828.epub",626,"https://www.wenku8.net/book/626.htm","title+author","欢迎光临日本上空","佐佐原史绪","HJ文库","连载中","2010-08-28","102K","奇幻 校园 欢乐向 恋爱","http://img.wenku8.com/image/0/626/626s.jpg","平凡准考生-峰岸光，每天安分地过着她的平凡的日子。
某日幻想王国『天上国』突然出现…"
"https://raw.githubusercontent.com/ixinzhi/lightnovel-2009to2013/master/伊佐与雪 - 友谷苍 - 20100828.epub",631,"https://www.wenku8.net/book/631.htm","title+author","伊佐与雪","友谷苍","GA文库","连载中","2010-08-28","100K","奇幻 冒险 校园","http://img.wenku8.com/image/0/631/631s.jpg","“恶灵退去１立志成为修行者的高中生？袴田幸太郎奋力抛出了念珠，却完全没效果。
“…"
"https://raw.githubusercontent.com/ixinzhi/lightnovel-2009to2013/master/秋叶少年 - 将吉 - 20100828.epub",619,"https://www.wenku8.net/book/619.htm","title+author","秋叶少年","将吉","讲谈社","已完结","2010-08-28","81K","青春 脑洞 宅文化 欢乐向","http://img.wenku8.com/image/0/619/619s.jpg","这样的青春实在太美好了，就算不是宅男宅女，也会痛哭流涕吧！
星期天，秋叶原的步行…"
"https://raw.githubusercontent.com/ixinzhi/lightnovel-2009to2013/master/至死方休的纠缠 - 前田荣 - 20100828.epub",630,"https://www.wenku8.net/book/630.htm","title+author","至死方休的纠缠","前田荣","其他文库","连载中","2010-08-28","159K","奇幻 冒险 战斗","http://img.wenku8.com/image/0/630/630s.jpg","全身冻结般的感觉困扰着米迦勒；久远而痛苦的记忆复苏了，与此刻的感觉重叠。
没错，…"
"https://raw.githubusercontent.com/ixinzhi/lightnovel-2009to2013/master/烟囟町的赤魔与绝望少年 - ゆうきりん - 20100828.epub",628,"https://www.wenku8.net/book/628.htm","title_only","烟囟町的赤魔与绝望少年","ゆうきりん","Fami通文库","已完结","2010-08-28","78K","奇幻 冒险","http://img.wenku8.com/image/0/628/628s.jpg","整个小镇被巨大的工厂所占据，烟囱冒出的黑烟将天空染成一片赤红。
红愁太是中学一年…"
"https://raw.githubusercontent.com/ixinzhi/lightnovel-2009to2013/master/郭德堡变奏曲 - 五代ゆぅ - 20100828.epub",620,"https://www.wenku8.net/book/620.htm","title+author","郭德堡变奏曲","五代ゆぅ","HJ文库","已完结","2010-08-28","105K","奇幻 悬疑 冒险","http://img.wenku8.com/image/0/620/620s.jpg","奇妙的曲音化成了影像，交织而成的幻境与现实反覆错叠，＜幻奏＞术师欧佳的物语就此展…"
"https://raw.githubusercontent.com/ixinzhi/lightnovel-2009to2013/master/棋魂 - 堀田由美 - 20100827.epub",651,"https://www.wenku8.net/book/651.htm","title+author","棋魂","堀田由美","集英社","已完结/ 已动画化","2010-08-27","145K","奇幻 青春 竞技","http://img.wenku8.com/image/0/651/651s.jpg","有一天，小学六年级的进藤光在爷爷家的仓库里，找到一个古老的棋盘。
而隐藏在其中的…"
"https://raw.githubusercontent.com/ixinzhi/lightnovel-2009to2013/master/PiPit!!天线少女 - 和智正喜 - 20100827.epub",643,"https://www.wenku8.net/book/643.htm","title+author","PiPit!!天线少女","和智正喜","MF文库J","连载中","2010-08-27","93K","校园 青春 欢乐向 百合","http://img.wenku8.com/image/0/643/643s.jpg","五月最后一个星期一，高中生美仓清香对来到班上的美少女转学生彩原舞子一见钟情。
或…"
"https://raw.githubusercontent.com/ixinzhi/lightnovel-2009to2013/master/我们在虚梦中倾听月色 - 上远野浩平 - 20100826.epub",660,"https://www.wenku8.net/book/660.htm","title+author","我们在虚梦中倾听月色","上远野浩平","讲谈社","已完结","2010-08-26","71K","科幻 战争 机战","http://img.wenku8.com/image/0/660/660s.jpg","当一个少女开始怀疑整个世界时，“破绽”便开始了——
关于现实与梦的差异，你到底知…"
"https://raw.githubusercontent.com/ixinzhi/lightnovel-2009to2013/master/simoun 祈舞 - 冈崎纯子 - 20100826.epub",655,"https://www.wenku8.net/book/655.htm","title+author","simoun 祈舞","冈崎纯子","其他文库","已完结","2010-08-26","138K","青春 恋爱 百合","http://img.wenku8.com/image/0/655/655s.jpg","这一切，都是由亲吻开始。在阿路克斯 普立玛以巫女身分广受景仰的日子被夺去，进而移动…"
"https://raw.githubusercontent.com/ixinzhi/lightnovel-2009to2013/master/我们在虚空中巡视夜晚 - 上远野浩平 - 20100826.epub",658,"https://www.wenku8.net/book/658.htm","title+author","我们在虚空中巡视夜晚","上远野浩平","讲谈社","已完结","2010-08-26","91K","科幻 战争 机战","http://img.wenku8.com/image/0/658/658s.jpg","你能明白「真正的虚无」是怎么回事吗？
你应该也无法想象，被丢到无边无际，
不断膨…"
"https://raw.githubusercontent.com/ixinzhi/lightnovel-2009to2013/master/白银的卡露 - 竹内なおゆき - 20100826.epub",656,"https://www.wenku8.net/book/656.htm","title+author","白银的卡露","竹内なおゆき","Fami通文库","已完结","2010-08-26","143K","校园 科幻 机战 恋爱","http://img.wenku8.com/image/0/656/656s.jpg","自福鲁克兰姆帝国重建古代超科学技术并确立霸权的十五年后，一名边境小国王族的十三岁…"
"https://raw.githubusercontent.com/ixinzhi/lightnovel-2009to2013/master/铁刃沙斩 - 大迫纯一 - 20100826.epub",654,"https://www.wenku8.net/book/654.htm","title+author","铁刃沙斩","大迫纯一","HJ文库","连载中","2010-08-26","93K","奇幻 异能 战斗 冒险","http://img.wenku8.com/image/0/654/654s.jpg","旅行中的少女缇玛，千辛万苦地来到一座沙漠小镇时，突然被抓起来，而且莫名其妙地变成…"
"https://raw.githubusercontent.com/ixinzhi/lightnovel-2009to2013/master/舞-HiME★DESTINY 龙之巫女 - 伊吹秀明 - 20100826.epub",657,"https://www.wenku8.net/book/657.htm","title+author","舞-HiME★DESTINY 龙之巫女","伊吹秀明","HJ文库","连载中/ 已动画化","2010-08-26","77K","校园 异能 战斗 百合","http://img.wenku8.com/image/0/657/657s.jpg","北海道，鄂霍次克海附近的“星之宫风华学园”。这是一所聚集了特A级超能力者的全寄宿制…"
"https://raw.githubusercontent.com/ixinzhi/lightnovel-2009to2013/master/残酷的处刑史 - 桐生操 - 20100825.epub",899,"https://www.wenku8.net/book/899.htm","title+author","残酷的处刑史","桐生操","其他文库","已完结","2010-08-25","129K","惊悚 黑暗","http://img.wenku8.com/image/0/899/899s.jpg","处刑台带给人的刻板印象已经根深蒂固，但是死在处刑台上的众多生命，并非全都是罪有应…"
"https://raw.githubusercontent.com/ixinzhi/lightnovel-2009to2013/master/好想告诉你 - 下川香苗 - 20100825.epub",696,"https://www.wenku8.net/book/696.htm","title+author","好想告诉你","下川香苗","少女文库","连载中/ 已动画化","2010-08-25","146K","校园 青春 恋爱 欢乐向 女性视角","http://img.wenku8.com/image/0/696/696s.jpg","黑沼爽子&#8226;风早翔太5岁，座右铭是日行一善…性格开朗易感动的爽子，外表却非常阴沉…"
"https://raw.githubusercontent.com/ixinzhi/lightnovel-2009to2013/master/机器妹 重申 人类皆兄妹！ - 佐藤ケイ - 20100824.epub",746,"https://www.wenku8.net/book/746.htm","title+author","机器妹 重申 人类皆兄妹！","佐藤ケイ","电击文库","已完结","2010-08-24","74K","科幻 妹妹 人外","http://img.wenku8.com/image/0/746/746s.jpg","岩铁岩男是现在看来有点古风的粗野高中生。但，从被任命为最终人型决战兵器·妹机器人…"
"https://raw.githubusercontent.com/ixinzhi/lightnovel-2009to2013/master/模仿犯 - 宫部美雪 - 20100824.epub",725,"https://www.wenku8.net/book/725.htm","title+author","模仿犯","宫部美雪","其他文库","已完结","2010-08-24","848K","悬疑 犯罪 黑暗","http://img.wenku8.com/image/0/725/725s.jpg","一只女性的右手腕被发现在公园的垃圾箱里，那是凶手尝过「猎杀人们」的快感后，所发出…"
"https://raw.githubusercontent.com/ixinzhi/lightnovel-2009to2013/master/魔碟军团 - 广冈未森 - 20100824.epub",721,"https://www.wenku8.net/book/721.htm","title+author","魔碟军团","广冈未森","其他文库","连载中","2010-08-24","141K","奇幻 战斗","http://img.wenku8.com/image/0/721/721s.jpg","Q管理惑星情报部——通称飞球。暗地里将成立一个专门搜集人类以外的生物的独立特别情报…"
"https://raw.githubusercontent.com/ixinzhi/lightnovel-2009to2013/master/反抗者的系谱 - 三浦良 - 20100824.epub",723,"https://www.wenku8.net/book/723.htm","title+author","反抗者的系谱","三浦良","富士见文库","连载中","2010-08-24","79K","奇幻 战斗 恋爱","http://img.wenku8.com/image/0/723/723s.jpg","与你的相遇真的让我很高兴。可以说是一见钟情。就是因为这个想法没有任何虚假成分——…"
"https://raw.githubusercontent.com/ixinzhi/lightnovel-2009to2013/master/猫娘姐妹 - 伏见司 - 20100824.epub",720,"https://www.wenku8.net/book/720.htm","title+author","猫娘姐妹","伏见司","电击文库","已完结","2010-08-24","101K","欢乐向 人外","http://img.wenku8.com/image/0/720/720s.jpg","猫姊妹之中的三女美绪对人类生活怀抱着憧憬，满十四岁时她终于成功化为人形了。大姊命…"
"https://raw.githubusercontent.com/ixinzhi/lightnovel-2009to2013/master/光之圣少女 - 光之圣少女制作委员会 - 20100824.epub",726,"https://www.wenku8.net/book/726.htm","title+author","光之圣少女","光之圣少女制作委员会","少女文库","已完结","2010-08-24","189K","奇幻 异能 战斗 耽美","http://img.wenku8.com/image/0/726/726s.jpg","“从今天起，这所学园就属于本大爷了！你们这群家伙等着听候差遣，协助本大爷实现我的…"
"https://raw.githubusercontent.com/ixinzhi/lightnovel-2009to2013/master/魔法律事务所 - 天羽沙夜 - 20100824.epub",738,"https://www.wenku8.net/book/738.htm","title+author","魔法律事务所","天羽沙夜","集英社","连载中","2010-08-24","90K","奇幻 冒险","http://img.wenku8.com/image/0/738/738s.jpg","在魔法律学校就读的时代，六冰和洋一挺身挑战解决“MLS七大不可思议”！同样听到传闻的…"
"https://raw.githubusercontent.com/ixinzhi/lightnovel-2009to2013/master/平行恋人 - 静月远火 - 20100824.epub",716,"https://www.wenku8.net/book/716.htm","title+author","平行恋人","静月远火","电击文库","","","","科幻 青春 恋爱","http://img.wenku8.com/image/0/716/716s.jpg","2009年电击小说大赏〈金赏〉得奖作
透过手机相连的奇幻平行世界恋爱物语
平凡的高二…"
"https://raw.githubusercontent.com/ixinzhi/lightnovel-2009to2013/master/恋爱少女与守护之盾 - 和泉伏也 - 20100823.epub",871,"https://www.wenku8.net/book/871.htm","title+author","恋爱少女与守护之盾","和泉伏也","集英社","已完结","2010-08-23","190K","校园 战斗 后宫 大小姐 伪娘","http://img.wenku8.com/image/0/871/871s.jpg","隶属于要人护卫组织「AIGIS」的新锐──如月修史接获新指令，要他「男扮女装潜入住宿制…"
"https://raw.githubusercontent.com/ixinzhi/lightnovel-2009to2013/master/pulp - 森桥宾果 - 20100822.epub",279,"https://www.wenku8.net/book/279.htm","title+author","pulp","森桥宾果","Fami通文库","已完结","2010-08-22","339K","奇幻 冒险 战斗 青春 恋爱","http://img.wenku8.com/image/0/279/279s.jpg","父亲打得暴行、自残的恶习、乏善可陈的日常生活——娘是个藉由割腕确认生存意义的少女…"
"https://raw.githubusercontent.com/ixinzhi/lightnovel-2009to2013/master/对某飞行员的追忆 - 犬村小六 - 20100822.epub",10,"https://www.wenku8.net/book/10.htm","title+author","对某飞行员的追忆","犬村小六","小学馆","已完结/ 已动画化","2010-08-22","129K","战争 冒险 恋爱","http://img.wenku8.com/image/0/10/10s.jpg","「护卫美丽的千金小姐在敌阵中单机航行一万两千公里，办得到吧？」
这个荒谬至极的命…"
"https://raw.githubusercontent.com/ixinzhi/lightnovel-2009to2013/master/CUTTING伤痕 - 翅田大介 - 20100822.epub",327,"https://www.wenku8.net/book/327.htm","title+author","CUTTING伤痕","翅田大介","HJ文库","已完结","2010-08-22","447K","校园 科幻 青春 恋爱 黑暗","http://img.wenku8.com/image/0/327/327s.jpg","一个名叫相坂和也的少年察觉到自己外在行为与内心世界的差距，并且为此极度烦恼着。
…"
"https://raw.githubusercontent.com/ixinzhi/lightnovel-2009to2013/master/机动战士高达Z - 富野由悠季 - 20100821.epub",835,"https://www.wenku8.net/book/835.htm","title+author","机动战士高达Z","富野由悠季","角川文库","已完结/ 已动画化","2010-08-21","570K","科幻 机战 战争","http://img.wenku8.com/image/0/835/835s.jpg","宇宙世纪００８７年，反地球联邦组织「幽谷」（Ａ.Ｅ.Ｕ.Ｇ），为争取太空居民的独立自…"
"https://raw.githubusercontent.com/ixinzhi/lightnovel-2009to2013/master/机动战士高达0083 - 山口宏 - 20100821.epub",834,"https://www.wenku8.net/book/834.htm","title+author","机动战士高达0083","山口宏","角川文库","已完结/ 已动画化","2010-08-21","272K","科幻 机战 战争","http://img.wenku8.com/image/0/834/834s.jpg","机动战士高达0083 星屑的回忆 （星尘作战计划）
高达系列中的黑历史。
U.C0083年，早…"
"https://raw.githubusercontent.com/ixinzhi/lightnovel-2009to2013/master/红牙的露比沃芙 - 淡路帆希 - 20100821.epub",762,"https://www.wenku8.net/book/762.htm","title+author","红牙的露比沃芙","淡路帆希","富士见文库","连载中","2010-08-21","132K","奇幻 魔法 战斗 恋爱","http://img.wenku8.com/image/0/762/762s.jpg","一日伊始，正是安静的早晨。
露水因阳光照射而从庭园的树叶上滚落消去，恰好就是这个…"
"https://raw.githubusercontent.com/ixinzhi/lightnovel-2009to2013/master/我的紫苑 - 本田透 - 20100821.epub",829,"https://www.wenku8.net/book/829.htm","title+author","我的紫苑","本田透","GA文库","连载中","2010-08-21","113K","校园 奇幻 战斗 后宫 妹妹","http://img.wenku8.com/image/0/829/829s.jpg","居待月零的表弟，美少年上弦紫苑突然转学到零的班上。他的身体里藏著一个不为人知的秘…"
"https://raw.githubusercontent.com/ixinzhi/lightnovel-2009to2013/master/少女爱上姐姐 樱花之庭院的星星 - 嵩夜あや - 20100821.epub",822,"https://www.wenku8.net/book/822.htm","title+author","少女爱上姐姐 樱花之庭院的星星","嵩夜あや","Fami通文库","已完结/ 已动画化","2010-08-21","102K","校园 青春 恋爱 伪娘 后宫","http://img.wenku8.com/image/0/822/822s.jpg","柔和的阳光穿过林荫的缝隙温柔地照射在湿润的石阶上。
被昨夜的雨所淋湿的樱花树上，露…"
"https://raw.githubusercontent.com/ixinzhi/lightnovel-2009to2013/master/魔法米克斯 - 榊一郎 - 20100821.epub",785,"https://www.wenku8.net/book/785.htm","title+author","魔法米克斯","榊一郎","Fami通文库","连载中","2010-08-21","89K","校园 魔法 欢乐向 后宫","http://img.wenku8.com/image/0/785/785s.jpg","「阿巴朗学园都市」，通称为「都市」，是一所包含小学到大学的巨大综合教育机关，拥有…"
"https://raw.githubusercontent.com/ixinzhi/lightnovel-2009to2013/master/完美小姐进化论 - 中村美音 - 20100821.epub",786,"https://www.wenku8.net/book/786.htm","title+author","完美小姐进化论","中村美音","讲谈社","已完结/ 已动画化","2010-08-21","88K","青春 恋爱 欢乐向","http://img.wenku8.com/image/0/786/786s.jpg","只有在「完美小姐进化论」小说版里才能见到的原创故事！
须奈子超怕闪亮物体，最爱黑…"
"https://raw.githubusercontent.com/ixinzhi/lightnovel-2009to2013/master/银飘扬 - 有泽真水 - 20100821.epub",852,"https://www.wenku8.net/book/852.htm","title+author","银飘扬","有泽真水","电击文库","已完结","2010-08-21","86K","科幻 青春 恋爱","http://img.wenku8.com/image/0/852/852s.jpg","某个快下雪的冬日，我在熙来攘往间跟一个女孩子错身而过。她是个银发的美丽少女。一和…"
"https://raw.githubusercontent.com/ixinzhi/lightnovel-2009to2013/master/献给虚无的供物 - 中井英夫 - 20100821.epub",816,"https://www.wenku8.net/book/816.htm","title+author","献给虚无的供物","中井英夫","其他文库","已完结","2010-08-21","289K","悬疑 犯罪","http://img.wenku8.com/image/0/816/816s.jpg","日本四大推理奇书之一
昭和二十九年九月，北海道一起渡轮翻覆事件造成一千零五十五人…"
"https://raw.githubusercontent.com/ixinzhi/lightnovel-2009to2013/master/CROSS CHANNEL - 伊藤ィツキ - 20100821.epub",761,"https://www.wenku8.net/book/761.htm","title+author","CROSS CHANNEL","伊藤ィツキ","其他文库","已完结","2010-08-21","61K","科幻 校园 恋爱 犯罪 猎奇 黑暗","http://img.wenku8.com/image/0/761/761s.jpg","（全年龄河蟹版）
明天就是校园FM广播开播的日子。
在学校屋顶上，社长美里一个人仍…"
"https://raw.githubusercontent.com/ixinzhi/lightnovel-2009to2013/master/黑与蓝 - 中冈润一郎 - 20100821.epub",794,"https://www.wenku8.net/book/794.htm","title+author","黑与蓝","中冈润一郎","小学馆","已完结","2010-08-21","88K","校园 异能 战斗","http://img.wenku8.com/image/0/794/794s.jpg","高中生&#8231;泉城太郎被好友&#8231;布流晶拉着一块当起校园万事通，专门解决同学的疑难…"
"https://raw.githubusercontent.com/ixinzhi/lightnovel-2009to2013/master/数学少女 - 结城浩 - 20100820.epub",877,"https://www.wenku8.net/book/877.htm","title+author","数学少女","结城浩","MF文库J","连载中","2010-08-20","151K","校园 青春 恋爱","http://img.wenku8.com/image/0/877/877s.jpg","喜欢数学、不擅长与人交流的男主角在升上高中后，以为会跟国中时期一样孤单的他在开学…"
"https://raw.githubusercontent.com/ixinzhi/lightnovel-2009to2013/master/绝境行星 - 柿沼秀树 - 20100815.epub",680,"https://www.wenku8.net/book/680.htm","title+author","绝境行星","柿沼秀树","MF文库J","连载中","2010-08-15","88K","科幻 冒险 战斗 后宫","http://img.wenku8.com/image/0/680/680s.jpg","西元2134年──30年前，因人口增加与资源枯竭等因素，人类分成火星开拓派与地球再生派…"
"https://raw.githubusercontent.com/ixinzhi/lightnovel-2009to2013/master/寻狗事务所 - 米泽穗信 - 20100815.epub",897,"https://www.wenku8.net/book/897.htm","title+author","寻狗事务所","米泽穗信","其他文库","已完结","2010-08-15","161K","悬疑 青春","http://img.wenku8.com/image/0/897/897s.jpg","本来我想要开的是一家卖什锦煎饼的店，可以搞到最后，却变成开了一间「绀屋S&R」事务所…"
"https://raw.githubusercontent.com/ixinzhi/lightnovel-2009to2013/master/紫色的Qualia - うえお久光 - 20100813.epub",894,"https://www.wenku8.net/book/894.htm","title+author","紫色的Qualia","うえお久光","电击文库","已完结","2010-08-13","107K","校园 科幻 青春 百合 女性视角","http://img.wenku8.com/image/0/894/894s.jpg","拥有特殊能力的少女球井紫，总是将人类看成各式各样的机器人，有时会利用这种能力『修…"
"https://raw.githubusercontent.com/ixinzhi/lightnovel-2009to2013/master/SUGAR DARK 被埋葬的黑暗与少女 - 新井円侍 - 20100812.epub",698,"https://www.wenku8.net/book/698.htm","title+author","SUGAR DARK 被埋葬的黑暗与少女","新井円侍","角川文库","","","","奇幻 黑暗 恋爱","http://img.wenku8.com/image/0/698/698s.jpg","少年穆欧鲁因为冤罪而遭到逮捕，被送往杳无人烟的共同灵园，过著每天挖掘墓穴的生活。…"
"https://raw.githubusercontent.com/ixinzhi/lightnovel-2009to2013/master/歌剧系列 - 栗原ちひろ - 20100812.epub",315,"https://www.wenku8.net/book/315.htm","title+author","歌剧系列","栗原ちひろ","少女文库","已完结","2010-08-12","889K","奇幻 冒险 旅行 恋爱","http://img.wenku8.com/image/0/315/315s.jpg","演员都到齐了──患有不治之症，身兼剑士及药师的青年；拥有完美容?的谜样诗人；暗杀集…"
"https://raw.githubusercontent.com/ixinzhi/lightnovel-2009to2013/master/摩天楼的怪人 - 岛田庄司 - 20100808.epub",893,"https://www.wenku8.net/book/893.htm","title+author","摩天楼的怪人","岛田庄司","其他文库","已完结","2010-08-08","285K","悬疑","http://img.wenku8.com/image/0/893/893s.jpg","一个暴风雨之夜，知名演艺公司老板齐格飞被人近距离枪杀于纽约摩天楼的一楼办公室！其…"
"https://raw.githubusercontent.com/ixinzhi/lightnovel-2009to2013/master/真庭语 - 西尾维新 - 20100804.epub",891,"https://www.wenku8.net/book/891.htm","title+author","真庭语","西尾维新","讲谈社","已完结","2010-08-04","53K","奇幻 异能 战争","http://img.wenku8.com/image/0/891/891s.jpg","列国交战、天下播乱之时——
在动荡不安的历史背后，有群悄然喷溅着生命火花的人。
…"
"https://raw.githubusercontent.com/ixinzhi/lightnovel-2009to2013/master/强袭魔女 - 山口升 - 20100804.epub",577,"https://www.wenku8.net/book/577.htm","title+author","强袭魔女","山口升","角川文库","已完结/ 已动画化","2010-08-04","212K","科幻 机战 战争 百合 女性视角","http://img.wenku8.com/image/0/577/577s.jpg","世界各国突然遭到来历不明的袭击。能与之抗衡的唯有拥有魔力的少女们。
少女们将自己…"
"https://raw.githubusercontent.com/ixinzhi/lightnovel-2009to2013/master/四叠半神话大系 - 森见登美彦 - 20100803.epub",889,"https://www.wenku8.net/book/889.htm","title+author","四叠半宿舍，青春迷走(四叠半神话大系)","森见登美彦","角川文库","已完结/ 已动画化","2025-07-02","150K","科幻 校园 青春 恋爱 欢乐向","http://img.wenku8.com/image/0/889/889s.jpg","我并非自呱呱坠地之初，就是这副惨样啊！一定是哪里走错了！
「我」是平凡无奇的大三…"
"https://raw.githubusercontent.com/ixinzhi/lightnovel-2009to2013/master/越佐大桥 - 成田良悟 - 20100730.epub",699,"https://www.wenku8.net/book/699.htm","title+author","越佐大桥","成田良悟","电击文库","已完结","2010-07-30","439K","青春 群像","http://img.wenku8.com/image/0/699/699s.jpg","架于佐渡与新泻之间的世界第一大桥。耸立与两者之间的无名人工岛——因为不景气而被中…"
"https://raw.githubusercontent.com/ixinzhi/lightnovel-2009to2013/master/绯色的碎片 - 水泽なな - 20100729.epub",494,"https://www.wenku8.net/book/494.htm","title+author","绯色的碎片","水泽なな","少女文库","已完结/ 已动画化","2010-07-29","265K","奇幻 冒险 战斗 恋爱 人外","http://img.wenku8.com/image/0/494/494s.jpg","由于父母被调任国外，珠纪只好回到年幼时曾住过的季封村投靠外婆家，没料到才一抵达村…"
"https://raw.githubusercontent.com/ixinzhi/lightnovel-2009to2013/master/LOVE YOU 我的勇者公主 - 七月隆文 - 20100725.epub",107,"https://www.wenku8.net/book/107.htm","title+author","LOVE YOU 我的勇者公主","七月隆文","集英社","已完结","2010-07-25","479K","校园 奇幻 战斗 欢乐向 后宫","http://img.wenku8.com/image/0/107/107s.jpg","就在高中生神田俊一边玩著ＲＰＧ、一边幻想「如果真的有罗莎莉这个女勇者就好了」的时…"
"https://raw.githubusercontent.com/ixinzhi/lightnovel-2009to2013/master/掌心迷路 - 石田衣良 - 20100724.epub",885,"https://www.wenku8.net/book/885.htm","title+author","掌心迷路","石田衣良","讲谈社","已完结","2010-07-24","79K","悬疑 青春","http://img.wenku8.com/image/0/885/885s.jpg","据说，每个人掌心的纹路都是独一无二的，象徵着一个人走过的过去和未来。
阅读着石田…"
"https://raw.githubusercontent.com/ixinzhi/lightnovel-2009to2013/master/真·恋姬无双 少女缭乱 三国志演义 - 小林正亲 - 20100723.epub",525,"https://www.wenku8.net/book/525.htm","title+author","真·恋姬无双 少女缭乱 三国志演义","小林正亲","Fami通文库","已完结/ 已动画化","2010-07-23","174K","穿越 战争 欢乐向 后宫","http://img.wenku8.com/image/0/525/525s.jpg","原本只是个普通高中生的北乡一刀藉由异次元时间移动，来到了「三国志武将美少女化」的…"
"https://raw.githubusercontent.com/ixinzhi/lightnovel-2009to2013/master/奇幻贵公子(恶灵猎人) - 小野不由美 - 20100720.epub",84,"https://www.wenku8.net/book/84.htm","title+author","奇幻贵公子(恶灵猎人)","小野不由美","讲谈社","已完结/ 已动画化","2010-07-20","759K","奇幻 悬疑 冒险 惊悚 女性视角","http://img.wenku8.com/image/0/84/84s.jpg","谷山麻衣是个能在睡梦中预言或感应许多难以理解的事情的少女，她参加了学校一个社团－…"
"https://raw.githubusercontent.com/ixinzhi/lightnovel-2009to2013/master/九罚的恶魔召唤术 - 折口良乃 - 20100714.epub",880,"https://www.wenku8.net/book/880.htm","title+author","九罚的恶魔召唤术","折口良乃","电击文库","连载中","2010-07-14","106K","奇幻 战斗 悬疑 后宫 妹妹 人外","http://img.wenku8.com/image/0/880/880s.jpg","在极东发生的『天草之乱』，由天草四郎所率领的天主教打倒了幕府军，建立起的巨大教堂…"
"https://raw.githubusercontent.com/ixinzhi/lightnovel-2009to2013/master/幽灵勇者 - 神代创 - 20100712.epub",475,"https://www.wenku8.net/book/475.htm","title+author","幽灵勇者","神代创","Fami通文库","已完结","2010-07-12","226K","奇幻 冒险 战斗 恋爱 人外","http://img.wenku8.com/image/0/475/475s.jpg","伊佛瓦尔—在这个大海漂浮着无数岛屿的世界里，有个十三岁的少女。玛罗妮。她是个接受…"
"https://raw.githubusercontent.com/ixinzhi/lightnovel-2009to2013/master/镇魂系列 - 北泽大辅 - 20100707.epub",29,"https://www.wenku8.net/book/29.htm","title+author","镇魂系列","北泽大辅","集英社","已完结","2010-07-07","555K","校园 奇幻 欢乐向 后宫 青梅竹马","http://img.wenku8.com/image/0/29/29s.jpg","苇原音矢是在乡下的县立高中就读的普通少年，每天与青梅竹马来栖真那实一起享受著校园…"
"https://raw.githubusercontent.com/ixinzhi/lightnovel-2009to2013/master/黑执事官方小说 - 枢梁 - 20100707.epub",664,"https://www.wenku8.net/book/664.htm","title+author","黑执事官方小说","枢梁","其他文库","已完结/ 已动画化","2010-07-07","115K","奇幻 悬疑 耽美","http://img.wenku8.com/image/0/664/664s.jpg","漫画版作者枢梁力荐佳作！动画版同步发售！热评如潮不可错过！
年仅12岁的夏尔，不仅拥…"
"https://raw.githubusercontent.com/ixinzhi/lightnovel-2009to2013/master/斩鬼夜鸟子 - 树田省治 - 20100705.epub",382,"https://www.wenku8.net/book/382.htm","title+author","斩鬼夜鸟子","树田省治","Fami通文库","已完结","2010-07-05","620K","校园 奇幻 战斗 冒险 恋爱 青梅竹马","http://img.wenku8.com/image/0/382/382s.jpg","普通的高二男生久远久，在某天突然发现到自己的青梅竹马桂木驹子有了奇特的改变，她不…"
"https://raw.githubusercontent.com/ixinzhi/lightnovel-2009to2013/master/KILLER QUEEN(杀手女王) - FLAT - 20100628.epub",853,"https://www.wenku8.net/book/853.htm","title+author","KILLER QUEEN(杀手女王)","FLAT","其他文库","连载中","2010-06-28","392K","悬疑 斗智 游戏 大逃杀 猎奇","http://img.wenku8.com/image/0/853/853s.jpg","被封闭的公馆——黑暗的游戏在那里展开。
被疯狂所侵蚀的少女们的心。
被封锁的废墟…"
"https://raw.githubusercontent.com/ixinzhi/lightnovel-2009to2013/master/阴阳师 - 梦枕貘 - 20100622.epub",872,"https://www.wenku8.net/book/872.htm","title+author","阴阳师","梦枕貘","其他文库","连载中/ 已动画化","2010-06-22","540K","奇幻 冒险 战斗 悬疑","http://img.wenku8.com/image/0/872/872s.jpg","《阴阳师》是梦枕貘最负盛名的作品，以幽暗遥远的平安时代为背景，虚构了一个神秘典雅…"
"https://raw.githubusercontent.com/ixinzhi/lightnovel-2009to2013/master/机动战士高达SEED ASTRAY - 千叶智宏 - 20100620.epub",870,"https://www.wenku8.net/book/870.htm","title+author","机动战士高达SEED ASTRAY","千叶智宏","角川文库","已完结","2010-06-20","149K","科幻 机战 战争","http://img.wenku8.com/image/0/870/870s.jpg","高达SEED外传官方小说…"
"https://raw.githubusercontent.com/ixinzhi/lightnovel-2009to2013/master/机动战士高达SEED DESTINY - 后藤柳 - 20100620.epub",869,"https://www.wenku8.net/book/869.htm","title+author","机动战士高达SEED DESTINY","后藤柳","角川文库","已完结/ 已动画化","2010-06-20","699K","科幻 机战 战争","http://img.wenku8.com/image/0/869/869s.jpg","伤痛尚未平息，新的战火又开始点燃！
    CE73年，扎伏特军与地球联合军停战的两…"
"https://raw.githubusercontent.com/ixinzhi/lightnovel-2009to2013/master/海贼王剧场小说 - 滨崎达也 - 20100619.epub",605,"https://www.wenku8.net/book/605.htm","title+author","海贼王剧场小说","滨崎达也","集英社","连载中/ 已动画化","2010-06-19","605K","奇幻 旅行 冒险 战斗","http://img.wenku8.com/image/0/605/605s.jpg","蒙奇.D.路飞为了要成为海盗王而向着“伟大航路”进发的“橡皮果实”超能力者。罗罗诺亚…"
"https://raw.githubusercontent.com/ixinzhi/lightnovel-2009to2013/master/犬夜叉官方小说 - 金春智子 - 20100619.epub",867,"https://www.wenku8.net/book/867.htm","title+author","犬夜叉官方小说","金春智子","小学馆","已完结/ 已动画化","2010-06-19","70K","穿越 奇幻 冒险 战斗 恋爱","http://img.wenku8.com/image/0/867/867s.jpg","在妖怪跋扈横行的战国乱世中，从现代穿越时空的少女阿篱，遇上了希望能彻底成为妖怪、…"
"https://raw.githubusercontent.com/ixinzhi/lightnovel-2009to2013/master/本格萌童话 - 本田透 - 20100618.epub",866,"https://www.wenku8.net/book/866.htm","title+author","本格萌童话","本田透","其他文库","已完结","2010-06-18","96K","欢乐向","http://img.wenku8.com/image/0/866/866s.jpg","为男人而写的格林童话。
白雪公主其实是天然呆！？
灰姑娘是眼镜娘！？
将充满著各…"
"https://raw.githubusercontent.com/ixinzhi/lightnovel-2009to2013/master/机动战士高达00 - 木村畅 - 20100618.epub",864,"https://www.wenku8.net/book/864.htm","title+author","机动战士高达00","木村畅","角川文库","连载中/ 已动画化","2010-06-18","219K","科幻 机战 战争","http://img.wenku8.com/image/0/864/864s.jpg","战争还在继续!!!
三大国家同盟对外号称军事演习，实际上是在进行暗中策划抓捕高达的行…"
"https://raw.githubusercontent.com/ixinzhi/lightnovel-2009to2013/master/机动战士高达00P - 千叶智宏 - 20100618.epub",865,"https://www.wenku8.net/book/865.htm","title+author","机动战士高达00P","千叶智宏","电击文库","已完结/ 已动画化","2010-06-18","123K","科幻 机战 战争","http://img.wenku8.com/image/0/865/865s.jpg","2302年，天人的活动进入新的阶段。
描写天人过去的官方外传，世代转移至动画本篇（第…"
"https://raw.githubusercontent.com/ixinzhi/lightnovel-2009to2013/master/网球王子 - 影山由美 - 20100617.epub",863,"https://www.wenku8.net/book/863.htm","title+author","网球王子","影山由美","集英社","已完结/ 已动画化","2010-06-17","181K","校园 青春 竞技","http://img.wenku8.com/image/0/863/863s.jpg","越前龙马是个曾经在美国夺得青少年网球四连霸的网球高手，惯用左手，故事就从龙马进入…"
"https://raw.githubusercontent.com/ixinzhi/lightnovel-2009to2013/master/GTO麻辣教师 - 相泽春吉、藤泽亨 - 20100616.epub",862,"https://www.wenku8.net/book/862.htm","title+author","GTO麻辣教师","相泽春吉、藤泽亨","讲谈社","已完结/ 已动画化","2010-06-16","273K","校园 青春 恋爱 欢乐向 JC","http://img.wenku8.com/image/0/862/862s.jpg","地球上一所最烂的学校一群最COOL的学生一个最“麻辣”的老师上演一番最搞笑最惊心…"
"https://raw.githubusercontent.com/ixinzhi/lightnovel-2009to2013/master/空之轨迹剧情小说 - FALCOM - 20100616.epub",861,"https://www.wenku8.net/book/861.htm","title+author","空之轨迹剧情小说","FALCOM","游戏剧本","已完结","2010-06-16","711K","科幻 冒险 战斗","http://img.wenku8.com/image/0/861/861s.jpg","新的时代，人们生活是靠一种叫做导力器的技术所支撑着。50年前，导力革命所带来的导力…"
"https://raw.githubusercontent.com/ixinzhi/lightnovel-2009to2013/master/最游记官方小说 - みさぎ圣 - 20100615.epub",859,"https://www.wenku8.net/book/859.htm","title+author","最游记官方小说","みさぎ圣","一迅社","已完结/ 已动画化","2010-06-15","83K","奇幻 冒险 战斗","http://img.wenku8.com/image/0/859/859s.jpg","四个吵吵闹闹的师徒，在人和妖之间，为了自己的坚持，向西方去。其实，在中国的《…"
"https://raw.githubusercontent.com/ixinzhi/lightnovel-2009to2013/master/鹫见原莺的论证 - 久住四季 - 20100615.epub",860,"https://www.wenku8.net/book/860.htm","title+author","鹫见原莺的论证","久住四季","电击文库","已完结","2010-06-15","120K","校园 悬疑 奇幻 恋爱","http://img.wenku8.com/image/0/860/860s.jpg","莺是名奇特的少女。成天窝在图书室里，从未在教室露过面。但她考试成绩却总是满分。不…"
"https://raw.githubusercontent.com/ixinzhi/lightnovel-2009to2013/master/重力小丑 - 伊坂幸太郎 - 20100614.epub",856,"https://www.wenku8.net/book/856.htm","title+author","重力小丑","伊坂幸太郎","其他文库","已完结","2010-06-14","179K","悬疑 青春","http://img.wenku8.com/image/0/856/856s.jpg","一连串动机不明的纵火案、火场附近不约而同出现的涂鸦艺术，两者有何关联？谜样的涂鸦…"
"https://raw.githubusercontent.com/ixinzhi/lightnovel-2009to2013/master/轻小说社 - 平坂读 - 20100613.epub",417,"https://www.wenku8.net/book/417.htm","title+author","轻小说社","平坂读","MF文库J","已完结","2010-06-13","250K","校园 青春 欢乐向 后宫 青梅竹马","http://img.wenku8.com/image/0/417/417s.jpg","物部文香是个非常非常普通的高一女生。进了高中一个星期，还是过着跟以往一样毫无特色…"
"https://raw.githubusercontent.com/ixinzhi/lightnovel-2009to2013/master/夏日大作战 - 岩井恭平 - 20100612.epub",854,"https://www.wenku8.net/book/854.htm","title+author","夏日大作战","岩井恭平","角川文库","","","","科幻 青春 恋爱","http://img.wenku8.com/image/0/854/854s.jpg","「拜托你，假装当我的未婚夫四天吧９
小矶健二受到心仪的学姊筱原夏希拜托，与她一起…"
"https://raw.githubusercontent.com/ixinzhi/lightnovel-2009to2013/master/情归故里 - Alco Entertainment - 20100611.epub",851,"https://www.wenku8.net/book/851.htm","title+author","情归故里","Alco Entertainment","游戏剧本","已完结","2010-06-11","823K","青春 恋爱 后宫 青梅竹马","http://img.wenku8.com/image/0/851/851s.jpg","(游戏剧情线程 纯爱版)
故事发生在一座名为“姬神岛”的偏僻小岛上。在岛上出生的主人…"
"https://raw.githubusercontent.com/ixinzhi/lightnovel-2009to2013/master/战国婆娑罗 - 司马辽太郎 - 20100610.epub",850,"https://www.wenku8.net/book/850.htm","title+author","战国婆娑罗","司马辽太郎","其他文库","已完结","2010-06-10","258K","战争","http://img.wenku8.com/image/0/850/850s.jpg","《战国无双》、《信长之野望》等诸多热门游戏的背景导玩小说！
多达十个优秀短篇25万…"
"https://raw.githubusercontent.com/ixinzhi/lightnovel-2009to2013/master/暗黑童话 - 乙一 - 20100609.epub",848,"https://www.wenku8.net/book/848.htm","title+author","暗黑童话","乙一","集英社","已完结","2010-06-09","137K","奇幻 悬疑 黑暗","http://img.wenku8.com/image/0/848/848s.jpg","因为一场意外失去左眼的高二女孩菜深，也同时丧失了记忆。
在接受眼球移植手术之后，…"
"https://raw.githubusercontent.com/ixinzhi/lightnovel-2009to2013/master/络新妇之理 - 京极夏彦 - 20100608.epub",846,"https://www.wenku8.net/book/846.htm","title+author","络新妇之理","京极夏彦","其他文库","已完结","2010-06-08","529K","奇幻 悬疑","http://img.wenku8.com/image/0/846/846s.jpg","贵族女校里身负蜘蛛的黑圣母，在月圆之夜聆听咒杀的愿望；
豪富家族世代居住在蜘蛛网公…"
"https://raw.githubusercontent.com/ixinzhi/lightnovel-2009to2013/master/叛逆的鲁路修外传 - 朝香祥 - 20100608.epub",847,"https://www.wenku8.net/book/847.htm","title+author","叛逆的鲁路修外传","朝香祥","角川文库","已完结","2010-06-08","122K","校园 青春 欢乐向","http://img.wenku8.com/image/0/847/847s.jpg","位于东京租界内的阿什弗德学园，从创立以来便对不列颠尼亚人、荣誉不列颠尼亚人及日本…"
"https://raw.githubusercontent.com/ixinzhi/lightnovel-2009to2013/master/伤与不伤 HURTLESS HURTFUL - 清水真理子 - 20100607.epub",844,"https://www.wenku8.net/book/844.htm","title+author","伤与不伤 HURTLESS HURTFUL","清水真理子","MF文库J","已完结","2010-06-07","97K","校园 青春 恋爱","http://img.wenku8.com/image/0/844/844s.jpg","「──我是心里逃狱出来的。现在没有地方可以去，你能帮我找地方躲吗？」待中玲夫是一…"
"https://raw.githubusercontent.com/ixinzhi/lightnovel-2009to2013/master/魔女学生会长 - 日日日 - 20100607.epub",843,"https://www.wenku8.net/book/843.htm","title+author","魔女学生会长","日日日","MF文库J","连载中","2010-06-07","109K","校园 青春 冒险","http://img.wenku8.com/image/0/843/843s.jpg","“在这学园中，要做什么都可以，但不准忤逆学生会长１这是在接纳各种学生的无法地带+帝…"
"https://raw.githubusercontent.com/ixinzhi/lightnovel-2009to2013/master/夜明前的琉璃色 - 杂贺匡 - 20100607.epub",31,"https://www.wenku8.net/book/31.htm","title+author","夜明前的琉璃色","杂贺匡","其他文库","已完结/ 已动画化","2010-06-07","462K","校园 科幻 后宫 青梅竹马 妹妹","http://img.wenku8.com/image/0/31/31s.jpg","(官方小说 全年龄河蟹版)
很久以前，移民月球的人类与地球母星产生矛盾进而发生战争，…"
"https://raw.githubusercontent.com/ixinzhi/lightnovel-2009to2013/master/SHUFFLE!官方小说 - 小形圣史 - 20100606.epub",840,"https://www.wenku8.net/book/840.htm","title+author","SHUFFLE!官方小说","小形圣史","角川文库","连载中/ 已动画化","2010-06-06","61K","校园 奇幻 青春 欢乐向 后宫","http://img.wenku8.com/image/0/840/840s.jpg","那里是一间纯白色的房间，没有窗子也没有照明，家具就唯有一张被放置在中间的椅子。
…"
"https://raw.githubusercontent.com/ixinzhi/lightnovel-2009to2013/master/SHUFFLE! - Navel - 20100606.epub",841,"https://www.wenku8.net/book/841.htm","title+author","SHUFFLE!","Navel","游戏剧本","已完结","2010-06-06","148K","校园 奇幻 欢乐向 后宫 青梅竹马 人外","http://img.wenku8.com/image/0/841/841s.jpg","(游戏线程剧情 纯爱版)
神族、魔族、人类，三个不同的种族和世界，有一天通过一扇“门…"
"https://raw.githubusercontent.com/ixinzhi/lightnovel-2009to2013/master/遥远时空3 - KOEI - 20100604.epub",838,"https://www.wenku8.net/book/838.htm","title+author","遥远时空3","KOEI","游戏剧本","已完结/ 已动画化","2010-06-04","672K","穿越 奇幻 战斗 恋爱 青梅竹马 女性视角","http://img.wenku8.com/image/0/838/838s.jpg","(游戏线程剧情)
本作与前两代不同，不再只是借用平安时代的背景所创造出的模糊时段，…"
"https://raw.githubusercontent.com/ixinzhi/lightnovel-2009to2013/master/人间失格 - 太宰治 - 20100604.epub",836,"https://www.wenku8.net/book/836.htm","title+author","人间失格","太宰治","其他文库","已完结","2010-06-04","59K","青春 黑暗","http://img.wenku8.com/image/0/836/836s.jpg","《人间失格》发表于1948年，是一部自传体的小说，纤细的自传体中透露出极致的颓废，毁…"
"https://raw.githubusercontent.com/ixinzhi/lightnovel-2009to2013/master/Tears to Tiara(提亚拉之泪) - LEAF - 20100603.epub",832,"https://www.wenku8.net/book/832.htm","title+author","Tears to Tiara(提亚拉之泪)","LEAF","游戏剧本","已完结/ 已动画化","2010-06-03","283K","奇幻 冒险 战斗 后宫","http://img.wenku8.com/image/0/832/832s.jpg","(游戏线程剧情 河蟹版)
曾经…有着黄金时代、白银时代、青铜时代。
“青铜的时代”终…"
"https://raw.githubusercontent.com/ixinzhi/lightnovel-2009to2013/master/机动战士高达0080 口袋中的战争 - 结城恭介 - 20100603.epub",833,"https://www.wenku8.net/book/833.htm","title+author","机动战士高达0080 口袋中的战争","结城恭介","角川文库","已完结/ 已动画化","2010-06-03","86K","科幻 机战 战争","http://img.wenku8.com/image/0/833/833s.jpg","U.C.0079年12月，由吉恩公国挑起的一年战争已进入最后的阶段，人们都已看到吉恩的…"
"https://raw.githubusercontent.com/ixinzhi/lightnovel-2009to2013/master/七都市物语 - 田中芳树 - 20100602.epub",828,"https://www.wenku8.net/book/828.htm","title+author","七都市物语","田中芳树","其他文库","已完结/ 已动画化","2010-06-02","116K","科幻 战争","http://img.wenku8.com/image/0/828/828s.jpg","2086年，地球两极发生逆转，地球人类全灭，只有居住在月球的人类幸存下来，并在地磁稳…"
"https://raw.githubusercontent.com/ixinzhi/lightnovel-2009to2013/master/To Heart 2 - LEAF - 20100601.epub",826,"https://www.wenku8.net/book/826.htm","title+author","To Heart 2","LEAF","游戏剧本","已完结/ 已动画化","2010-06-01","1656K","校园 青春 恋爱 后宫 青梅竹马","http://img.wenku8.com/image/0/826/826s.jpg","(游戏线程剧情 纯爱版)
《TO HEART2》的世界是现实的，平和的。没有很多所谓的宿命，也…"
"https://raw.githubusercontent.com/ixinzhi/lightnovel-2009to2013/master/恐怖宠物店 - 秋乃茉莉 - 20100601.epub",825,"https://www.wenku8.net/book/825.htm","title+author","恐怖宠物店","秋乃茉莉","其他文库","已完结","2010-06-01","130K","奇幻 悬疑","http://img.wenku8.com/image/0/825/825s.jpg","其实这是一部篇篇都是有点想让人掉眼泪的寓言故事。
恐怖的不是宠物是人，人心的贪求…"
"https://raw.githubusercontent.com/ixinzhi/lightnovel-2009to2013/master/侦探神话系列 - 清凉院流水 - 20100601.epub",824,"https://www.wenku8.net/book/824.htm","title+author","侦探神话系列","清凉院流水","讲谈社","已完结","2010-06-01","792K","悬疑 犯罪 猎奇","http://img.wenku8.com/image/0/824/824s.jpg","一年当中要在密室杀害“12OO人”，这个被送到警方手上、前所未闻的犯罪预告在现实生活…"
"https://raw.githubusercontent.com/ixinzhi/lightnovel-2009to2013/master/樱花大战3前传 巴黎前夜 - あかほりさとる - 20100531.epub",820,"https://www.wenku8.net/book/820.htm","title_only","樱花大战3前传 巴黎前夜","あかほりさとる","富士见文库","已完结/ 已动画化","2010-05-31","86K","冒险 战斗 后宫","http://img.wenku8.com/image/0/820/820s.jpg","一艘标准的客轮，有两点是必不可少的：拥有能够给旅客们“绝对不会沉没”的信赖感和安…"
"https://raw.githubusercontent.com/ixinzhi/lightnovel-2009to2013/master/黑死馆杀人事件 - 小栗虫太郎 - 20100530.epub",818,"https://www.wenku8.net/book/818.htm","title+author","黑死馆杀人事件","小栗虫太郎","其他文库","已完结","2010-05-30","199K","奇幻 悬疑","http://img.wenku8.com/image/0/818/818s.jpg","日本四大推理奇书之一
降矢木，一个神秘、充满谜团的家族，居住在神奈川县一栋满溢妖…"
"https://raw.githubusercontent.com/ixinzhi/lightnovel-2009to2013/master/120元系列 - 片冈智晴 - 20100530.epub",815,"https://www.wenku8.net/book/815.htm","title+author","120元系列","片冈智晴","其他文库","已完结","2010-05-30","167K","校园 青春 恋爱 后宫","http://img.wenku8.com/image/0/815/815s.jpg","戏讲述作为主角的某青年厌倦了现代社会的生活，于是在乡下买了一个田舍。在这里他…"
"https://raw.githubusercontent.com/ixinzhi/lightnovel-2009to2013/master/幻想传说 沉寂的历史 - 祭紀 りゅーじ - 20100530.epub",817,"https://www.wenku8.net/book/817.htm","title_only","幻想传说 沉寂的历史","祭纪りゅーじ","电击文库","连载中/ 已动画化","2010-05-30","91K","奇幻 魔法 战斗 冒险 恋爱","http://img.wenku8.com/image/0/817/817s.jpg","有一天，住在托堤斯村（トーティスの村）的克雷斯与往常一样，和友人切斯塔一起到南之…"
"https://raw.githubusercontent.com/ixinzhi/lightnovel-2009to2013/master/不适合少女的职业 - 樱庭一树 - 20100530.epub",814,"https://www.wenku8.net/book/814.htm","title+author","不适合少女的职业","樱庭一树","其他文库","已完结","2010-05-30","86K","悬疑 犯罪 青春 黑暗","http://img.wenku8.com/image/0/814/814s.jpg","人什么时候会变成怪物？又是什么时候失去幸福的呢？
“小葵，我教你一个绝不会被抓到…"
"https://raw.githubusercontent.com/ixinzhi/lightnovel-2009to2013/master/匣中的失乐 - 竹本健治 - 20100530.epub",813,"https://www.wenku8.net/book/813.htm","title+author","匣中的失乐","竹本健治","其他文库","已完结","2010-05-30","275K","悬疑 犯罪","http://img.wenku8.com/image/0/813/813s.jpg","日本四大推理奇书之一
现实与虚构交互的梦幻名作、说影响新本格派深远的超推理小说杰…"
"https://raw.githubusercontent.com/ixinzhi/lightnovel-2009to2013/master/红线 绊之记忆 - 远谷凑 - 20100528.epub",806,"https://www.wenku8.net/book/806.htm","title+author","红线 绊之记忆","远谷凑","其他文库","已完结","2010-05-28","115K","青春 恋爱 百合","http://img.wenku8.com/image/0/806/806s.jpg","少女羽藤桂自幼丧父，一手由母亲抚养成人。
当她母亲去世后，她偶然得知已故父亲老家…"
"https://raw.githubusercontent.com/ixinzhi/lightnovel-2009to2013/master/Summer Days(日在夏天) - 冈田留奈 - 20100528.epub",807,"https://www.wenku8.net/book/807.htm","title+author","Summer Days(日在夏天)","冈田留奈","其他文库","已完结","2010-05-28","49K","青春 恋爱 后宫","http://img.wenku8.com/image/0/807/807s.jpg","school days(日在校园)续作
光是在远方遥望，就已经心满意足……
这才不是恋爱。
因…"
"https://raw.githubusercontent.com/ixinzhi/lightnovel-2009to2013/master/他人事 - 平山梦明 - 20100528.epub",803,"https://www.wenku8.net/book/803.htm","title+author","他人事","平山梦明","集英社","已完结","2010-05-28","105K","悬疑 惊悚 黑暗","http://img.wenku8.com/image/0/803/803s.jpg","遇到有人发生车祸却漠不关心还看一旁看笑话的男人。
决心杀害有暴力倾向的茧居儿子并…"
"https://raw.githubusercontent.com/ixinzhi/lightnovel-2009to2013/master/新橙路 - 松本泉 - 20100528.epub",809,"https://www.wenku8.net/book/809.htm","title_only","新古灵精怪(新橙路)","寺田宪史","集英社","已完结/ 已动画化","2010-05-28","190K","穿越 青春 恋爱","http://img.wenku8.com/image/0/809/809s.jpg","公寓仍然伫立在原来的地方，但一看住户名牌，我瞬间昏眩起来。因为三〇七号室并没有春…"
"https://raw.githubusercontent.com/ixinzhi/lightnovel-2009to2013/master/满月之夜白鲸现 - 片山恭一 - 20100528.epub",808,"https://www.wenku8.net/book/808.htm","title+author","满月之夜白鲸现","片山恭一","小学馆","已完结","2010-05-28","70K","青春 恋爱","http://img.wenku8.com/image/0/808/808s.jpg","冷静地想一想吧！
公寓的一个房间里只有两个人，连被褥都铺好了，理应是犯错误的时候…"
"https://raw.githubusercontent.com/ixinzhi/lightnovel-2009to2013/master/完美无缺的名侦探 - 西泽保彦 - 20100528.epub",805,"https://www.wenku8.net/book/805.htm","title+author","完美无缺的名侦探","西泽保彦","讲谈社","已完结","2010-05-28","174K","悬疑","http://img.wenku8.com/image/0/805/805s.jpg","“只要点头附和，就能解决案件？”
让人忍不住大叫“居然有这种推理小说１的究极安乐…"
"https://raw.githubusercontent.com/ixinzhi/lightnovel-2009to2013/master/最后开的花 - 片山恭一 - 20100528.epub",804,"https://www.wenku8.net/book/804.htm","title+author","最后开的花","片山恭一","小学馆","已完结","2010-05-28","117K","恋爱","http://img.wenku8.com/image/0/804/804s.jpg","关于爱与死，还有这之外的其他……
二十年后再次相遇的大学故友，决定结束自己的生命…"
"https://raw.githubusercontent.com/ixinzhi/lightnovel-2009to2013/master/在遥远彼方的小千 - 日日日 - 20100527.epub",798,"https://www.wenku8.net/book/798.htm","title+author","在遥远彼方的小千","日日日","其他文库","已完结","2010-05-27","69K","校园 奇幻 青春 恋爱","http://img.wenku8.com/image/0/798/798s.jpg","一直以为，我是小千在这世上唯一的牵绊，是她最真心的朋友。
但后来才发现、没有她，…"
"https://raw.githubusercontent.com/ixinzhi/lightnovel-2009to2013/master/世界在你不知道的地方运转 - 片山恭一 - 20100527.epub",797,"https://www.wenku8.net/book/797.htm","title+author","世界在你不知道的地方运转","片山恭一","其他文库","已完结","2010-05-27","113K","青春 恋爱","http://img.wenku8.com/image/0/797/797s.jpg","《在世界中心呼唤爱》创造了日本文学史上一个奇绩，成为销售量最高的一部长篇小说。
…"
"https://raw.githubusercontent.com/ixinzhi/lightnovel-2009to2013/master/倘若我在彼岸 - 片山恭一 - 20100527.epub",799,"https://www.wenku8.net/book/799.htm","title+author","倘若我在彼岸","片山恭一","小学馆","已完结","2010-05-27","91K","青春 恋爱","http://img.wenku8.com/image/0/799/799s.jpg","本书由三个看似独立实则相通的凄美的爱情故事组成。
主人公是老师，都喜欢某种运动，…"
"https://raw.githubusercontent.com/ixinzhi/lightnovel-2009to2013/master/我的男人 - 樱庭一树 - 20100527.epub",800,"https://www.wenku8.net/book/800.htm","title+author","我的男人","樱庭一树","其他文库","已完结","2010-05-27","171K","悬疑 黑暗","http://img.wenku8.com/image/0/800/800s.jpg","优雅却总带着落魄寒酸的腐野淳悟，在二十五岁的年轻时期，收养了在九岁时因震灾失去家…"
"https://raw.githubusercontent.com/ixinzhi/lightnovel-2009to2013/master/空中骑士系列 - 森博嗣 - 20100526.epub",365,"https://www.wenku8.net/book/365.htm","title+author","空中骑士系列","森博嗣","其他文库","已完结/ 已动画化","2010-05-26","321K","科幻 战争 冒险","http://img.wenku8.com/image/0/365/365s.jpg","我身为战斗机的飞行员，开飞机是日常生活的一部分，而杀人则是最重要的工作。
我用杀…"
"https://raw.githubusercontent.com/ixinzhi/lightnovel-2009to2013/master/华莱士人鱼 - 岩井俊二 - 20100525.epub",791,"https://www.wenku8.net/book/791.htm","title+author","华莱士人鱼","岩井俊二","角川文库","已完结","2010-05-25","183K","科幻 恋爱","http://img.wenku8.com/image/0/791/791s.jpg","19世纪末，香港。相传生物学家华莱士发现了一条怀孕的雌人鱼，对其进行研究。
好友之…"
"https://raw.githubusercontent.com/ixinzhi/lightnovel-2009to2013/master/前线任务4 - 秋津透 - 20100525.epub",793,"https://www.wenku8.net/book/793.htm","title+author","前线任务4","秋津透","其他文库","已完结","2010-05-25","226K","科幻 战争 机战","http://img.wenku8.com/image/0/793/793s.jpg","叙述近未来的世界，由各区域国家所联合而成的大型联邦所掌握。
零星的区域冲突不断，于…"
"https://raw.githubusercontent.com/ixinzhi/lightnovel-2009to2013/master/人间之剑 - 森村诚一 - 20100525.epub",792,"https://www.wenku8.net/book/792.htm","title+author","人间之剑","森村诚一","其他文库","已完结","2010-05-25","130K","战争","http://img.wenku8.com/image/0/792/792s.jpg","《人间之剑》，是森村诚一先生最新力作《人间三部曲》中的第一部。
他以雄浑的笔调给…"
"https://raw.githubusercontent.com/ixinzhi/lightnovel-2009to2013/master/异度传说 - NAMCO - 20100524.epub",788,"https://www.wenku8.net/book/788.htm","title+author","异度传说","NAMCO","其他文库","已完结/ 已动画化","2010-05-24","15K","科幻 战争 机战","http://img.wenku8.com/image/0/788/788s.jpg","星团联邦间权力的对抗，玩家将在战役中发现一桩不寻常的恐怖阴谋...人类在舍弃地球…"
"https://raw.githubusercontent.com/ixinzhi/lightnovel-2009to2013/master/魍魉之匣 - 京极夏彦 - 20100524.epub",243,"https://www.wenku8.net/book/243.htm","title+author","魍魉之匣","京极夏彦","讲谈社","已完结/ 已动画化","2010-05-24","376K","奇幻 悬疑","http://img.wenku8.com/image/0/243/243s.jpg","两个美貌且彷佛不食人间烟火的少女，相偕在夜里去湖边欣赏月光，其中一名少女却意外落…"
"https://raw.githubusercontent.com/ixinzhi/lightnovel-2009to2013/master/野猪大改造 - 白岩玄 - 20100524.epub",789,"https://www.wenku8.net/book/789.htm","title+author","野猪大改造","白岩玄","其他文库","已完结","2010-05-24","81K","校园 青春","http://img.wenku8.com/image/0/789/789s.jpg","高中转学生小谷信太，外号“野猪”，因为邋遢臃肿的外表而遭到同学的排挤。
又身为“…"
"https://raw.githubusercontent.com/ixinzhi/lightnovel-2009to2013/master/无人岛物语 - 铃木俊介 - 20100524.epub",790,"https://www.wenku8.net/book/790.htm","title+author","无人岛物语","铃木俊介","其他文库","已完结","2010-05-24","79K","冒险","http://img.wenku8.com/image/0/790/790s.jpg","高持慎一郎∶在日本考古学会中，以独自的假设想要解明古代文明史的异端学者，因为新的…"
"https://raw.githubusercontent.com/ixinzhi/lightnovel-2009to2013/master/机动战士高达ZZ - 远藤明吾 - 20100523.epub",779,"https://www.wenku8.net/book/779.htm","title+author","机动战士高达ZZ","远藤明吾","角川文库","已完结/ 已动画化","2010-05-23","218K","科幻 机战 战争","http://img.wenku8.com/image/0/779/779s.jpg","在这一系列重大变动造成的复杂局面中，代表联邦而战的军事组织奥古，在以布莱德为首的…"
"https://raw.githubusercontent.com/ixinzhi/lightnovel-2009to2013/master/机动战士高达W 无尽的华尔兹 - 隅泽克之 - 20100523.epub",781,"https://www.wenku8.net/book/781.htm","title+author","机动战士高达W 无尽的华尔兹","隅泽克之","角川文库","已完结/ 已动画化","2010-05-23","185K","科幻 机战 战争","http://img.wenku8.com/image/0/781/781s.jpg","这是发生在莉莉娜在山克王国，推动完全和平主义那段时期所发生的一段小插曲。“为…"
"https://raw.githubusercontent.com/ixinzhi/lightnovel-2009to2013/master/机动战士高达W 左手持镰，右手拥你 - 皆川由佳 - 20100523.epub",782,"https://www.wenku8.net/book/782.htm","title+author","机动战士高达W 左手持镰，右手拥你","皆川由佳","MF文库J","已完结","2010-05-23","94K","科幻 机战 战争","http://img.wenku8.com/image/0/782/782s.jpg","人称我为“死神”。 
在我的右手有一把镰刀， 
专门用来取人性命。 
那，我的左手该…"
"https://raw.githubusercontent.com/ixinzhi/lightnovel-2009to2013/master/机动战士高达W - 神代创 - 20100523.epub",783,"https://www.wenku8.net/book/783.htm","title+author","机动战士高达W","神代创","角川文库","已完结/ 已动画化","2010-05-23","470K","科幻 机战 战争","http://img.wenku8.com/image/0/783/783s.jpg","后行星世纪195年，支持地球联邦政府的罗姆费勒财团安插在联邦军内的精兵部队OZ正急…"
"https://raw.githubusercontent.com/ixinzhi/lightnovel-2009to2013/master/机动战士高达 逆袭的夏亚 - 富野由悠季 - 20100523.epub",784,"https://www.wenku8.net/book/784.htm","title+author","机动战士高达 逆袭的夏亚","富野由悠季","角川文库","已完结/ 已动画化","2010-05-23","123K","科幻 机战 战争","http://img.wenku8.com/image/0/784/784s.jpg","UC0093年，行踪不明的夏亚。阿兹纳布，复兴了新吉翁军，再一次向地球联邦政府挑战。为…"
"https://raw.githubusercontent.com/ixinzhi/lightnovel-2009to2013/master/在SouthBerry树下 - 原田宇陀儿 - 20100523.epub",778,"https://www.wenku8.net/book/778.htm","title+author","在SouthBerry树下","原田宇陀儿","其他文库","已完结","2010-05-23","43K","青春 悬疑","http://img.wenku8.com/image/0/778/778s.jpg","原田宇陀儿：小说家、游戏剧本作者。
游戏作品「白色相簿」中因为强烈个人特质而成名…"
"https://raw.githubusercontent.com/ixinzhi/lightnovel-2009to2013/master/机动战士高达0079 - 富野由悠季 - 20100523.epub",780,"https://www.wenku8.net/book/780.htm","title+author","机动战士高达0079","富野由悠季","角川文库","已完结/ 已动画化","2010-05-23","296K","科幻 机战 战争","http://img.wenku8.com/image/0/780/780s.jpg","宇宙世纪零零三五年，将位于火星与木星之间小行星群之中的""幽诺""搬移到月球轨道的计画正…"
"https://raw.githubusercontent.com/ixinzhi/lightnovel-2009to2013/master/邪道 - 川原翼 - 20100522.epub",775,"https://www.wenku8.net/book/775.htm","title+author","邪道","川原翼","讲谈社","已完结","2010-05-22","568K","奇幻 冒险 青梅竹马 耽美","http://img.wenku8.com/image/0/775/775s.jpg","有着光辉的美貌、背负着天界顶点责任的堤尔兰提亚。
活泼倔强、天界最年轻的南领武将…"
"https://raw.githubusercontent.com/ixinzhi/lightnovel-2009to2013/master/女神侧身像3 - 梅村崇 - 20100522.epub",776,"https://www.wenku8.net/book/776.htm","title+author","女神侧身像3","梅村崇","其他文库","已完结","2010-05-22","19K","奇幻 战争 复仇","http://img.wenku8.com/image/0/776/776s.jpg","发誓对神展开复仇的人埃
如果你的愿望中没有掺杂虚伪的话，就不要害怕犯下罪过而被黑暗…"
"https://raw.githubusercontent.com/ixinzhi/lightnovel-2009to2013/master/光速蒙面侠(冲锋21) - 稻垣理一郎 - 20100522.epub",777,"https://www.wenku8.net/book/777.htm","title_only","光速蒙面侠(冲锋21)","合作","集英社","已完结","2020-03-06","110K","青春 竞技","http://img.wenku8.com/image/0/777/777s.jpg","第一卷作者：长谷川胜己；第二卷作者：映岛巡
美式足球！
这足让美国两亿球迷疯狂的…"
"https://raw.githubusercontent.com/ixinzhi/lightnovel-2009to2013/master/宫本武藏 - 吉川英治 - 20100521.epub",773,"https://www.wenku8.net/book/773.htm","title+author","宫本武藏","吉川英治","其他文库","已完结","2010-05-21","1003K","战斗","http://img.wenku8.com/image/0/773/773s.jpg","主角武藏，终其一生皆在为这种本能之苦而战斗。宿命之苦永无止境，武藏生存在浩瀚无涯…"
"https://raw.githubusercontent.com/ixinzhi/lightnovel-2009to2013/master/美人 - 木原音濑 - 20100521.epub",774,"https://www.wenku8.net/book/774.htm","title+author","美人","木原音濑","其他文库","已完结","2010-05-21","129K","恋爱 伪娘 耽美","http://img.wenku8.com/image/0/774/774s.jpg","每个礼拜，松冈会找一天扮成美丽的女人上街，以吸引男人的目光为乐。
某天，以女装姿…"
"https://raw.githubusercontent.com/ixinzhi/lightnovel-2009to2013/master/少女爱上姐姐 - キャラメルBOX - 20100520.epub",771,"https://www.wenku8.net/book/771.htm","title+author","少女爱上姐姐","キャラメルBOX","游戏剧本","已完结","2010-05-20","2168K","校园 青春 恋爱 后宫 伪娘","http://img.wenku8.com/image/0/771/771s.jpg","(全年龄版 游戏线程剧情)
梅雨季节的间歇，柔和的阳光穿过林荫的缝隙，温柔地照射在湿…"
"https://raw.githubusercontent.com/ixinzhi/lightnovel-2009to2013/master/明日的雪之丞 - エルフ - 20100520.epub",772,"https://www.wenku8.net/book/772.htm","title_only","明日的雪之丞","エルフ","其他文库","已完结","2010-05-20","84K","校园 青春 恋爱","http://img.wenku8.com/image/0/772/772s.jpg","具有开朗活泼、天真浪漫、成绩红字等三大特点的无敌女孩「春日芹奈」谈恋爱了。
鹿岛学…"
"https://raw.githubusercontent.com/ixinzhi/lightnovel-2009to2013/master/秋之回忆5 - 日暮茶坊 - 20100519.epub",770,"https://www.wenku8.net/book/770.htm","title+author","秋之回忆5","日暮茶坊","Fami通文库","已完结/ 已动画化","2010-05-19","86K","校园 青春 恋爱","http://img.wenku8.com/image/0/770/770s.jpg","千羽谷大学二年级的学生河合春人，原本有著制作电影的梦想，然而1年前，有著同样梦…"
"https://raw.githubusercontent.com/ixinzhi/lightnovel-2009to2013/master/秋之回忆 - KID - 20100519.epub",769,"https://www.wenku8.net/book/769.htm","title+author","秋之回忆","KID","游戏剧本","已完结/ 已动画化","2010-05-19","1212K","校园 青春 恋爱 青梅竹马","http://img.wenku8.com/image/0/769/769s.jpg","秋天，悄然而至… 飘叶的季节里面，一场秋雨始终下着… 智也的梦里，那个始终带着…"
"https://raw.githubusercontent.com/ixinzhi/lightnovel-2009to2013/master/斜屋犯罪 - 岛田庄司 - 20100517.epub",767,"https://www.wenku8.net/book/767.htm","title+author","斜屋犯罪","岛田庄司","其他文库","已完结","2010-05-17","148K","悬疑 犯罪 惊悚","http://img.wenku8.com/image/0/767/767s.jpg","在日本最北端、可以俯瞰鄂霍次克海的悬崖上，有座造型奇特的建筑『流冰馆』，因为其怪…"
"https://raw.githubusercontent.com/ixinzhi/lightnovel-2009to2013/master/AS～天使小夜曲 - 日本工画堂工作室 - 20100517.epub",766,"https://www.wenku8.net/book/766.htm","title+author","AS～天使小夜曲","日本工画堂工作室","游戏剧本","已完结","2010-05-17","373K","奇幻 冒险 青春 恋爱","http://img.wenku8.com/image/0/766/766s.jpg","(游戏剧情线程 纯爱版)
啾、啾啾、啾啾啾。
树上的鸟儿清脆地唱着歌。荫郁的森林洒满…"
"https://raw.githubusercontent.com/ixinzhi/lightnovel-2009to2013/master/黑屋吊影 - 贵志佑介 - 20100517.epub",765,"https://www.wenku8.net/book/765.htm","title+author","黑屋吊影","贵志佑介","角川文库","已完结","2010-05-17","156K","悬疑 惊悚","http://img.wenku8.com/image/0/765/765s.jpg","昭和人寿保险公司的职员若槻慎二在上门处理一起投诉事件时落入圈套。
在阴森森的老宅…"
"https://raw.githubusercontent.com/ixinzhi/lightnovel-2009to2013/master/空想非科学读本 - 柳田理科雄 - 20100516.epub",763,"https://www.wenku8.net/book/763.htm","title+author","空想非科学读本","柳田理科雄","其他文库","已完结","2010-05-16","29K","脑洞 欢乐向 宅文化","http://img.wenku8.com/image/0/763/763s.jpg","大家现在准备看到的是柳田理科雄所长所写的另一本奇书，名为“空想非科学大全”。
《…"
"https://raw.githubusercontent.com/ixinzhi/lightnovel-2009to2013/master/机动战士高达外传 战栗之蓝 - 皆川由佳 - 20100516.epub",760,"https://www.wenku8.net/book/760.htm","title+author","机动战士高达外传 战栗之蓝","皆川由佳","角川文库","已完结","2010-05-16","118K","科幻 机战 战争","http://img.wenku8.com/image/0/760/760s.jpg","勇再次回想起她，已是多年之后的事了。
是的，确实是经过了很多年。
但绝不是将她忘…"
"https://raw.githubusercontent.com/ixinzhi/lightnovel-2009to2013/master/嫌疑犯X的献身 - 东野圭吾 - 20100516.epub",759,"https://www.wenku8.net/book/759.htm","title+author","嫌疑犯X的献身","东野圭吾","其他文库","已完结","2010-05-16","148K","悬疑 犯罪","http://img.wenku8.com/image/0/759/759s.jpg","在大学时代曾被誉为百年难得一见的数学天才石神，如今只是一名单身、不起眼的高中数学…"
"https://raw.githubusercontent.com/ixinzhi/lightnovel-2009to2013/master/关于莉莉周的一切 - 岩井俊二 - 20100515.epub",751,"https://www.wenku8.net/book/751.htm","title+author","关于莉莉周的一切","岩井俊二","角川文库","已完结","2010-05-15","60K","校园 音乐 青春 犯罪 黑暗","http://img.wenku8.com/image/0/751/751s.jpg","故事发生在田园风景广袤幽静的彼端。
默默忍受着同学欺负的莲见雄一，逐渐变得自闭孤…"
"https://raw.githubusercontent.com/ixinzhi/lightnovel-2009to2013/master/亲爱芳邻(家有色邻) - 金卷朋子 - 20100515.epub",753,"https://www.wenku8.net/book/753.htm","title+author","亲爱芳邻 苿莉惠篇(家有色邻)","金卷朋子","其他文库","已完结/ 已动画化","2010-05-15","93K","欢乐向 妹妹 青梅竹马 女性视角","http://img.wenku8.com/image/0/753/753s.jpg","为了保护邻居的香月姊姊，不被好色的哥哥勇治染指，茉莉惠今天也仍用熊宝宝里的机关枪…"
"https://raw.githubusercontent.com/ixinzhi/lightnovel-2009to2013/master/失落的奥德赛 千年之梦 - 重松清 - 20100515.epub",758,"https://www.wenku8.net/book/758.htm","title+author","失落的奥德赛 千年之梦","重松清","讲谈社","已完结","2010-05-15","152K","奇幻 冒险 战争","http://img.wenku8.com/image/0/758/758s.jpg","那是一个千年的梦。
不老不死的凯姆时常在梦中回溯自己长达千年的生命和旅程，那一张…"
"https://raw.githubusercontent.com/ixinzhi/lightnovel-2009to2013/master/女神异闻录2 罚 - ATLUS - 20100515.epub",755,"https://www.wenku8.net/book/755.htm","title+author","女神异闻录2 罚","ATLUS","游戏剧本","已完结","2010-05-15","38K","异能 战斗","http://img.wenku8.com/image/0/755/755s.jpg","罪终罚始
达哉、莉莎、荣吉和舞耶等人，利用召唤PERSONA的力量，在一个可以把传言变为…"
"https://raw.githubusercontent.com/ixinzhi/lightnovel-2009to2013/master/交响乐之雨 - 西川真音 - 20100515.epub",752,"https://www.wenku8.net/book/752.htm","title+author","交响乐之雨","西川真音","其他文库","已完结","2010-05-15","66K","校园 音乐 青春 恋爱","http://img.wenku8.com/image/0/752/752s.jpg","终年下雨不停的城市琵欧伯。
主角为了弹奏符德鲁琴而到了音乐学院，距离毕业演奏会不…"
"https://raw.githubusercontent.com/ixinzhi/lightnovel-2009to2013/master/火焰之纹章 - Intelligent Systems - 20100514.epub",744,"https://www.wenku8.net/book/744.htm","title+author","火焰之纹章","Intelligent Systems","其他文库","已完结","2010-05-14","121K","奇幻 战争","http://img.wenku8.com/image/0/744/744s.jpg","究竟这块大陆真正是从什么时候开始诞生，拥有多少年不为人知的历史？
这一点，至今也无…"
"https://raw.githubusercontent.com/ixinzhi/lightnovel-2009to2013/master/一切终将远去 - 山本文绪 - 20100514.epub",745,"https://www.wenku8.net/book/745.htm","title+author","一切终将远去","山本文绪","其他文库","已完结","2010-05-14","85K","青春","http://img.wenku8.com/image/0/745/745s.jpg","长大成人的同时，也逐渐萌生时光飞逝之感，所有事物都超乎想像地快速流逝，持续从双手…"
"https://raw.githubusercontent.com/ixinzhi/lightnovel-2009to2013/master/名侦探的规条 - 东野圭吾 - 20100514.epub",749,"https://www.wenku8.net/book/749.htm","title+author","名侦探的规条(名侦探的守则)","东野圭吾","其他文库","已完结","2010-05-14","118K","悬疑 欢乐向","http://img.wenku8.com/image/0/749/749s.jpg","《名侦探的规条》是日本作家东野圭吾的主题短篇集，里面收辑了十多篇从1990年到1995年…"
"https://raw.githubusercontent.com/ixinzhi/lightnovel-2009to2013/master/毕业前杀人游戏 - 东野圭吾 - 20100514.epub",748,"https://www.wenku8.net/book/748.htm","title+author","毕业前杀人游戏","东野圭吾","其他文库","已完结","2010-05-14","107K","悬疑 青春 黑暗 犯罪","http://img.wenku8.com/image/0/748/748s.jpg","沙都子。波香、祥子、华江。加贺、藤堂。华江等十人，是从高中到大学的好朋友。
如今…"
"https://raw.githubusercontent.com/ixinzhi/lightnovel-2009to2013/master/利比斯的翅膀 - 円山梦久 - 20100514.epub",747,"https://www.wenku8.net/book/747.htm","title+author","利比斯的翅膀","円山梦久","电击文库","已完结","2010-05-14","90K","奇幻 冒险","http://img.wenku8.com/image/0/747/747s.jpg","“你是格德家族正统的继承人。”那个人说了这句话之后，特鲁的命运彻底被改变了。
贫…"
"https://raw.githubusercontent.com/ixinzhi/lightnovel-2009to2013/master/装甲核心 - 神野淳一 - 20100513.epub",742,"https://www.wenku8.net/book/742.htm","title+author","装甲核心","神野淳一","其他文库","连载中","2010-05-13","10K","科幻 战争 机战","http://img.wenku8.com/image/0/742/742s.jpg","老迈的中将想着。没有比败战的将士更悲惨的集团了。把拿在手上的战力清单随手扔到…"
"https://raw.githubusercontent.com/ixinzhi/lightnovel-2009to2013/master/妖藩记鬼剑众 - 菊地秀行 - 20100513.epub",739,"https://www.wenku8.net/book/739.htm","title+author","妖藩记鬼剑众","菊地秀行","其他文库","已完结","2010-05-13","102K","奇幻 冒险 战斗","http://img.wenku8.com/image/0/739/739s.jpg","位于夕城藩附近，被妖气所围绕的八风山，频频传出失踪事件。就像民间传说一般，在这座…"
"https://raw.githubusercontent.com/ixinzhi/lightnovel-2009to2013/master/机动战士高达-第08MS小队 - 大河内一楼 - 20100513.epub",735,"https://www.wenku8.net/book/735.htm","title+author","机动战士高达-第08MS小队","大河内一楼","角川文库","连载中/ 已动画化","2010-05-13","76K","科幻 机战 战争","http://img.wenku8.com/image/0/735/735s.jpg","身体穿着全新的宇宙服，我正不断的跑着。跟平常一样的繁华街道，一心一意的跑在两旁有…"
"https://raw.githubusercontent.com/ixinzhi/lightnovel-2009to2013/master/电车男 - 中野独人 - 20100513.epub",741,"https://www.wenku8.net/book/741.htm","title+author","电车男","中野独人","其他文库","已完结","2010-05-13","150K","青春 恋爱","http://img.wenku8.com/image/0/741/741s.jpg","他，22岁，标准的动漫迷、网迷，不善与人交往，也从来没跟女孩子接触过。 一天，在…"
"https://raw.githubusercontent.com/ixinzhi/lightnovel-2009to2013/master/Never7(第七夜～无限轮回的终结～) - KID - 20100513.epub",743,"https://www.wenku8.net/book/743.htm","title+author","Never7(第七夜～无限轮回的终结～)","KID","游戏剧本","已完结","2010-05-13","997K","科幻 悬疑 冒险 恋爱","http://img.wenku8.com/image/0/743/743s.jpg","4月1日早晨，主人公石原诚从可怕的恶梦中醒来。阿诚做了一个这样的梦：……一个女孩子…"
"https://raw.githubusercontent.com/ixinzhi/lightnovel-2009to2013/master/旺达与巨像 - 上田文人 - 20100513.epub",737,"https://www.wenku8.net/book/737.htm","title+author","旺达与巨像","上田文人","其他文库","已完结","2010-05-13","22K","奇幻 冒险 战斗","http://img.wenku8.com/image/0/737/737s.jpg","旺达（Wanda）为了让一个女孩复活，不惜偷走部落的神器“往昔之剑”，来到被封印的禁忌…"
"https://raw.githubusercontent.com/ixinzhi/lightnovel-2009to2013/master/恐怖分子的阳伞 - 藤原伊织 - 20100513.epub",736,"https://www.wenku8.net/book/736.htm","title+author","恐怖分子的阳伞","藤原伊织","其他文库","已完结","2010-05-13","100K","悬疑 犯罪","http://img.wenku8.com/image/0/736/736s.jpg","故事开始于一起公园爆炸案，主人公菊池俊彦恰巧身在现场附近，而在众多的遇难者中，竟…"
"https://raw.githubusercontent.com/ixinzhi/lightnovel-2009to2013/master/少女星泉奇遇 - 赤川次郎 - 20100513.epub",740,"https://www.wenku8.net/book/740.htm","title+author","少女星泉奇遇","赤川次郎","角川文库","已完结","2010-05-13","116K","悬疑 青春 冒险","http://img.wenku8.com/image/0/740/740s.jpg","改编过日剧《水手服与机关枪》，扮演一位身穿清纯水手服却混迹江湖的黑帮大姐头。17岁…"
"https://raw.githubusercontent.com/ixinzhi/lightnovel-2009to2013/master/阴月的箭蔟 - 时海结以 - 20100512.epub",733,"https://www.wenku8.net/book/733.htm","title+author","阴月的箭蔟","时海结以","HJ文库","已完结","2010-05-12","77K","恋爱","http://img.wenku8.com/image/0/733/733s.jpg","狭野方与弓月两兄弟迎接了访客：来者是一位少女和她的兄长。
两人一同流亡到这个已荒…"
"https://raw.githubusercontent.com/ixinzhi/lightnovel-2009to2013/master/继父 - 宫部美雪 - 20100512.epub",729,"https://www.wenku8.net/book/729.htm","title+author","继父","宫部美雪","其他文库","已完结","2010-05-12","120K","悬疑 欢乐向","http://img.wenku8.com/image/0/729/729s.jpg","一个倒楣的小偷，莫名奇妙地当上了一对被父母抛弃的双胞胎兄弟的代理父亲。三人一同遭…"
"https://raw.githubusercontent.com/ixinzhi/lightnovel-2009to2013/master/死魂曲 - sony - 20100512.epub",732,"https://www.wenku8.net/book/732.htm","title+author","死魂曲","sony","其他文库","已完结","2010-05-12","57K","悬疑 惊悚 猎奇","http://img.wenku8.com/image/0/732/732s.jpg","《死魂曲》1，2代故事，虽然发生的时间地点人物不尽相同，但剧情是承接的，都是围绕着…"
"https://raw.githubusercontent.com/ixinzhi/lightnovel-2009to2013/master/马法尔年代记 - 田中芳树 - 20100512.epub",728,"https://www.wenku8.net/book/728.htm","title+author","马法尔年代记","田中芳树","其他文库","已完结","2010-05-12","325K","奇幻 战争 恋爱","http://img.wenku8.com/image/0/728/728s.jpg","大陆历1091年2月，「北方之雄」马法尔帝国正与邻国处于交战状态。在战场中，突然传来皇…"
"https://raw.githubusercontent.com/ixinzhi/lightnovel-2009to2013/master/天是红河岸 - 筱原千绘 - 20100512.epub",731,"https://www.wenku8.net/book/731.htm","title+author","天是红河岸","筱原千绘","少女文库","已完结","2010-05-12","46K","悬疑 恋爱","http://img.wenku8.com/image/0/731/731s.jpg","凯尔皇子感觉母亲——前皇后辛悌之死疑云重重，于是下令其弟——查南沙展开调查。
他逐…"
"https://raw.githubusercontent.com/ixinzhi/lightnovel-2009to2013/master/占星术杀人魔法 - 岛田庄司 - 20100511.epub",727,"https://www.wenku8.net/book/727.htm","title+author","占星术杀人魔法","岛田庄司","其他文库","已完结","2010-05-11","181K","悬疑","http://img.wenku8.com/image/0/727/727s.jpg","四十年前，一桩占星术连续杀人案件轰动全日本！
先是画家梅泽平吉在秘室被人重击致死…"
"https://raw.githubusercontent.com/ixinzhi/lightnovel-2009to2013/master/东京少年 - 渡边睦月 - 20100511.epub",724,"https://www.wenku8.net/book/724.htm","title+author","东京少年","渡边睦月","其他文库","已完结","2010-05-11","56K","青春 恋爱","http://img.wenku8.com/image/0/724/724s.jpg","（电影剧本小说）虽然就在身边，却不可能会相遇。虽然彼此思念，却不能相互守候。讲述…"
"https://raw.githubusercontent.com/ixinzhi/lightnovel-2009to2013/master/死亡笔记外传 - 西尾维新 - 20100511.epub",66,"https://www.wenku8.net/book/66.htm","title+author","死亡笔记外传","西尾维新","集英社","已完结","2010-05-11","346K","悬疑 犯罪","http://img.wenku8.com/image/0/66/66s.jpg","LA·BB连续杀人事件 日本官方以死亡笔记外传出版的小说,不过并非《DEATH NOTE》原作者…"
"https://raw.githubusercontent.com/ixinzhi/lightnovel-2009to2013/master/灼热的龙骑兵 - 田中芳树 - 20100510.epub",548,"https://www.wenku8.net/book/548.htm","title+author","灼热的龙骑兵","田中芳树","其他文库","已完结","2010-05-10","259K","科幻 战争","http://img.wenku8.com/image/0/548/548s.jpg","人类的发源之地。宇宙空间殖民地、内行星以及新行星等的出现，都表示着人类的生活圈明…"
"https://raw.githubusercontent.com/ixinzhi/lightnovel-2009to2013/master/青花传说 - 八原ゆうき - 20100508.epub",722,"https://www.wenku8.net/book/722.htm","title+author","青花传说","八原ゆうき","HJ文库","已完结","2010-05-08","84K","奇幻 战争 冒险 妹妹","http://img.wenku8.com/image/0/722/722s.jpg","经营锻冶屋的“逐风者”──凡与苏两兄妹，在停留于圣亚尔杰王国的期间，邂逅了女骑士…"
"https://raw.githubusercontent.com/ixinzhi/lightnovel-2009to2013/master/高达前哨战 - 高桥昌也 - 20100507.epub",719,"https://www.wenku8.net/book/719.htm","title+author","高达前哨战","高桥昌也","角川文库","已完结","2010-05-07","135K","科幻 战争 机战","http://img.wenku8.com/image/0/719/719s.jpg","自从人类过度繁衍，开始大批移居到人造太空都市——太空殖民地(space colony)以来，已…"
"https://raw.githubusercontent.com/ixinzhi/lightnovel-2009to2013/master/永远的艾塞莉娅 - 三田村半月 - 20100507.epub",717,"https://www.wenku8.net/book/717.htm","title+author","永远的艾塞莉娅","三田村半月","其他文库","已完结/ 已动画化","2010-05-07","182K","穿越 奇幻 战斗 后宫 妹妹","http://img.wenku8.com/image/0/717/717s.jpg","（全年龄河蟹版）
一个把现实中的人召唤到异世界的故事。
那个异世界的“动力源”是…"
"https://raw.githubusercontent.com/ixinzhi/lightnovel-2009to2013/master/自转地球仪世界 - 田中芳树 - 20100506.epub",715,"https://www.wenku8.net/book/715.htm","title+author","自转地球仪世界","田中芳树","其他文库","连载中","2010-05-06","284K","穿越 奇幻 冒险","http://img.wenku8.com/image/0/715/715s.jpg","“不好了！地球仪居然无缘无故地转了起来”和目前地球上之陆地形状大不相同的奇妙自转…"
"https://raw.githubusercontent.com/ixinzhi/lightnovel-2009to2013/master/茸姬 - 入间人间 - 20100428.epub",708,"https://www.wenku8.net/book/708.htm","title+author","茸姬","入间人间","其他文库","已完结","2010-04-28","30K","恋爱","/images/noimg.jpg","入间人间 短篇小说…"
"https://raw.githubusercontent.com/ixinzhi/lightnovel-2009to2013/master/魔神的游戏 - 岛田庄司 - 20100422.epub",703,"https://www.wenku8.net/book/703.htm","title+author","魔神的游戏","岛田庄司","其他文库","已完结","2010-04-22","201K","悬疑 惊悚","http://img.wenku8.com/image/0/703/703s.jpg","那是张女人苍白的脸，空洞的眼神看着前方，与她的头部连在一起的，却竟然是一只狗的身…"
"https://raw.githubusercontent.com/ixinzhi/lightnovel-2009to2013/master/手心里的太阳 - 岛津出水 - 20100418.epub",259,"https://www.wenku8.net/book/259.htm","title+author","手心里的太阳","岛津出水","其他文库","已完结","2010-04-18","199K","校园 异能 后宫 青梅竹马","http://img.wenku8.com/image/0/259/259s.jpg","故事发生在川水围绕的水乡镇。明生——一个每天无精打采，日复一日的少年。某天，在他…"
"https://raw.githubusercontent.com/ixinzhi/lightnovel-2009to2013/master/奴隶市场 - 菅沼恭司 - 20100417.epub",702,"https://www.wenku8.net/book/702.htm","title+author","奴隶市场","菅沼恭司","其他文库","已完结","2010-04-17","118K","战争 后宫","http://img.wenku8.com/image/0/702/702s.jpg","(全年龄河蟹版)
我——加西亚斯·吉雷·帕鲁维斯以一名伦巴第的威尼斯共和国贵族的身…"
"https://raw.githubusercontent.com/ixinzhi/lightnovel-2009to2013/master/日本沉没 - 小松左京 - 20100414.epub",701,"https://www.wenku8.net/book/701.htm","title+author","日本沉没","小松左京","其他文库","已完结/ 已动画化","2010-04-14","66K","科幻","http://img.wenku8.com/image/0/701/701s.jpg","田所雄介博士是一位地球物理学家。他直觉地认为，根据地震的观测数据，日本列岛将会有…"
"https://raw.githubusercontent.com/ixinzhi/lightnovel-2009to2013/master/CLANNAD SSS - 歌鸟 - 20100412.epub",674,"https://www.wenku8.net/book/674.htm","title+author","CLANNAD SSS","歌鸟","其他文库","已完结","2010-04-12","211K","校园 青春 恋爱 欢乐向","http://img.wenku8.com/image/0/674/674s.jpg","因为椋的占卜，而被判定“明天是十年一遇的大灾难日”的渚，为了避难，她做了很多防御…"
"https://raw.githubusercontent.com/ixinzhi/lightnovel-2009to2013/master/火车 - 宫部美雪 - 20100409.epub",694,"https://www.wenku8.net/book/694.htm","title+author","火车","宫部美雪","其他文库","已完结","2010-04-09","201K","悬疑 黑暗","http://img.wenku8.com/image/0/694/694s.jpg","“火车”。佛家用语，拉载生前为恶的亡灵驶往地狱的烈火之车。
停职期间的警察本间受…"
"https://raw.githubusercontent.com/ixinzhi/lightnovel-2009to2013/master/Narcissus 水仙花 - 片冈智晴 - 20100409.epub",474,"https://www.wenku8.net/book/474.htm","title+author","Narcissus 水仙花","片冈智晴","MF文库J","已完结","2010-04-09","94K","青春 恋爱","http://img.wenku8.com/image/0/474/474s.jpg","当生命终结的时刻不是五十年、六十年；不是二十年、十五年，而是将在一年，甚至数个月…"
"https://raw.githubusercontent.com/ixinzhi/lightnovel-2009to2013/master/女仆☆机关枪 - 将吉 - 20100409.epub",379,"https://www.wenku8.net/book/379.htm","title+author","女仆☆机关枪","将吉","其他文库","已完结","2010-04-09","80K","欢乐向 脑洞 宅文化","http://img.wenku8.com/image/0/379/379s.jpg","“我不会输的！虽然感觉快不行了１绽放在秋叶原的梦幻可爱女仆。
艾莉亚～～揭露女仆…"
"https://raw.githubusercontent.com/ixinzhi/lightnovel-2009to2013/master/新罗德斯岛战记 - 水野良 - 20100406.epub",689,"https://www.wenku8.net/book/689.htm","title+author","新罗德斯岛战记","水野良","角川文库","已完结","2010-04-06","631K","奇幻 魔法 战争","http://img.wenku8.com/image/0/689/689s.jpg","被任命为暗黑之岛玛莫的公王的年轻骑士史派克，在他坐上这个位置前经历过的许多邂逅及…"
"https://raw.githubusercontent.com/ixinzhi/lightnovel-2009to2013/master/罗德斯岛战记 - 水野良 - 20100406.epub",103,"https://www.wenku8.net/book/103.htm","title+author","罗德斯岛战记","水野良","角川文库","已完结/ 已动画化","2010-04-06","996K","奇幻 战争","http://img.wenku8.com/image/0/103/103s.jpg","魔神战争结束后三十年，马莫皇帝贝鲁特率领暗黑骑士和魔兽大军，迅速攻陷卡诺王国，向…"
"https://raw.githubusercontent.com/ixinzhi/lightnovel-2009to2013/master/PSYCHE - 唐边叶介 - 20100404.epub",685,"https://www.wenku8.net/book/685.htm","title+author","PSYCHE","唐边叶介","其他文库","已完结","2010-04-04","79K","黑暗 脑洞","http://img.wenku8.com/image/0/685/685s.jpg","门外楼梯上传来一阵轻快的脚步声。
透过袜子的柔和足音。一定是姐姐。今天的她似乎很…"
"https://raw.githubusercontent.com/ixinzhi/lightnovel-2009to2013/master/惊爆草莓 - 公野樱子 - 20100403.epub",124,"https://www.wenku8.net/book/124.htm","title+author","惊爆草莓","公野樱子","电击文库","连载中/ 已动画化","2010-04-03","49K","校园 青春 恋爱 百合","http://img.wenku8.com/image/0/124/124s.jpg","阿斯特拉艾亚的山丘上，建有三家女子学校。圣密亚特尔女子学园、圣史皮卡女子学院、圣…"
"https://raw.githubusercontent.com/ixinzhi/lightnovel-2009to2013/master/金田一少年事件簿 - 天树征丸 - 20100403.epub",684,"https://www.wenku8.net/book/684.htm","title+author","金田一少年事件簿","天树征丸","讲谈社","已完结/ 已动画化","2010-04-03","813K","悬疑 犯罪 黑暗 斗智 青梅竹马","http://img.wenku8.com/image/0/684/684s.jpg","金田一是大侦探金田一耕助的孙子，智商高达180的天才少年，在推理方面有极强的头脑。和…"
"https://raw.githubusercontent.com/ixinzhi/lightnovel-2009to2013/master/超级机器人大战OG - TRISTAR株式会社 - 20100329.epub",681,"https://www.wenku8.net/book/681.htm","title+author","超级机器人大战OG","TRISTAR株式会社","其他文库","已完结/ 已动画化","2010-03-29","71K","机战 战争","http://img.wenku8.com/image/0/681/681s.jpg","诞生于地底世界拉·基亚斯的塞巴斯塔是神圣兰古兰王国骄傲的守护者。
操作者安藤正树…"
"https://raw.githubusercontent.com/ixinzhi/lightnovel-2009to2013/master/绝望的世界 - 宫谷俊二 - 20100329.epub",679,"https://www.wenku8.net/book/679.htm","title+author","绝望的世界","宫谷俊二","其他文库","已完结","2010-03-29","22K","青春 黑暗","http://img.wenku8.com/image/0/679/679s.jpg","男主角在学校里受尽了欺负，对他来说妹妹才是自己的心灵唯一可以停靠的港湾。然而………"
"https://raw.githubusercontent.com/ixinzhi/lightnovel-2009to2013/master/CLANNAD官方外传小说 - 麻枝准 - 20100328.epub",183,"https://www.wenku8.net/book/183.htm","title+author","CLANNAD官方外传小说","麻枝准","电击文库","已完结/ 已动画化","2010-03-28","118K","校园 青春 恋爱","http://img.wenku8.com/image/0/183/183s.jpg","关于我们的渚的一次细微的，命中注定的某次事件的故事一年后。
她与“后辈”冈崎朋也…"
"https://raw.githubusercontent.com/ixinzhi/lightnovel-2009to2013/master/CLANNAD After Story - key - 20100328.epub",675,"https://www.wenku8.net/book/675.htm","title+author","CLANNAD After Story","key","游戏剧本","已完结/ 已动画化","2010-03-28","838K","校园 青春 恋爱 欢乐向","http://img.wenku8.com/image/0/675/675s.jpg","在某个小镇，主角冈崎朋也因家庭因素成为不良少年，一直与春原阳平为伍，在光坂高校过…"
"https://raw.githubusercontent.com/ixinzhi/lightnovel-2009to2013/master/CLANNAD - Key - 20100328.epub",676,"https://www.wenku8.net/book/676.htm","title+author","CLANNAD","Key","游戏剧本","已完结/ 已动画化","2010-03-28","1538K","校园 青春 恋爱 欢乐向","http://img.wenku8.com/image/0/676/676s.jpg","《CLANNAD》为2004年key社所发行的文字冒险游戏（AVG），和key社以往游戏不同的是，这…"
"https://raw.githubusercontent.com/ixinzhi/lightnovel-2009to2013/master/女神侧身像2(北欧女神2) - 梅村崇 - 20100327.epub",673,"https://www.wenku8.net/book/673.htm","title+author","女神侧身像2 希尔梅丽娅(北欧女神2)","梅村崇","其他文库","已完结","2010-03-27","240K","奇幻 战斗","http://img.wenku8.com/image/0/673/673s.jpg","女武神——瓦尔基里。其为命运之神，也是英灵战士的抉择之神。但世人很少知道，瓦尔基…"
"https://raw.githubusercontent.com/ixinzhi/lightnovel-2009to2013/master/波上的魔术师 - 石田衣良 - 20100324.epub",669,"https://www.wenku8.net/book/669.htm","title+author","波上的魔术师","石田衣良","其他文库","已完结","2010-03-24","169K","青春 黑暗 斗智 犯罪","http://img.wenku8.com/image/0/669/669s.jpg","谜样的股票投机大亨挑中一个镇日留连游戏店的单身寄生虫，让他从什么都不懂的门外汉，…"
"https://raw.githubusercontent.com/ixinzhi/lightnovel-2009to2013/master/深红色的迷宫 - 贵志佑介 - 20100324.epub",668,"https://www.wenku8.net/book/668.htm","title+author","深红色的迷宫","贵志佑介","角川文库","已完结","2010-03-24","139K","科幻 悬疑 惊悚 游戏 大逃杀","http://img.wenku8.com/image/0/668/668s.jpg","★在现实与虚拟交错的世界……感受无可比拟的恐惧！
★挑战人性黑暗面的惊悚生存游戏…"
"https://raw.githubusercontent.com/ixinzhi/lightnovel-2009to2013/master/野花——在那花不开的世界 - 驹尾真子 - 20100324.epub",667,"https://www.wenku8.net/book/667.htm","title+author","野花——在那花不开的世界","驹尾真子","少女文库","连载中","2010-03-24","79K","恋爱 百合","http://img.wenku8.com/image/0/667/667s.jpg","这是一个长达数十年的大战和历史上残留的瘟疫流行下导致男性极端减少的世界。
作为联…"
"https://raw.githubusercontent.com/ixinzhi/lightnovel-2009to2013/master/梦幻不思议卷轴·七宝绮谭 - 津守时生 - 20100323.epub",616,"https://www.wenku8.net/book/616.htm","title+author","梦幻不思议卷轴·七宝绮谭","津守时生","其他文库","连载中","2010-03-23","296K","奇幻 战斗 耽美","http://img.wenku8.com/image/0/616/616s.jpg","津守时生继《三千世界鸦杀》、《温柔的杀死龙的方法》之后的另一经典名作！
《死者的…"
"https://raw.githubusercontent.com/ixinzhi/lightnovel-2009to2013/master/萤火虫之墓 - 野坂昭如 - 20100323.epub",666,"https://www.wenku8.net/book/666.htm","title+author","萤火虫之墓","野坂昭如","其他文库","已完结/ 已动画化","2010-03-23","131K","战争 黑暗","http://img.wenku8.com/image/0/666/666s.jpg","战争后期，母亲在一次美军空袭中伤重死亡，而身为海军的父亲也已在战争中死去。
14岁…"
"https://raw.githubusercontent.com/ixinzhi/lightnovel-2009to2013/master/8.1 云霄飞车 - 山田悠介 - 20100323.epub",665,"https://www.wenku8.net/book/665.htm","title+author","8.1 云霄飞车","山田悠介","其他文库","已完结","2010-03-23","22K","黑暗 惊悚 大逃杀","http://img.wenku8.com/image/0/665/665s.jpg","主角和恋人到游乐园约会。乘上云霄飞车后，在行驶到最高点时突然停了下来。
根据广播…"
"https://raw.githubusercontent.com/ixinzhi/lightnovel-2009to2013/master/破天神记 - 荻原规子 - 20100321.epub",393,"https://www.wenku8.net/book/393.htm","title+author","破天神记","荻原规子","其他文库","已完结","2010-03-21","691K","奇幻 冒险 恋爱","http://img.wenku8.com/image/0/393/393s.jpg","破天神记系列是世界奇幻文学的圣典，共三种：《空色勾玉》、《白鸟异传》、《薄红天女…"
"https://raw.githubusercontent.com/ixinzhi/lightnovel-2009to2013/master/异次元流浪者 - 眉村卓 - 20100320.epub",659,"https://www.wenku8.net/book/659.htm","title+author","异次元流浪者","眉村卓","其他文库","已完结","2010-03-20","46K","科幻 悬疑","http://img.wenku8.com/image/0/659/659s.jpg","一场雨、一架飞机也能扯上核战争；D-26世界、异次元流浪者、激光枪、巴拉莱卡他说的都…"
"https://raw.githubusercontent.com/ixinzhi/lightnovel-2009to2013/master/世纪末冒险 - 高圆寺葵子 - 20100318.epub",653,"https://www.wenku8.net/book/653.htm","title+author","世纪末冒险","高圆寺葵子","其他文库","已完结","2010-03-18","128K","奇幻 冒险 欢乐向 耽美","http://img.wenku8.com/image/0/653/653s.jpg","充满活力的叛逆小子里因是火魔族的国王红莲王的儿子。
火魔族王族有个特殊的体质，那…"
"https://raw.githubusercontent.com/ixinzhi/lightnovel-2009to2013/master/青之炎 - 贵志佑介 - 20100317.epub",650,"https://www.wenku8.net/book/650.htm","title+author","青之炎","贵志佑介","角川文库","已完结","2010-03-17","177K","悬疑 青春 黑暗 犯罪","http://img.wenku8.com/image/0/650/650s.jpg","17岁少年一手设计的完美的杀人计划……17岁的栉森秀一，和母亲及妹妹过着平静的生活。…"
"https://raw.githubusercontent.com/ixinzhi/lightnovel-2009to2013/master/晴空之下，突然…… - 田中芳树 - 20100317.epub",652,"https://www.wenku8.net/book/652.htm","title+author","晴空之下，突然……","田中芳树","其他文库","已完结","2010-03-17","92K","奇幻 冒险","http://img.wenku8.com/image/0/652/652s.jpg","自从兴登堡号意外爆炸、燃烧以来，历经半个世纪以上的时间，日本第一艘豪华飞行客船「…"
"https://raw.githubusercontent.com/ixinzhi/lightnovel-2009to2013/master/圣诞节的恐怖分子 - 佐藤友哉 - 20100316.epub",647,"https://www.wenku8.net/book/647.htm","title+author","圣诞节的恐怖分子","佐藤友哉","其他文库","已完结","2010-03-16","76K","悬疑","http://img.wenku8.com/image/0/647/647s.jpg","女中学生冬子，因为一股「原始的冲动」，来到陌生的孤岛。
在岛上邂逅的青年，委托她…"
"https://raw.githubusercontent.com/ixinzhi/lightnovel-2009to2013/master/Gift 永恒的彩虹 - 驹尾真子 - 20100315.epub",644,"https://www.wenku8.net/book/644.htm","title+author","Gift 永恒的彩虹","驹尾真子","其他文库","已完结/ 已动画化","2010-03-15","407K","奇幻 校园 后宫 青梅竹马 妹妹","http://img.wenku8.com/image/0/644/644s.jpg","故事的舞台是海岸边上的楢崎町，在这个小镇上有两种超常现象，其中之一是永恒存在的彩…"
"https://raw.githubusercontent.com/ixinzhi/lightnovel-2009to2013/master/深宫幽情 - 冰室冴子 - 20100314.epub",642,"https://www.wenku8.net/book/642.htm","title+author","深宫幽情","冰室冴子","其他文库","已完结","2010-03-14","153K","职场 伪娘 欢乐向 恋爱","http://img.wenku8.com/image/0/642/642s.jpg","遥远的平安时代，权大纳言家有一对兄妹（？），
世人眼中宛如光源氏在世的绮罗少主以…"
"https://raw.githubusercontent.com/ixinzhi/lightnovel-2009to2013/master/荒野 - 樱庭一树 - 20100314.epub",641,"https://www.wenku8.net/book/641.htm","title+author","荒野","樱庭一树","其他文库","已完结","2010-03-14","201K","校园 青春 恋爱 女性视角","http://img.wenku8.com/image/0/641/641s.jpg","十二岁，还没长大之前——
镰仓少女——荒野，父亲是位四处留情的恋爱小说作家。
在…"
"https://raw.githubusercontent.com/ixinzhi/lightnovel-2009to2013/master/赤朽叶家的传说 - 樱庭一树 - 20100313.epub",640,"https://www.wenku8.net/book/640.htm","title+author","赤朽叶家的传说","樱庭一树","其他文库","已完结","2010-03-13","188K","奇幻 悬疑 女性视角","http://img.wenku8.com/image/0/640/640s.jpg","日本山阴红绿村，传说中的八岐大蛇盘旋、巨大的黑色熔炉吐烟；山顶上神秘红色大宅，长…"
"https://raw.githubusercontent.com/ixinzhi/lightnovel-2009to2013/master/猎捕史奈克 - 宫部美雪 - 20100313.epub",639,"https://www.wenku8.net/book/639.htm","title+author","猎捕史奈克","宫部美雪","其他文库","已完结","2010-03-13","138K","悬疑 犯罪 惊悚","http://img.wenku8.com/image/0/639/639s.jpg","盛装打扮的妙龄女子，持霰弹枪闯入举行婚宴的大饭店，她为什么持枪？杀人目标又是谁？…"
"https://raw.githubusercontent.com/ixinzhi/lightnovel-2009to2013/master/超时空要塞 边界 - 小太刀右京 - 20100312.epub",617,"https://www.wenku8.net/book/617.htm","title+author","超时空要塞 边界","小太刀右京","其他文库","已完结/ 已动画化","2010-03-12","207K","科幻 战争 机战","http://img.wenku8.com/image/0/617/617s.jpg","公元2059年。因与巨大的外星人之间的星际战争而频临灭亡的地球人类，为了种族的延续，…"
"https://raw.githubusercontent.com/ixinzhi/lightnovel-2009to2013/master/CLANNAD Q版小说 - 合作 - 20100312.epub",638,"https://www.wenku8.net/book/638.htm","title+author","CLANNAD Q版小说","合作","其他文库","已完结","2010-03-12","106K","校园 青春 恋爱 欢乐向","http://img.wenku8.com/image/0/638/638s.jpg","……大家好。
我的名字是一之濑琴美。
平假名是这三个字：こなみ……请多多关照。看…"
"https://raw.githubusercontent.com/ixinzhi/lightnovel-2009to2013/master/樱兰高中男公关部 - 土井佐智子 - 20100312.epub",637,"https://www.wenku8.net/book/637.htm","title+author","樱兰高中男公关部","土井佐智子","其他文库","已完结/ 已动画化","2010-03-12","24K","校园 青春 欢乐向 恋爱 耽美","http://img.wenku8.com/image/0/637/637s.jpg","又是一个贵族学校的故事。
私立樱兰学院是一所超级贵族学校，最看中的是家世，其次是…"
"https://raw.githubusercontent.com/ixinzhi/lightnovel-2009to2013/master/火影忍者官方小说 - 日下部匡俊 - 20100311.epub",636,"https://www.wenku8.net/book/636.htm","title+author","火影忍者官方小说","日下部匡俊","集英社","已完结/ 已动画化","2010-03-11","138K","奇幻 冒险 战斗 群像","http://img.wenku8.com/image/0/636/636s.jpg","总有一天要成为村子里第一的忍者!虽然吊车尾，但拥有远大梦想的呜人总算从忍者学校毕业…"
"https://raw.githubusercontent.com/ixinzhi/lightnovel-2009to2013/master/战国BASARA2 - 安曾了 - 20100311.epub",634,"https://www.wenku8.net/book/634.htm","title+author","战国BASARA2","安曾了","其他文库","已完结","2010-03-11","147K","战争","http://img.wenku8.com/image/0/634/634s.jpg","世间岂有永恒不灭者——织田信长。
尸体，数着数着就睡着了——明智光秀。
那一日深…"
"https://raw.githubusercontent.com/ixinzhi/lightnovel-2009to2013/master/交响乐之雨 妖精之书 - 西川真音 - 20100309.epub",632,"https://www.wenku8.net/book/632.htm","title+author","交响乐之雨 妖精之书","西川真音","其他文库","已完结","2010-03-09","38K","奇幻 音乐 恋爱","http://img.wenku8.com/image/0/632/632s.jpg","虽然有翅膀，但是不会飞。虽然可以摸到东西，但是不会被雨淋。虽然不会吃东西，但是也…"
"https://raw.githubusercontent.com/ixinzhi/lightnovel-2009to2013/master/吸血鬼骑士官方小说 - 藤咲あゆな - 20100306.epub",584,"https://www.wenku8.net/book/584.htm","title+author","吸血鬼骑士官方小说","藤咲あゆな","其他文库","已完结/ 已动画化","2010-03-06","120K","奇幻 冒险 战斗","http://img.wenku8.com/image/0/584/584s.jpg","蓝堂英是贵族吸血鬼，蓝堂家的长男，自称为玖兰枢的崇拜者？
在这样的蓝堂和夜间部面…"
"https://raw.githubusercontent.com/ixinzhi/lightnovel-2009to2013/master/Type Moon DRAMA CD - 奈须蘑菇 - 20100304.epub",621,"https://www.wenku8.net/book/621.htm","title+author","Type Moon DRAMA CD","奈须蘑菇","游戏剧本","已完结","2010-03-04","62K","欢乐向","http://img.wenku8.com/image/0/621/621s.jpg","Type Moon DRAMA CD ALL AROUND TYPE MOON AHNENERBE的一天
本篇为TYPE-MOON社在C72展…"
"https://raw.githubusercontent.com/ixinzhi/lightnovel-2009to2013/master/利亚兰的少年王与龙骑士 - 花衣沙久罗 - 20100303.epub",361,"https://www.wenku8.net/book/361.htm","title+author","利亚兰的少年王与龙骑士","花衣沙久罗","少女文库","连载中","2010-03-03","160K","穿越 奇幻 冒险 耽美","http://img.wenku8.com/image/0/361/361s.jpg","普通的高中生和田夏纪某天突然穿越到了中世纪的欧洲，一个叫做利亚兰德拥有龙骑士的国…"
"https://raw.githubusercontent.com/ixinzhi/lightnovel-2009to2013/master/蒸汽男孩 - 村井さだゆき - 20100303.epub",618,"https://www.wenku8.net/book/618.htm","title+author","蒸汽男孩","村井さだゆき","其他文库","已完结/ 已动画化","2010-03-03","66K","科幻 冒险 恋爱","http://img.wenku8.com/image/0/618/618s.jpg","十九世纪中叶，维多利亚时代的大英帝国，工业革命方兴未艾，理性与进步似乎凌驾一切，…"
"https://raw.githubusercontent.com/ixinzhi/lightnovel-2009to2013/master/三千世界鸦杀 - 津守时生 - 20100301.epub",260,"https://www.wenku8.net/book/260.htm","title+author","三千世界鸦杀","津守时生","其他文库","连载中","2010-03-01","1752K","科幻 欢乐向 耽美","http://img.wenku8.com/image/0/260/260s.jpg","BARMILION是一颗百分之九十以上的居民都来自地球系
路的边境行星之一,即使是作为一颗…"
"https://raw.githubusercontent.com/ixinzhi/lightnovel-2009to2013/master/除爆之刃 - 照下土竜 - 20100301.epub",614,"https://www.wenku8.net/book/614.htm","title_only","除爆之刃","照下土龙","其他文库","已完结","2010-03-01","102K","科幻","http://img.wenku8.com/image/0/614/614s.jpg","监视系统“千手观音”持续维持着日本的社会安定，但是恐怖活动却在暗地蠢蠢欲动。将炸…"
"https://raw.githubusercontent.com/ixinzhi/lightnovel-2009to2013/master/幻影父亲 - 深泽美潮 - 20100301.epub",613,"https://www.wenku8.net/book/613.htm","title+author","幻影父亲","深泽美潮","其他文库","已完结","2010-03-01","25K","悬疑 冒险","http://img.wenku8.com/image/0/613/613s.jpg","高三学生江口舜一，一天在去同学家的路上遇见了长相与自己十分相似的男人。“父亲………"
"https://raw.githubusercontent.com/ixinzhi/lightnovel-2009to2013/master/NANA - 矢泽爱 - 20100228.epub",611,"https://www.wenku8.net/book/611.htm","title+author","NANA","矢泽爱","其他文库","连载中/ 已动画化","2010-02-28","136K","青春 恋爱","http://img.wenku8.com/image/0/611/611s.jpg","在这个世界上，总能找到和你同样的名字的人。
或许在你们相遇的时候，你们的命运就会…"
"https://raw.githubusercontent.com/ixinzhi/lightnovel-2009to2013/master/勇者物语 - 宫部美雪 - 20100227.epub",601,"https://www.wenku8.net/book/601.htm","title+author","勇者物语","宫部美雪","角川文库","已完结/ 已动画化","2010-02-27","516K","穿越 奇幻 冒险","http://img.wenku8.com/image/0/601/601s.jpg","家庭生活突遭变故：父亲抛家弃子。母亲绝望自杀。彷徨无助的他。意外发现了通往“幻界…"
"https://raw.githubusercontent.com/ixinzhi/lightnovel-2009to2013/master/寄生前夜 - 濑名秀明 - 20100225.epub",603,"https://www.wenku8.net/book/603.htm","title+author","寄生前夜","濑名秀明","角川文库","已完结","2010-02-25","201K","科幻","http://img.wenku8.com/image/0/603/603s.jpg","在亿万年间，生物都在不停的进化。在生物的体内，直接提供能量的是线粒体。线粒体的进…"
"https://raw.githubusercontent.com/ixinzhi/lightnovel-2009to2013/master/绅士游戏 - 赤城毅 - 20100224.epub",596,"https://www.wenku8.net/book/596.htm","title+author","绅士游戏","赤城毅","其他文库","已完结","2010-02-24","116K","斗智 犯罪 复仇","http://img.wenku8.com/image/0/596/596s.jpg","昭和六年，新手诈欺师．立见广介为了入日本第一的传说诈欺师门下当弟子，自上海返回东…"
"https://raw.githubusercontent.com/ixinzhi/lightnovel-2009to2013/master/波罗的海复仇记 - 田中芳树 - 20100223.epub",591,"https://www.wenku8.net/book/591.htm","title+author","波罗的海复仇记","田中芳树","其他文库","已完结","2010-02-23","106K","奇幻 冒险 战斗 复仇","http://img.wenku8.com/image/0/591/591s.jpg","以二十二岁的小小年纪就被汉萨同盟的富商委任为船长的年轻人艾力克在购买了昂贵的琥珀…"
"https://raw.githubusercontent.com/ixinzhi/lightnovel-2009to2013/master/优质美少女 - 樋口橘 - 20100222.epub",588,"https://www.wenku8.net/book/588.htm","title+author","优质美少女","樋口橘","其他文库","已完结","2010-02-22","18K","校园 青春 恋爱 欢乐向","http://img.wenku8.com/image/0/588/588s.jpg","家境贫困的仁礼椿有一个梦想，就是找一个有钱，有前途，（头脑好、长得帅、个性优）的…"
"https://raw.githubusercontent.com/ixinzhi/lightnovel-2009to2013/master/无尽黑夜与永眠梦境 - 西尾维新 - 20100221.epub",587,"https://www.wenku8.net/book/587.htm","title+author","无尽黑夜与永眠梦境","西尾维新","其他文库","已完结","2010-02-21","16K","脑洞","http://img.wenku8.com/image/0/587/587s.jpg","说明：本篇是西尾维新众多未集成的短篇之一。
收录于某个同人本，也就是《纵列式双旋…"
"https://raw.githubusercontent.com/ixinzhi/lightnovel-2009to2013/master/攻壳机动队 宇宙生化人 - 远藤明范 - 20100219.epub",579,"https://www.wenku8.net/book/579.htm","title+author","攻壳机动队 宇宙生化人","远藤明范","其他文库","已完结/ 已动画化","2010-02-19","67K","科幻 战争 机战","http://img.wenku8.com/image/0/579/579s.jpg","宇宙生化人——遥远的宇宙空间，即将坠毁的宇宙工场，恐怖的宇宙生化人，超级武器MAX，…"
"https://raw.githubusercontent.com/ixinzhi/lightnovel-2009to2013/master/秋叶原@DEEP - 石田衣良 - 20100217.epub",572,"https://www.wenku8.net/book/572.htm","title+author","秋叶原@DEEP","石田衣良","其他文库","已完结","2010-02-17","213K","青春 经营","http://img.wenku8.com/image/0/572/572s.jpg","一个患有洁癖症和女性恐惧症的设计师；一个患有口吃的天才写手；一个时不时就会进入冻…"
"https://raw.githubusercontent.com/ixinzhi/lightnovel-2009to2013/master/大剑Claymore - 桃生圣史 - 20100214.epub",565,"https://www.wenku8.net/book/565.htm","title+author","大剑Claymore","桃生圣史","集英社","已完结/ 已动画化","2010-02-14","87K","奇幻 冒险 战斗","http://img.wenku8.com/image/0/565/565s.jpg","清晨的钟声敲满十二下后，晨雾会慢慢散去，当钟声再度响起的时候，就是妖魔最喜欢的早…"
"https://raw.githubusercontent.com/ixinzhi/lightnovel-2009to2013/master/翼年代记 - 桃生圣史 - 20100213.epub",562,"https://www.wenku8.net/book/562.htm","title+author","翼年代记","桃生圣史","讲谈社","已完结/ 已动画化","2010-02-13","99K","奇幻 冒险 战斗","http://img.wenku8.com/image/0/562/562s.jpg","“在不同的次元，你可以遇见和自己长相相像、拥有相同灵魂，却完全不同的人……”在这…"
"https://raw.githubusercontent.com/ixinzhi/lightnovel-2009to2013/master/秋之回忆 从今以后 - KID - 20100212.epub",541,"https://www.wenku8.net/book/541.htm","title+author","秋之回忆 从今以后","KID","游戏剧本","已完结/ 已动画化","2010-02-12","673K","校园 青春 恋爱","http://img.wenku8.com/image/0/541/541s.jpg","“一开始我就不是那么喜欢你”她是这么对我说的。那一天，我心爱的她，轻声地对我说，…"
"https://raw.githubusercontent.com/ixinzhi/lightnovel-2009to2013/master/秋之回忆 从今以后Again - KID - 20100212.epub",559,"https://www.wenku8.net/book/559.htm","title+author","秋之回忆 从今以后Again","KID","游戏剧本","已完结/ 已动画化","2010-02-12","225K","校园 青春 恋爱","http://img.wenku8.com/image/0/559/559s.jpg","从今以后Again游戏文本 讲的是秋之回忆~从今以后各角色结局之后的故事，以“两人之间”…"
"https://raw.githubusercontent.com/ixinzhi/lightnovel-2009to2013/master/秋之回忆2 - KID - 20100212.epub",540,"https://www.wenku8.net/book/540.htm","title+author","秋之回忆2","KID","游戏剧本","已完结/ 已动画化","2010-02-12","1012K","校园 青春 恋爱","http://img.wenku8.com/image/0/540/540s.jpg","与以生离死别和反思为主题的前作不同，《秋之回忆2》更多地将着眼点放在了“普通”的恋…"
"https://raw.githubusercontent.com/ixinzhi/lightnovel-2009to2013/master/克蕾利亚传说 - 山本一郎 - 20100209.epub",553,"https://www.wenku8.net/book/553.htm","title+author","克蕾利亚传说","山本一郎","其他文库","已完结","2010-02-09","115K","奇幻 冒险 战斗","http://img.wenku8.com/image/0/553/553s.jpg","港都夏克雷不断遭到蜥蝪人入侵，身为镇长、肩负守护和平的“红色母豹”克蕾利亚，她是…"
"https://raw.githubusercontent.com/ixinzhi/lightnovel-2009to2013/master/圣斗士官方小说 - 浜崎达也 - 20100206.epub",546,"https://www.wenku8.net/book/546.htm","title+author","圣斗士官方小说","浜崎达也","集英社","已完结/ 已动画化","2010-02-06","45K","奇幻 冒险 战斗","http://img.wenku8.com/image/0/546/546s.jpg","希腊神话有着如下的记载：很久以前，女神雅典娜和海皇波塞东曾经为争夺阿提卡一带而大…"
"https://raw.githubusercontent.com/ixinzhi/lightnovel-2009to2013/master/传颂之物 - Flight-Plan - 20100206.epub",543,"https://www.wenku8.net/book/543.htm","title+author","传颂之物","Flight-Plan","游戏剧本","已完结/ 已动画化","2010-02-06","45K","奇幻 战争 后宫 人外","http://img.wenku8.com/image/0/543/543s.jpg","(传颂之物 PS2版游戏剧本)
位于大陆东北边境一个小国的村庄，主人公在那里醒来。重伤…"
"https://raw.githubusercontent.com/ixinzhi/lightnovel-2009to2013/master/萌单 - 桑岛由一 - 20100204.epub",542,"https://www.wenku8.net/book/542.htm","title+author","萌单","桑岛由一","其他文库","已完结/ 已动画化","2010-02-04","26K","校园 青春 恋爱 欢乐向","http://img.wenku8.com/image/0/542/542s.jpg","为了帮助青梅竹马兼同班同学的小直考上同一间大学，有着萝莉体形的虹原茵可利用魔力变…"
"https://raw.githubusercontent.com/ixinzhi/lightnovel-2009to2013/master/生化危机 空白玫瑰 - 爱泽匡 - 20100203.epub",538,"https://www.wenku8.net/book/538.htm","title+author","生化危机 空白玫瑰","爱泽匡","其他文库","已完结","2010-02-03","124K","科幻 冒险 战斗 惊悚","http://img.wenku8.com/image/0/538/538s.jpg","爱泽匡(Tadashi Aizawa)在2002年写的《空白玫瑰》这本小说。
《空白玫瑰》是CAPCOM举…"
"https://raw.githubusercontent.com/ixinzhi/lightnovel-2009to2013/master/狂野历险 the Vth Vanguard - 细江ひろみ - 20100203.epub",537,"https://www.wenku8.net/book/537.htm","title+author","狂野历险 the Vth Vanguard","细江ひろみ","Fami通文库","已完结","2010-02-03","157K","奇幻 冒险 战斗","http://img.wenku8.com/image/0/537/537s.jpg","我叫蕾贝卡·史特莱桑德。是个在卡波布隆可村长大的十六岁少女。
在加瓦姆瓦雷车站等…"
"https://raw.githubusercontent.com/ixinzhi/lightnovel-2009to2013/master/一个人的好天气 - 青山七惠 - 20100131.epub",526,"https://www.wenku8.net/book/526.htm","title+author","一个人的好天气","青山七惠","其他文库","已完结","2010-01-31","48K","青春 女性视角","http://img.wenku8.com/image/0/526/526s.jpg","2007年芥川奖夺冠作品，日本最受瞩目畅销小说，“80后”新锐女作家青山七惠的第二部力…"
"https://raw.githubusercontent.com/ixinzhi/lightnovel-2009to2013/master/魔王 - 伊坂幸太郎 - 20100131.epub",527,"https://www.wenku8.net/book/527.htm","title+author","魔王","伊坂幸太郎","其他文库","已完结","2010-01-31","125K","奇幻 悬疑 黑暗","http://img.wenku8.com/image/0/527/527s.jpg","我要揭开魔王的真面目！他，就是变身的魔王！
安藤是平凡的上班族，有一天，安藤在电…"
"https://raw.githubusercontent.com/ixinzhi/lightnovel-2009to2013/master/痕~舍异传 - 西山英志 - 20100129.epub",522,"https://www.wenku8.net/book/522.htm","title+author","痕~舍异传","西山英志","其他文库","已完结","2010-01-29","15K","奇幻 黑暗","http://img.wenku8.com/image/0/522/522s.jpg","本文是leaf游戏《痕》的前传小说…"
"https://raw.githubusercontent.com/ixinzhi/lightnovel-2009to2013/master/名侦探柯南 小提琴之谜 - 青山刚昌 - 20100129.epub",523,"https://www.wenku8.net/book/523.htm","title+author","名侦探柯南 小提琴之谜","青山刚昌","小学馆","已完结","2010-01-29","148K","悬疑 音乐 冒险","http://img.wenku8.com/image/0/523/523s.jpg","小提琴比赛？音乐我可不懂哦~ 啊！在比赛之前竟然发生了连续杀人事件，究竟谁是这些事…"
"https://raw.githubusercontent.com/ixinzhi/lightnovel-2009to2013/master/幸运星 悠闲的日子 - 待田堂子 - 20100126.epub",516,"https://www.wenku8.net/book/516.htm","title+author","幸运星 悠闲的日子","待田堂子","角川文库","","","","校园 青春 欢乐向 百合 女性视角","http://img.wenku8.com/image/0/516/516s.jpg","“小镜～～我有事情想跟你商量”暑假，因为此方的号令、美幸、司、小镜到樱陵学园附近…"
"https://raw.githubusercontent.com/ixinzhi/lightnovel-2009to2013/master/龙背上的骑兵 - 映岛巡 - 20100125.epub",513,"https://www.wenku8.net/book/513.htm","title+author","龙背上的骑兵","映岛巡","其他文库","已完结","2010-01-25","104K","奇幻 战斗 复仇 黑暗 恋爱","http://img.wenku8.com/image/0/513/513s.jpg","任凭翅膀闪耀着光芒，巨大的飞鸟在空中翩翩起舞。一层稀薄的云彩飘浮在蔚蓝的天空中，…"
"https://raw.githubusercontent.com/ixinzhi/lightnovel-2009to2013/master/魔女宅急便 - 角野荣子 - 20100124.epub",498,"https://www.wenku8.net/book/498.htm","title+author","魔女宅急便","角野荣子","其他文库","已完结/ 已动画化","2010-01-24","389K","奇幻 冒险","http://img.wenku8.com/image/0/498/498s.jpg","飞到屋顶上方三米的高度，琪琪觉得心情畅快无比，仿佛连空气都带着一点蓝天的味道。
…"
"https://raw.githubusercontent.com/ixinzhi/lightnovel-2009to2013/master/狂骨之梦 - 京极夏彦 - 20100124.epub",511,"https://www.wenku8.net/book/511.htm","title+author","狂骨之梦","京极夏彦","讲谈社","已完结","2010-01-24","318K","奇幻 悬疑","http://img.wenku8.com/image/0/511/511s.jpg","继《姑获鸟之夏》、《魍魉之匣》后，京极堂系列第三部全新登场！
纵横千年的白骨之谜…"
"https://raw.githubusercontent.com/ixinzhi/lightnovel-2009to2013/master/本格推理委员会 - 日向正道 - 20100123.epub",506,"https://www.wenku8.net/book/506.htm","title+author","本格推理委员会","日向正道","角川文库","已完结","2010-01-23","136K","校园 悬疑 青春","http://img.wenku8.com/image/0/506/506s.jpg","传说在小中高一贯的教育学校木之花学园的音乐教室里，出现了一个少女的亡魂。
在挑选…"
"https://raw.githubusercontent.com/ixinzhi/lightnovel-2009to2013/master/征服世界是可能的吗？ - 冈田斗司夫 - 20100118.epub",496,"https://www.wenku8.net/book/496.htm","title+author","征服世界是可能的吗？","冈田斗司夫","其他文库","已完结","2010-01-18","72K","脑洞","http://img.wenku8.com/image/0/496/496s.jpg","“征服世界”？那是什么，可以吃吗？“征服世界”不是空谈！
从成吉思汗到比克大魔王…"
"https://raw.githubusercontent.com/ixinzhi/lightnovel-2009to2013/master/七色的铃铛 - 红玉伊月 - 20100113.epub",489,"https://www.wenku8.net/book/489.htm","title+author","七色的铃铛","红玉伊月","其他文库","已完结","2010-01-13","12K","青春","/images/noimg.jpg","七色的铃铛
——原刊载于《新干线·漫小说》第5辑·时雨…"
"https://raw.githubusercontent.com/ixinzhi/lightnovel-2009to2013/master/最后的彼得潘 - 日日日 - 20100111.epub",486,"https://www.wenku8.net/book/486.htm","title+author","最后的彼得潘","日日日","其他文库","已完结","2010-01-11","71K","校园 奇幻 青春 百合","http://img.wenku8.com/image/0/486/486s.jpg","四月，御前江真映在新学期的教室中觉得自己的身体和心理有点异样。她不知道自己在这里…"
"https://raw.githubusercontent.com/ixinzhi/lightnovel-2009to2013/master/人体战舰 - 大迫纯一 - 20100111.epub",487,"https://www.wenku8.net/book/487.htm","title+author","人体战舰","大迫纯一","HJ文库","已完结","2010-01-11","240K","科幻 战争 恋爱 青梅竹马","http://img.wenku8.com/image/0/487/487s.jpg","一名平凡的高中生．隼人，某日放学与青梅竹马．香奈美一起回家，在途中，他遭遇到某个…"
"https://raw.githubusercontent.com/ixinzhi/lightnovel-2009to2013/master/加奈～妹妹～ - 大仓邦彦 - 20100107.epub",477,"https://www.wenku8.net/book/477.htm","title+author","加奈～妹妹～","大仓邦彦","其他文库","已完结","2010-01-07","54K","青春 恋爱 妹妹","http://img.wenku8.com/image/0/477/477s.jpg","男主角“藤堂隆道”的妹妹“加奈”，由于身体病弱的缘故，因此从小时候开始就不断重复…"
"https://raw.githubusercontent.com/ixinzhi/lightnovel-2009to2013/master/看着月亮说着谎话 - 日日日 - 20091231.epub",472,"https://www.wenku8.net/book/472.htm","title+author","看着月亮说着谎话","日日日","其他文库","已完结","2009-12-31","78K","青春 恋爱 女性视角","http://img.wenku8.com/image/0/472/472s.jpg","喜欢是什么？爱又是什么意思？竹宫辉夜，十六岁，不懂这样的感情。
不论是家人或朋友…"
"https://raw.githubusercontent.com/ixinzhi/lightnovel-2009to2013/master/Fate Stay Night - 奈须蘑菇 - 20091207.epub",368,"https://www.wenku8.net/book/368.htm","title+author","Fate Stay Night","奈须蘑菇","游戏剧本","已完结/ 已动画化","2009-12-07","1759K","悬疑 奇幻 魔法 战斗 大逃杀 后宫","http://img.wenku8.com/image/0/368/368s.jpg","圣杯，那是传说中可实现持有者一切愿望的宝物。圣杯战争，则是为了使这圣杯出现并将其…"
"https://raw.githubusercontent.com/ixinzhi/lightnovel-2009to2013/master/恋空 - 美嘉 - 20091206.epub",456,"https://www.wenku8.net/book/456.htm","title+author","恋空","美嘉","其他文库","已完结","2009-12-06","306K","校园 青春 恋爱 黑暗 NTR","http://img.wenku8.com/image/0/456/456s.jpg","引爆手机小说热潮的是2005年12月在魔法岛上登场的《恋空～哀伤恋物语》。
这部作品根…"
"https://raw.githubusercontent.com/ixinzhi/lightnovel-2009to2013/master/脑髓地狱 - 梦野久作 - 20091116.epub",449,"https://www.wenku8.net/book/449.htm","title+author","脑髓地狱","梦野久作","角川文库","已完结","2009-11-16","273K","奇幻 悬疑 惊悚","http://img.wenku8.com/image/0/449/449s.jpg","日本四大推理奇书之一，日本变格派推理大师——梦野久作之毕生巨作。
一个男子在从未…"
"https://raw.githubusercontent.com/ixinzhi/lightnovel-2009to2013/master/向日葵不开的夏天 - 道尾秀介 - 20091109.epub",375,"https://www.wenku8.net/book/375.htm","title+author","向日葵不开的夏天","道尾秀介","其他文库","已完结","2009-11-09","164K","悬疑 黑暗","http://img.wenku8.com/image/0/375/375s.jpg","放暑假的前一天，由于同班同学S没来上学，小学生「我」被导师吩咐在放学后拿东西去给S…"
"https://raw.githubusercontent.com/ixinzhi/lightnovel-2009to2013/master/青之轨迹 - 久能千明 - 20091019.epub",437,"https://www.wenku8.net/book/437.htm","title+author","青之轨迹","久能千明","其他文库","连载中","2009-10-19","552K","科幻 冒险 耽美","http://img.wenku8.com/image/0/437/437s.jpg","未来世界，在一艘最先进的航宙船上。电脑选定的最佳文官和武官船员buddy组合，月亮出生…"
"https://raw.githubusercontent.com/ixinzhi/lightnovel-2009to2013/master/侵略少女与谎言庭院 - 清水真理子 - 20091012.epub",429,"https://www.wenku8.net/book/429.htm","title+author","侵略少女与谎言庭院","清水真理子","MF文库J","已完结","2009-10-12","91K","校园 青春 恋爱","http://img.wenku8.com/image/0/429/429s.jpg","早川牧生是K中学的2年级学生，和青梅竹马的裕贵、唯、琴美3人一直过着懒散的日子。直到…"
"https://raw.githubusercontent.com/ixinzhi/lightnovel-2009to2013/master/第十三种人格的恐怖 - 贵志袏介 - 20091012.epub",430,"https://www.wenku8.net/book/430.htm","title+author","第十三种人格的恐怖","贵志袏介","其他文库","已完结","2009-10-12","133K","奇幻 脑洞 惊悚 悬疑","http://img.wenku8.com/image/0/430/430s.jpg","年轻姑娘贺茂由香里具有感情移入功能，可以听到别人的心灵语言，也就是说她知道别人在…"
"https://raw.githubusercontent.com/ixinzhi/lightnovel-2009to2013/master/手机听众 - 西尾维新 - 20091011.epub",427,"https://www.wenku8.net/book/427.htm","title+author","手机听众","西尾维新","其他文库","已完结","2009-10-11","9K","青春","/images/noimg.jpg","西尾维新竞作小说作品【手机听众】 …"
"https://raw.githubusercontent.com/ixinzhi/lightnovel-2009to2013/master/黑执事 - 不详 - 20090927.epub",423,"https://www.wenku8.net/book/423.htm","title+author","黑执事","不详","其他文库","已完结","2009-09-27","145K","奇幻 悬疑 耽美","http://img.wenku8.com/image/0/423/423s.jpg","黑执事小说…"
"https://raw.githubusercontent.com/ixinzhi/lightnovel-2009to2013/master/佰物语 - 西尾维新 - 20090908.epub",416,"https://www.wenku8.net/book/416.htm","title+author","佰物语","西尾维新","游戏剧本","已完结","2009-09-08","23K","校园 奇幻 青春 恋爱 后宫 人外","http://img.wenku8.com/image/0/416/416s.jpg","动画版《化物语》中的角色共同演绎的Drama广播剧CD《佰物语》出炉。
该广播剧的内容将…"
"https://raw.githubusercontent.com/ixinzhi/lightnovel-2009to2013/master/纯爱咖啡厅 - 球江奈津子 - 20090830.epub",408,"https://www.wenku8.net/book/408.htm","title+author","纯爱咖啡厅","球江奈津子","其他文库","已完结","2009-08-30","144K","职场 青春 恋爱 后宫","http://img.wenku8.com/image/0/408/408s.jpg","自半年前付之一炬之后，famille咖啡店终于在大型购物中心brick mall里租店重新开张。而…"
"https://raw.githubusercontent.com/ixinzhi/lightnovel-2009to2013/master/铁鼠之槛 - 京极夏彦 - 20090830.epub",410,"https://www.wenku8.net/book/410.htm","title+author","铁鼠之槛","京极夏彦","讲谈社","已完结","2009-08-30","462K","奇幻 悬疑","http://img.wenku8.com/image/0/410/410s.jpg","穿着盛装和服在荒凉雪地漫游的吟歌少女，十三年来不曾长大？十多年前的一场大火，如何…"
"https://raw.githubusercontent.com/ixinzhi/lightnovel-2009to2013/master/舞-HiME - 吉野弘幸 - 20090830.epub",409,"https://www.wenku8.net/book/409.htm","title+author","舞-HiME","吉野弘幸","游戏剧本","已完结/ 已动画化","2009-08-30","2261K","校园 异能 战斗 后宫 青梅竹马","http://img.wenku8.com/image/0/409/409s.jpg","教会的钟声响了。
这口模仿国外著名教会制造的钟，算得上是这所以小学，初中，高中一…"
"https://raw.githubusercontent.com/ixinzhi/lightnovel-2009to2013/master/流星之绊 - 东野圭吾 - 20090806.epub",390,"https://www.wenku8.net/book/390.htm","title+author","流星之绊","东野圭吾","其他文库","已完结","2009-08-06","197K","悬疑 复仇","http://img.wenku8.com/image/0/390/390s.jpg","只要我们兄妹三人联手，管他偷拐抢骗，还是血海深仇，都没什么好怕的！
十四年前，有…"
"https://raw.githubusercontent.com/ixinzhi/lightnovel-2009to2013/master/朱 Aka - 清水真理子 - 20090728.epub",383,"https://www.wenku8.net/book/383.htm","title+author","朱 Aka","清水真理子","其他文库","已完结","2009-07-28","160K","奇幻 异能 冒险 恋爱","http://img.wenku8.com/image/0/383/383s.jpg","在沙漠地——雷蓝，坐落了一间宅郏里头居住的是人称「鲁塔的眷属」的少女阿拉米丝与守…"
"https://raw.githubusercontent.com/ixinzhi/lightnovel-2009to2013/master/交响情人梦 - 高里椎奈 - 20090703.epub",377,"https://www.wenku8.net/book/377.htm","title+author","交响情人梦","高里椎奈","其他文库","已完结/ 已动画化","2009-07-03","105K","音乐 青春 恋爱","http://img.wenku8.com/image/0/377/377s.jpg","当史上最邋遢钢琴女遇到古典乐王子。
出身音乐世家的千秋真一是桃丘音乐学院钢琴系的…"
"https://raw.githubusercontent.com/ixinzhi/lightnovel-2009to2013/master/海盗风云 - 松冈夏树 - 20090618.epub",372,"https://www.wenku8.net/book/372.htm","title+author","海盗风云","松冈夏树","其他文库","连载中","2009-06-18","1025K","穿越 冒险 战争 耽美","http://img.wenku8.com/image/0/372/372s.jpg","海斗穿越时空来到尚处于大航海时代的十六世纪英国。
时髦而傲慢，本领高强的海盗船船…"
"https://raw.githubusercontent.com/ixinzhi/lightnovel-2009to2013/master/流星慢舞 - 桥本纺 - 20090617.epub",370,"https://www.wenku8.net/book/370.htm","title+author","流星慢舞","桥本纺","其他文库","已完结","2009-06-17","102K","校园 青春 恋爱","http://img.wenku8.com/image/0/370/370s.jpg","闭上眼睛，可以看见那年璀璨的星空，世界好像静止了，彷佛听见自己的心跳声，
所以向…"
"https://raw.githubusercontent.com/ixinzhi/lightnovel-2009to2013/master/圣魔之血 - 吉田直 - 20090601.epub",62,"https://www.wenku8.net/book/62.htm","title+author","圣魔之血","吉田直","角川文库","已完结/ 已动画化","2009-06-01","1514K","奇幻 战争","http://img.wenku8.com/image/0/62/62s.jpg","在大灾难造成文明毁灭的远未来。异种智慧体——吸血鬼与人类持续斗争的黑暗时代。边境…"
"https://raw.githubusercontent.com/ixinzhi/lightnovel-2009to2013/master/白夜行 - 东野圭吾 - 20090529.epub",363,"https://www.wenku8.net/book/363.htm","title+author","白夜行","东野圭吾","其他文库","已完结","2009-05-29","330K","悬疑 黑暗","http://img.wenku8.com/image/0/363/363s.jpg","将无望却坚守的凄凉爱情和执著而缜密的冷静推理完美结合，被众多“东饭”视作东野圭吾…"
"https://raw.githubusercontent.com/ixinzhi/lightnovel-2009to2013/master/青梅竹马 - 吉原理惠子 - 20090511.epub",358,"https://www.wenku8.net/book/358.htm","title+author","青梅竹马","吉原理惠子","少女文库","已完结","2009-05-11","31K","青春 恋爱 耽美 青梅竹马","http://img.wenku8.com/image/0/358/358s.jpg","那一幕，就好象是分布在空中的无数的光粒，都一起嘻嘻哈哈的笑了起来一样。
好刺眼。…"
"https://raw.githubusercontent.com/ixinzhi/lightnovel-2009to2013/master/妹妹公主 - 公野樱子 - 20090506.epub",354,"https://www.wenku8.net/book/354.htm","title+author","妹妹公主","公野樱子","电击文库","已完结/ 已动画化","2009-05-06","64K","校园 欢乐向 后宫 妹妹","http://img.wenku8.com/image/0/354/354s.jpg","15岁的聪明国中生海神航竟然高中落榜了…… 真是跌破大家眼镜…… 当他还在懊恼不已时…"
"https://raw.githubusercontent.com/ixinzhi/lightnovel-2009to2013/master/丧神之碑 - 津守时生 - 20090408.epub",270,"https://www.wenku8.net/book/270.htm","title+author","丧神之碑","津守时生","角川文库","已完结","2009-04-08","601K","科幻 耽美","http://img.wenku8.com/image/0/270/270s.jpg","《三千世界之鸦杀》前传，讲的是路西的父亲02与路西的“母亲”拉斐最后的王子马里里亚…"
"https://raw.githubusercontent.com/ixinzhi/lightnovel-2009to2013/master/复仇之虎 - 田中芳树 - 20090330.epub",340,"https://www.wenku8.net/book/340.htm","title+author","复仇之虎","田中芳树","其他文库","已完结","2009-03-30","65K","奇幻 冒险 复仇","http://img.wenku8.com/image/0/340/340s.jpg","在遥远的过去，欧亚大陆中央有一面巨大的湖泊，那里住著一群可以变身为动物，名为「哈…"
"https://raw.githubusercontent.com/ixinzhi/lightnovel-2009to2013/master/巷说百物语 - 京极夏彦 - 20090330.epub",224,"https://www.wenku8.net/book/224.htm","title+author","巷说百物语","京极夏彦","角川文库","已完结/ 已动画化","2009-03-30","547K","奇幻 悬疑","http://img.wenku8.com/image/0/224/224s.jpg","那时候，魃魆魊魈乱舞，魑魅魍魉横行。
嗜奇闻怪谈、旁门左道如命的山冈百介游走于妖…"
"https://raw.githubusercontent.com/ixinzhi/lightnovel-2009to2013/master/伯爵大人的爱情生活 - 高月祭 - 20090330.epub",339,"https://www.wenku8.net/book/339.htm","title+author","伯爵大人的爱情生活","高月祭","其他文库","已完结","2009-03-30","383K","奇幻 耽美","http://img.wenku8.com/image/0/339/339s.jpg","老旧的公寓「樱庄」的管理人比之坂明，家里飞来了一个黑乎乎的不速之客——吸血蝙蝠克…"
"https://raw.githubusercontent.com/ixinzhi/lightnovel-2009to2013/master/吊线木偶症候群 - 乾久留美 - 20090327.epub",321,"https://www.wenku8.net/book/321.htm","title_only","吊线木偶症候群","干胡桃","其他文库","已完结","2009-03-27","55K","科幻 悬疑 女性视角","http://img.wenku8.com/image/0/321/321s.jpg","推理作家干胡桃在2001年的作品。讲的是一个女高中生，在某时刻忽然发现自己的身体被另…"
"https://raw.githubusercontent.com/ixinzhi/lightnovel-2009to2013/master/女神侧身像(北欧女神) - 梅村崇 - 20090327.epub",334,"https://www.wenku8.net/book/334.htm","title+author","女神侧身像(北欧女神)","梅村崇","其他文库","已完结","2009-03-27","231K","奇幻 冒险 战争","http://img.wenku8.com/image/0/334/334s.jpg","为了应对即将到来的神界战争，无数战魂被传送到了统治众神之地阿斯加尔德，他们真正的…"
"https://raw.githubusercontent.com/ixinzhi/lightnovel-2009to2013/master/苍穹之战神 - 冲方丁 - 20090327.epub",324,"https://www.wenku8.net/book/324.htm","title+author","苍穹之战神","冲方丁","电击文库","已完结/ 已动画化","2009-03-27","38K","科幻 战争 机战","http://img.wenku8.com/image/0/324/324s.jpg","真壁一骑是个生长在对日本而言十分乡下的龙宫岛上的少年──对他来说，像这样的和平是…"
"https://raw.githubusercontent.com/ixinzhi/lightnovel-2009to2013/master/Angel voice - 奈须蘑菇 - 20090327.epub",337,"https://www.wenku8.net/book/337.htm","title+author","Angel voice","奈须蘑菇","其他文库","已完结","2009-03-27","13K","奇幻 战斗","/images/noimg.jpg","奈须放在青本上的小说,虽然世界观和设定与其他作品是相同的,但是年代背景是几百年后的…"
"https://raw.githubusercontent.com/ixinzhi/lightnovel-2009to2013/master/贝维克传说 - 冰上慧一 - 20090327.epub",332,"https://www.wenku8.net/book/332.htm","title+author","贝维克传说","冰上慧一","其他文库","已完结","2009-03-27","219K","战争 斗智","http://img.wenku8.com/image/0/332/332s.jpg","以维利亚王国为中心的贝维克同盟，在面临拉兹帝国来势汹汹的武力威胁下，正处于劣势。…"
"https://raw.githubusercontent.com/ixinzhi/lightnovel-2009to2013/master/电波男 - 本田透 - 20090327.epub",325,"https://www.wenku8.net/book/325.htm","title+author","电波男","本田透","其他文库","已完结","2009-03-27","220K","青春 恋爱 宅文化","http://img.wenku8.com/image/0/325/325s.jpg","恋爱这玩意是啥啊？可以吃吗？在现实世界里，恋爱这玩意是实际存在的东西吗？我倒是没…"
"https://raw.githubusercontent.com/ixinzhi/lightnovel-2009to2013/master/白夜的吊钟 - 田中芳树 - 20090327.epub",331,"https://www.wenku8.net/book/331.htm","title+author","白夜的吊钟","田中芳树","其他文库","已完结","2009-03-27","142K","悬疑 冒险 复仇","http://img.wenku8.com/image/0/331/331s.jpg","旅居巴黎的自由佣兵古乡圣司，在佣兵组织老板欧索普的仲介下接受了一份工作。
内容是…"
"https://raw.githubusercontent.com/ixinzhi/lightnovel-2009to2013/master/姑获鸟之夏 - 京极夏彦 - 20090326.epub",311,"https://www.wenku8.net/book/311.htm","title+author","姑获鸟之夏","京极夏彦","其他文库","已完结","2009-03-26","464K","奇幻 悬疑","http://img.wenku8.com/image/0/311/311s.jpg","妇产科医院久远寺家族的女儿怀胎20个月始终无法生产，更诡异的是，她的丈夫在一年半前…"
"https://raw.githubusercontent.com/ixinzhi/lightnovel-2009to2013/master/银之镇魂歌 - 吉原理惠子 - 20090326.epub",312,"https://www.wenku8.net/book/312.htm","title+author","银之镇魂歌","吉原理惠子","少女文库","已完结","2009-03-26","77K","恋爱 耽美","http://img.wenku8.com/image/0/312/312s.jpg","远自太古而起，一切的故事，就是缘于人与人的相遇。
“善”与“恶”，“欢乐”与“绝…"
"https://raw.githubusercontent.com/ixinzhi/lightnovel-2009to2013/master/骨王 - 野村佳 - 20090326.epub",309,"https://www.wenku8.net/book/309.htm","title+author","骨王","野村佳","角川文库","已完结","2009-03-26","150K","科幻 异能 战斗","http://img.wenku8.com/image/0/309/309s.jpg","海翔和表兄叶平一起追查犯人。但是以此为分界线，围绕着他的日常生活却一下子崩溃了。…"
"https://raw.githubusercontent.com/ixinzhi/lightnovel-2009to2013/master/梦幻都市 - 田中芳树 - 20090325.epub",288,"https://www.wenku8.net/book/288.htm","title+author","梦幻都市","田中芳树","其他文库","已完结","2009-03-25","106K","奇幻 悬疑","http://img.wenku8.com/image/0/288/288s.jpg","科幻作家──相马邦生受邀到日本最大的休闲都市──「乌拉尔」演讲，却意外地发现罗曼…"
"https://raw.githubusercontent.com/ixinzhi/lightnovel-2009to2013/master/美丽人生 - 北川悦吏子 - 20090325.epub",286,"https://www.wenku8.net/book/286.htm","title+author","美丽人生","北川悦吏子","角川文库","已完结","2009-03-25","130K","青春 恋爱","http://img.wenku8.com/image/0/286/286s.jpg","冲岛柊二，一个才华尚未被肯定的美发师，他有实力，也有品味，但就是不懂得交际手腕。…"
"https://raw.githubusercontent.com/ixinzhi/lightnovel-2009to2013/master/龙眠 - 宫部美雪 - 20090325.epub",296,"https://www.wenku8.net/book/296.htm","title+author","龙眠","宫部美雪","其他文库","已完结","2009-03-25","193K","奇幻 悬疑","http://img.wenku8.com/image/0/296/296s.jpg","“我失去了原有的能力，而活得很辛苦；但他却因具有额外的能力而痛不欲生。”
一个台…"
"https://raw.githubusercontent.com/ixinzhi/lightnovel-2009to2013/master/魔界转生 - 山田风太郎 - 20090325.epub",290,"https://www.wenku8.net/book/290.htm","title+author","魔界转生","山田风太郎","其他文库","已完结/ 已动画化","2009-03-25","72K","穿越 奇幻 战斗","http://img.wenku8.com/image/0/290/290s.jpg","宫本武藏，早已死去的剑豪复活了！但不是作为自己，而是作为魔人！不再压抑任何欲望的…"
"https://raw.githubusercontent.com/ixinzhi/lightnovel-2009to2013/master/尼罗河女儿 - 丁凡馨 - 20090324.epub",281,"https://www.wenku8.net/book/281.htm","title+author","尼罗河女儿","丁凡馨","其他文库","已完结/ 已动画化","2009-03-24","147K","穿越 恋爱","http://img.wenku8.com/image/0/281/281s.jpg","专攻考古学的美国富家小姐凯罗尔来到古老神秘的埃及。她父亲的公司挖掘了一座古墓，凯…"
"https://raw.githubusercontent.com/ixinzhi/lightnovel-2009to2013/master/尸鬼 - 小野不由美 - 20090323.epub",257,"https://www.wenku8.net/book/257.htm","title+author","尸鬼","小野不由美","其他文库","已完结/ 已动画化","2009-03-23","957K","惊悚 悬疑 黑暗","http://img.wenku8.com/image/0/257/257s.jpg","与世隔绝的外场村只有三千多名居民，至今仍然保留著古老的习俗。骇人听闻的神秘事件在…"
"https://raw.githubusercontent.com/ixinzhi/lightnovel-2009to2013/master/沙耶之歌 - 虚渊玄 - 20090323.epub",262,"https://www.wenku8.net/book/262.htm","title+author","沙耶之歌","虚渊玄","其他文库","已完结","2009-03-23","126K","科幻 猎奇 黑暗 恋爱 人外","http://img.wenku8.com/image/0/262/262s.jpg","医大生匂坂郁纪遭遇了一起严重的交通事故，幸运的是他活了下来。经过一起脑外科手术后…"
"https://raw.githubusercontent.com/ixinzhi/lightnovel-2009to2013/master/杀死龙的方法 - 津守时生 - 20090319.epub",237,"https://www.wenku8.net/book/237.htm","title+author","杀死龙的方法","津守时生","少女文库","已完结","2009-03-19","562K","奇幻 魔法 冒险 战斗 耽美","http://img.wenku8.com/image/0/237/237s.jpg","在王室委托的消灭幻兽任务中，美貌的原圣骑士“闪光”亚肯杰尔遇到了一位身为幻兽猎人…"
"https://raw.githubusercontent.com/ixinzhi/lightnovel-2009to2013/master/消极的快乐、电锯的边缘 - 泷本龙彦 - 20090318.epub",232,"https://www.wenku8.net/book/232.htm","title+author","消极的快乐、电锯的边缘","泷本龙彦","角川文库","已完结","2009-03-18","89K","科幻 青春 恋爱","http://img.wenku8.com/image/0/232/232s.jpg","山本阳介是个极为平凡的高中生，每天被课业及各种烦人的事物追得团团转，平日的生活就…"
"https://raw.githubusercontent.com/ixinzhi/lightnovel-2009to2013/master/xxxHOLiC - 西尾维新 - 20090318.epub",223,"https://www.wenku8.net/book/223.htm","title+author","xxxHOLiC","西尾维新","讲谈社","已完结/ 已动画化","2009-03-18","98K","奇幻 冒险 战斗","http://img.wenku8.com/image/0/223/223s.jpg","『不,幽灵是存在的哦.我们能看的见它,也能摸得到它,还能听到它的声音。但它又是不存在…"
"https://raw.githubusercontent.com/ixinzhi/lightnovel-2009to2013/master/星之梦 - KEY - 20090318.epub",236,"https://www.wenku8.net/book/236.htm","title+author","星之梦","KEY","游戏剧本","已完结","2009-03-18","73K","科幻 恋爱 人外","http://img.wenku8.com/image/0/236/236s.jpg","由于30年前的一场战争，现在整个地球都处于“劫后余生”、“苟延残喘”的状态；在细菌…"
"https://raw.githubusercontent.com/ixinzhi/lightnovel-2009to2013/master/月阳炎 - 杂贺匡 - 20090317.epub",207,"https://www.wenku8.net/book/207.htm","title+author","月阳炎","杂贺匡","其他文库","已完结","2009-03-17","72K","青春 恋爱 后宫","http://img.wenku8.com/image/0/207/207s.jpg","大正末期，嘉神悠志郎为了继承父亲的职务，而展开一场向神职迈进的修行。有一天，从有…"
"https://raw.githubusercontent.com/ixinzhi/lightnovel-2009to2013/master/亚普菲兰特 - 田中芳树 - 20090317.epub",212,"https://www.wenku8.net/book/212.htm","title+author","亚普菲兰特","田中芳树","其他文库","已完结","2009-03-17","118K","冒险 青春 恋爱","http://img.wenku8.com/image/0/212/212s.jpg","在一个地处中欧的小国家「亚普菲兰特」里，一个天大的叛国阴谋正酝酿着....
威鲁，一…"
"https://raw.githubusercontent.com/ixinzhi/lightnovel-2009to2013/master/银河英雄传说外传 - 田中芳树 - 20090317.epub",216,"https://www.wenku8.net/book/216.htm","title+author","银河英雄传说外传","田中芳树","其他文库","已完结/ 已动画化","2009-03-17","484K","科幻 战斗 机战","http://img.wenku8.com/image/0/216/216s.jpg","帝国开基先祖鲁道夫大帝即位后四八六年的今年，宇宙历七九五年，莱因哈特十九岁。
在…"
"https://raw.githubusercontent.com/ixinzhi/lightnovel-2009to2013/master/银河铁道999 - 松本零士 - 20090317.epub",217,"https://www.wenku8.net/book/217.htm","title+author","银河铁道999","松本零士","其他文库","已完结/ 已动画化","2009-03-17","179K","科幻 冒险 恋爱","http://img.wenku8.com/image/0/217/217s.jpg","从前——不！未来的二十一世纪，有一个男孩子，名叫星野铁郎。
他和妈妈一起，住在日…"
"https://raw.githubusercontent.com/ixinzhi/lightnovel-2009to2013/master/银河铁道之夜 - 宫泽贤治 - 20090317.epub",219,"https://www.wenku8.net/book/219.htm","title+author","银河铁道之夜","宫泽贤治","其他文库","已完结/ 已动画化","2009-03-17","29K","科幻","http://img.wenku8.com/image/0/219/219s.jpg","一列闪烁着天光的银河铁道列车拔地而起，飞过一片片熠熠燃烧的天火，飞过被钻石、露水…"
"https://raw.githubusercontent.com/ixinzhi/lightnovel-2009to2013/master/银环计划 - 田中芳树 - 20090317.epub",210,"https://www.wenku8.net/book/210.htm","title+author","银环计划","田中芳树","其他文库","已完结","2009-03-17","13K","科幻","/images/noimg.jpg","冰山陆续往大洋漂流，附近的海流温度下降，一接触温热的大气就产生雾气、乱流与不稳定…"
"https://raw.githubusercontent.com/ixinzhi/lightnovel-2009to2013/master/在世界中心呼唤爱 - 片山恭一 - 20090316.epub",198,"https://www.wenku8.net/book/198.htm","title+author","在世界中心呼唤爱","片山恭一","小学馆","已完结","2009-03-16","68K","青春 恋爱","http://img.wenku8.com/image/0/198/198s.jpg","十年前同在一所高中就读的朔太郎和亚纪是一对纯情的恋人，由相遇、相知、放学后的约会…"
"https://raw.githubusercontent.com/ixinzhi/lightnovel-2009to2013/master/创龙传 - 田中芳树 - 20090313.epub",175,"https://www.wenku8.net/book/175.htm","title+author","创龙传","田中芳树","其他文库","已完结/ 已动画化","2009-03-13","1511K","奇幻 异能 冒险 战斗","http://img.wenku8.com/image/0/175/175s.jpg","经过三千年的沈睡、一百一十七代的转世，正逢二十世纪告终的时刻，恶魔的手向龙堂家四…"
"https://raw.githubusercontent.com/ixinzhi/lightnovel-2009to2013/master/虫师 - 漆原友纪 - 20090313.epub",179,"https://www.wenku8.net/book/179.htm","title+author","虫师","漆原友纪","讲谈社","已完结/ 已动画化","2009-03-13","77K","奇幻","http://img.wenku8.com/image/0/179/179s.jpg","人与虫以及这个世界重叠之时，虫师ginko现身了！
这要从好久好久以前说起──和看惯的…"
"https://raw.githubusercontent.com/ixinzhi/lightnovel-2009to2013/master/DoubleDown 以小博大的勘缲郎 - 西尾维新 - 20090313.epub",171,"https://www.wenku8.net/book/171.htm","title+author","DoubleDown 以小博大的勘缲郎","西尾维新","讲谈社","已完结","2009-03-13","70K","悬疑 斗智 女性视角","http://img.wenku8.com/image/0/171/171s.jpg","京都——河源町御池的十字路口。在这里，萝卜睦美偶然地认识了一个以侦探为志愿的奇妙…"
"https://raw.githubusercontent.com/ixinzhi/lightnovel-2009to2013/master/超妹大战 - 古桥秀之 - 20090313.epub",189,"https://www.wenku8.net/book/189.htm","title+author","超妹大战","古桥秀之","Fami通文库","已完结","2009-03-13","180K","科幻 战斗 冒险 妹妹","http://img.wenku8.com/image/0/189/189s.jpg","天呼地唤、哥哥呼唤，那就是我们的妹妹！乌山兄妹在阴错阳差之下得到能将操控者的妹妹…"
"https://raw.githubusercontent.com/ixinzhi/lightnovel-2009to2013/master/穿越时空的少女 - 筒井康隆 - 20090313.epub",178,"https://www.wenku8.net/book/178.htm","title+author","穿越时空的少女","筒井康隆","其他文库","已完结/ 已动画化","2009-03-13","32K","校园 穿越 科幻 青春 恋爱","http://img.wenku8.com/image/0/178/178s.jpg","放学后，理科实验室里响起一声玻璃碎掉的声音。破碎试管里流出的液体，正微微冒着白气…"
"https://raw.githubusercontent.com/ixinzhi/lightnovel-2009to2013/master/红尘 - 田中芳树 - 20090312.epub",136,"https://www.wenku8.net/book/136.htm","title+author","红尘","田中芳树","其他文库","已完结","2009-03-12","104K","战争","http://img.wenku8.com/image/0/136/136s.jpg","十二世纪中叶的中国，宋朝败给了由北方兴起的女真族所建立的金国，丧失了淮河以北的广…"
"https://raw.githubusercontent.com/ixinzhi/lightnovel-2009to2013/master/海啸 - 田中芳树 - 20090312.epub",138,"https://www.wenku8.net/book/138.htm","title+author","海啸","田中芳树","其他文库","已完结","2009-03-12","129K","战争","http://img.wenku8.com/image/0/138/138s.jpg","江南繁盛一时的大宋帝国，被宛如怒涛般的铁蹄声逐渐逼近。在忽必烈的一声号令下，铁骑…"
"https://raw.githubusercontent.com/ixinzhi/lightnovel-2009to2013/master/罗德斯岛传说 - 水野良 - 20090311.epub",104,"https://www.wenku8.net/book/104.htm","title+author","罗德斯岛传说","水野良","角川文库","已完结/ 已动画化","2009-03-11","561K","奇幻 战争","http://img.wenku8.com/image/0/104/104s.jpg","由英雄战争回溯至三十年前，被诅咒之岛罗德斯，遭遇了前所未有的危机。 
罗德斯岛西南…"
"https://raw.githubusercontent.com/ixinzhi/lightnovel-2009to2013/master/角鸮与夜之王 - 红玉伊月 - 20090311.epub",126,"https://www.wenku8.net/book/126.htm","title+author","角鸮与夜之王","红玉伊月","电击文库","","","","奇幻 人外","http://img.wenku8.com/image/0/126/126s.jpg","在魔物肆虐的夜之森里，出现了一名少女。
她的额头有著「332」的烙印，双手双脚被不可…"
"https://raw.githubusercontent.com/ixinzhi/lightnovel-2009to2013/master/壳中少女 - 冲方丁 - 20090311.epub",115,"https://www.wenku8.net/book/115.htm","title+author","壳中少女","冲方丁","其他文库","已完结/ 已动画化","2009-03-11","390K","科幻 异能 战斗 冒险 悬疑 黑暗","http://img.wenku8.com/image/0/115/115s.jpg","为什么是我？──在赌博师榭尔的残忍设计下，雏妓芭洛特被爆炸火焰所吞蚀。垂死的她被…"
"https://raw.githubusercontent.com/ixinzhi/lightnovel-2009to2013/master/甲贺忍法帖 - 山田风太郎 - 20090311.epub",132,"https://www.wenku8.net/book/132.htm","title+author","甲贺忍法帖","山田风太郎","其他文库","已完结/ 已动画化","2009-03-11","143K","奇幻 异能 战斗 大逃杀","http://img.wenku8.com/image/0/132/132s.jpg","受家康密令，甲贺、伊贺精锐忍者各十名，为了德川家第三代将军的继位问题彼此争战。方…"
"https://raw.githubusercontent.com/ixinzhi/lightnovel-2009to2013/master/绞缬城绮谭 - 田中芳树 - 20090311.epub",123,"https://www.wenku8.net/book/123.htm","title+author","绞缬城绮谭","田中芳树","其他文库","已完结","2009-03-11","93K","犯罪 悬疑 战斗","http://img.wenku8.com/image/0/123/123s.jpg","大唐帝国的繁盛时期，居然有人在首都长安公然贩卖以人血染成的红布！ 偶然从圆仁大师那…"
"https://raw.githubusercontent.com/ixinzhi/lightnovel-2009to2013/master/水夏 - 杂贺匡 - 20090309.epub",69,"https://www.wenku8.net/book/69.htm","title+author","水夏","杂贺匡","其他文库","已完结/ 已动画化","2009-03-09","75K","青春 恋爱 后宫","http://img.wenku8.com/image/0/69/69s.jpg","被海和山所围绕的常磐村 
常磐——这个被赋予了“永远不变”的名字的村庄，就这样迎来…"
"https://raw.githubusercontent.com/ixinzhi/lightnovel-2009to2013/master/我的腐女友 - ペんだふ - 20090309.epub",53,"https://www.wenku8.net/book/53.htm","title_only","我的腐女友","ペんだふ","少女文库","已完结","2009-03-09","144K","青春 恋爱 欢乐向 宅文化","http://img.wenku8.com/image/0/53/53s.jpg","什么是“宅”？什么又是“腐”？乍看之下毫无关系，但似乎又是一体两面。将超人气部落…"
"https://raw.githubusercontent.com/ixinzhi/lightnovel-2009to2013/master/听到涛声(海潮之声) - 冰室冴子 - 20090309.epub",61,"https://www.wenku8.net/book/61.htm","title+author","听到涛声(海潮之声)","冰室冴子","其他文库","已完结/ 已动画化","2009-03-09","173K","青春 恋爱","http://img.wenku8.com/image/0/61/61s.jpg","如果好友松野当初没将她介绍给我认识，要是没和她一块去东京，还莫名其妙同住一个房间…"
"https://raw.githubusercontent.com/ixinzhi/lightnovel-2009to2013/master/最终兵器彼女 - 江良至 - 20090308.epub",27,"https://www.wenku8.net/book/27.htm","title+author","最终兵器彼女","江良至","小学馆","已完结/ 已动画化","2009-03-08","51K","科幻 战争","http://img.wenku8.com/image/0/27/27s.jpg","娇小可怜毫不起眼的高三女孩千濑和不爱表达自己但内心善良的修次是北海道小樽高中的同…"
"https://raw.githubusercontent.com/ixinzhi/lightnovel-2009to2013/master/银河英雄传说 - 田中芳树 - 20090308.epub",34,"https://www.wenku8.net/book/34.htm","title+author","银河英雄传说","田中芳树","其他文库","已完结/ 已动画化","2009-03-08","1525K","科幻 机战 战争","http://img.wenku8.com/image/0/34/34s.jpg","银河中原本三分天下势均力敌的微妙关系，却由于帝国内崛起了一位天才的战略家莱因哈特…"
"https://raw.githubusercontent.com/ixinzhi/lightnovel-2009to2013/master/云之彼端约定之地 - 新海诚 - 20090308.epub",38,"https://www.wenku8.net/book/38.htm","title+author","云之彼端约定之地","新海诚","Fami通文库","已完结/ 已动画化","2009-03-08","29K","科幻 青春 冒险","http://img.wenku8.com/image/0/38/38s.jpg","在一个与现实平行的战后世界，日本以津轻海峡划分成南北两个区域。北方的虾夷，也就是…"
"https://raw.githubusercontent.com/ixinzhi/lightnovel-2022/master/古典部系列(冰果) - 米泽穗信 - UNKNOWN.epub",1163,"https://www.wenku8.net/book/1163.htm","title+author","古典部系列(冰果)","米泽穗信","角川文库","","","","校园 悬疑 青春 恋爱","http://img.wenku8.com/image/1/1163/1163s.jpg","高一夏天，正是将青春尽情挥洒在社团活动与文化祭的日子，濒临废社的「古文社」好不容…"
"https://raw.githubusercontent.com/ixinzhi/lightnovel-2022/master/学战都市Asterisk(学战都市六芒星) - 三屋咲悠 - UNKNOWN.epub",1326,"https://www.wenku8.net/book/1326.htm","title+author","学战都市Asterisk(学战都市六芒星)","三屋咲悠","MF文库J","","","","校园 奇幻 战斗 后宫 青梅竹马","http://img.wenku8.com/image/1/1326/1326s.jpg","——这一刹那，疾风倏现。既柔和又舒畅，而且十分强劲的疾风。
水上学园都市「六花」…"
"https://raw.githubusercontent.com/ixinzhi/lightnovel-2022/master/御神乐学园组曲 - Last Note - UNKNOWN.epub",1778,"https://www.wenku8.net/book/1778.htm","title+author","御神乐学园组曲","Last Note","MF文库J","","","","音乐 校园 异能 百合 女性视角","http://img.wenku8.com/image/1/1778/1778s.jpg","神奇而无敌的学园组曲，开幕！可爱的制服！可爱的女孩子！优雅又华丽的学校生活！
一…"
"https://raw.githubusercontent.com/ixinzhi/lightnovel-2022/master/诸神的差使 - 浅叶なつ - UNKNOWN.epub",1831,"https://www.wenku8.net/book/1831.htm","title+author","诸神的差使","浅叶なつ","电击文库","","","","奇幻 治愈","http://img.wenku8.com/image/1/1831/1831s.jpg","无论任何时代，人的心中都是有所祈求的。
但神的愿望，又有谁能聆听？
因膝盖受伤无…"
"https://raw.githubusercontent.com/ixinzhi/lightnovel-2022/master/转生成蜘蛛又怎样！ - 马场翁 - UNKNOWN.epub",2193,"https://www.wenku8.net/book/2193.htm","title+author","转生成蜘蛛又怎样！","马场翁","角川文库","","","","穿越 冒险 魔法 战斗 群像 人外","http://img.wenku8.com/image/2/2193/2193s.jpg","本该是高中女生的「我」居然在不知不觉间来到未知之地，还转生成「蜘蛛」怪物了！？
…"
"https://raw.githubusercontent.com/ixinzhi/lightnovel-2022/master/魔王勇者 - 橙乃麻麻理 - UNKNOWN.epub",1077,"https://www.wenku8.net/book/1077.htm","title+author","魔王勇者","橙乃麻麻理","Fami通文库","","","","奇幻 冒险 战斗 经营 恋爱","http://img.wenku8.com/image/1/1077/1077s.jpg","魔王与勇者携手同行
替黑暗的中世纪带来光明
《魔王勇者》开始于理应为冒险故事高潮…"
"https://raw.githubusercontent.com/ixinzhi/lightnovel-2022/master/鹫尾须美是勇者(勇者部系列一) - タカヒロ - UNKNOWN.epub",1810,"https://www.wenku8.net/book/1810.htm","title_only","鹫尾须美是勇者(勇者部系列一)","タカヒロ","电击文库","","","","奇幻 战斗 冒险 百合 女性视角","http://img.wenku8.com/image/1/1810/1810s.jpg","这是三名勇者的物语。被神选中的少女们的故事。被神选中的纯洁的少女们。在这尽头的结…"
"https://raw.githubusercontent.com/ixinzhi/lightnovel-2023/master/我们的重制人生 - 木绪なち - UNKNOWN.epub",2478,"https://www.wenku8.net/book/2478.htm","title+author","我们的重制人生","木绪なち","MF文库J","","","","穿越 校园 欢乐向 青春 恋爱 后宫","http://img.wenku8.com/image/2/2478/2478s.jpg","我是桥场恭也，一个前途黯淡的游戏总监。因公司破产、企划夭折而回到故乡老家。因为不…"
"https://raw.githubusercontent.com/ixinzhi/lightnovel-2023/master/打工吧！魔王大人(拼死工作吧！魔王陛下) - 和原聪司 - UNKNOWN.epub",1069,"https://www.wenku8.net/book/1069.htm","title+author","打工吧！魔王大人(拼死工作吧！魔王陛下)","和原聪司","电击文库","","","","奇幻 冒险 欢乐向 职场 后宫 JK","http://img.wenku8.com/image/1/1069/1069s.jpg","离征服世界只差一步的魔王撒旦，却被勇者打败而被迫漂流到了异世界的日本东京一个名叫…"
"https://raw.githubusercontent.com/ixinzhi/lightnovel-2023/master/电波女与青春男 - 入间人间 - UNKNOWN.epub",399,"https://www.wenku8.net/book/399.htm","title+author","电波女与青春男","入间人间","电击文库","","","","校园 青春 恋爱 欢乐向 后宫 妹妹","http://img.wenku8.com/image/0/399/399s.jpg","我的获得青春点数计画（具体来说，就是与女孩子共度酸酸甜甜的高中生活大作战），就在…"
"https://raw.githubusercontent.com/ixinzhi/lightnovel-2023/master/约会大作战(DATE A LIVE) - 橘公司 - UNKNOWN.epub",1143,"https://www.wenku8.net/book/1143.htm","title+author","约会大作战(DATE A LIVE)","橘公司","富士见文库","","","","校园 奇幻 战斗 欢乐向 后宫 妹妹","http://img.wenku8.com/image/1/1143/1143s.jpg","带给世界灾害的「精灵」。
解决方法只有消灭或……约会？
五河士道在春假结束的隔天…"
"https://raw.githubusercontent.com/ixinzhi/lightnovel-2024/master/凉宫春日物语 - 谷川流 - UNKNOWN.epub",102,"https://www.wenku8.net/book/102.htm","title+author","凉宫春日物语","谷川流","角川文库","","","","校园 科幻 青春 恋爱 欢乐向 后宫","http://img.wenku8.com/image/0/102/102s.jpg","第八回「The Sneaker」大赏的受赏作！
「我对普通的一般人没有兴趣喔～如果你们其中有…"
"https://raw.githubusercontent.com/ixinzhi/lightnovel-2024/master/魔法科高中的劣等生(魔法科高校的劣等生) - 佐岛勤 - UNKNOWN.epub",1159,"https://www.wenku8.net/book/1159.htm","title+author","魔法科高中的劣等生(魔法科高校的劣等生)","佐岛勤","电击文库","","","","校园 科幻 魔法 战争 后宫 妹妹","http://img.wenku8.com/image/1/1159/1159s.jpg","魔法。
这不是传说或童话的产物，而是发展至今将近一个世纪的现实技术。
今年春天，…"
"https://raw.githubusercontent.com/ixinzhi/lightnovel-2025/master/OVERLORD不死者之王 - 丸山くがね - UNKNOWN.epub",1592,"https://www.wenku8.net/book/1592.htm","title+author","OVERLORD不死者之王","丸山くがね","Fami通文库","","","","穿越 奇幻 战争 龙傲天 后宫 人外","http://img.wenku8.com/image/1/1592/1592s.jpg","一款席卷游戏界的网路游戏「YGGDRASIL」，有一天突然毫无预警地停止一切服务——原本应…"
"https://raw.githubusercontent.com/ixinzhi/lightnovel-2025/master/Re：从零开始的异世界生活 - 长月达平 - UNKNOWN.epub",1861,"https://www.wenku8.net/book/1861.htm","title+author","Re:从零开始的异世界生活","长月达平","MF文库J","","","","穿越 战斗 冒险 后宫 人外","http://img.wenku8.com/image/1/1861/1861s.jpg","走出便利商店要回家的高中生&#8231;菜月昴突然被召唤到异世界。
这莫非就是很流行的异…"
"https://raw.githubusercontent.com/ixinzhi/lightnovel-2025/master/不正经的魔术讲师与禁忌教典 - 羊太郎 - UNKNOWN.epub",1829,"https://www.wenku8.net/book/1829.htm","title+author","不正经的魔术讲师与禁忌教典","羊太郎","富士见文库","","","","校园 魔法 战斗 冒险 后宫","http://img.wenku8.com/image/1/1829/1829s.jpg","阿尔扎诺帝国魔术学院的约聘讲师葛伦&#8226;雷达斯，是假自习之名行打瞌睡之实的惯犯。…"
"https://raw.githubusercontent.com/ixinzhi/lightnovel-2025/master/东京暗鸦(东京乌鸦) - 字野耕平 - UNKNOWN.epub",912,"https://www.wenku8.net/book/912.htm","title+author","东京暗鸦(东京乌鸦)","字野耕平","富士见文库","","","","校园 奇幻 战斗 后宫 青梅竹马 人外","http://img.wenku8.com/image/0/912/912s.jpg","灵的灾害——灵灾多发的现代东京。
大阴阳师，安倍晴明的子孙——生于名门「土御门」…"
"https://raw.githubusercontent.com/ixinzhi/lightnovel-2025/master/刀剑神域(SAO／ALO／GGO／UW) - 川原砾 - UNKNOWN.epub",471,"https://www.wenku8.net/book/471.htm","title+author","刀剑神域(SAO／ALO／GGO／UW)","川原砾","电击文库","","","","科幻 战斗 冒险 后宫 妹妹","http://img.wenku8.com/image/0/471/471s.jpg","GAME OVER就等于真正的“死亡”——谜样次时代线上游戏“SAO刀剑神域”你，敢来挑战吗…"
"https://raw.githubusercontent.com/ixinzhi/lightnovel-2025/master/刺客守则(暗杀者的慈悲) - 天城ケイ - UNKNOWN.epub",2159,"https://www.wenku8.net/book/2159.htm","title+author","刺客守则(暗杀者的慈悲)","天城ケイ","富士见文库","","","","战斗 冒险 恋爱 后宫","http://img.wenku8.com/image/2/2159/2159s.jpg","「让对方在不晓得何谓绝望的状况下往生，正是刺客的慈悲。」
梅莉达·安杰尔虽然身为…"
"https://raw.githubusercontent.com/ixinzhi/lightnovel-2025/master/噬血狂袭 strike the blood - 三云岳斗 - UNKNOWN.epub",1244,"https://www.wenku8.net/book/1244.htm","title+author","噬血狂袭 strike the blood","三云岳斗","电击文库","","","","校园 异能 战斗 后宫 妹妹 青梅竹马","http://img.wenku8.com/image/1/1244/1244s.jpg","理应只存在于传说中的世界最强吸血鬼「第四真祖」在日本现身了。为了监视并抹杀「第四…"
"https://raw.githubusercontent.com/ixinzhi/lightnovel-2025/master/新约 魔法禁书目录 - 镰池和马 - UNKNOWN.epub",1297,"https://www.wenku8.net/book/1297.htm","title+author","新约 魔法禁书目录","镰池和马","电击文库","","","","校园 科幻 异能 魔法 冒险 后宫","http://img.wenku8.com/image/1/1297/1297s.jpg","轻小说文库注:大人气作品《魔法禁书目录》续篇！
罗马正教暗部「神之右席」最后一名成…"
"https://raw.githubusercontent.com/ixinzhi/lightnovel-2025/master/灼眼的夏娜 - 高桥弥七郎 - UNKNOWN.epub",14,"https://www.wenku8.net/book/14.htm","title+author","灼眼的夏娜","高桥弥七郎","电击文库","","","","校园 奇幻 魔法 战斗 恋爱 后宫","http://img.wenku8.com/image/0/14/14s.jpg","新学期刚开始，高中生．坂井悠二一如往常过著〝日常生活〞。
然而有一天，他冷不防遭…"
"https://raw.githubusercontent.com/ixinzhi/lightnovel-2025/master/绯弹的亚莉亚(绯弹的亚里亚) - 赤松中学 - UNKNOWN.epub",351,"https://www.wenku8.net/book/351.htm","title+author","绯弹的亚莉亚(绯弹的亚里亚)","赤松中学","MF文库J","","","","科幻 悬疑 校园 战斗 后宫 青梅竹马","http://img.wenku8.com/image/0/351/351s.jpg","东京武侦高中是一所专门培育武力侦探──通称「武侦」的特殊学校。侦探科二年级的远山…"
"https://raw.githubusercontent.com/ixinzhi/lightnovel-2025/master/重装武器 - 镰池和马 - UNKNOWN.epub",831,"https://www.wenku8.net/book/831.htm","title+author","重装武器","镰池和马","电击文库","","","","科幻 战争 机战 恋爱","http://img.wenku8.com/image/0/831/831s.jpg","结果战争没有消失。
但是有了变化。在人类默默进行无聊的彼此杀戮之中产生变化。
超…"
